country,year,current_year_export_quantity,prior_year_export_quantity,YoY_growth_pct
Afghanistan,2021,3,6,-0.50
Afghanistan,2020,6,52,-0.88
Afghanistan,2019,52,44,0.18
Afghanistan,2018,44,0,0.00
Afghanistan,2017,0,168,-1.00
Afghanistan,2016,168,0,0.00
Afghanistan,2015,0,1,-1.00
Afghanistan,2014,1,0,0.00
Afghanistan,2013,0,0,0.00
Afghanistan,2012,0,0,0.00
Afghanistan,2011,0,0,0.00
Afghanistan,2010,0,0,0.00
Afghanistan,2009,0,0,0.00
Afghanistan,2008,0,0,0.00
Afghanistan,2007,0,0,0.00
Afghanistan,2006,0,0,0.00
Afghanistan,2005,0,0,0.00
Afghanistan,2004,0,0,0.00
Afghanistan,2003,0,0,0.00
Afghanistan,2002,0,0,0.00
Afghanistan,2001,0,0,0.00
Afghanistan,2000,0,0,0.00
Afghanistan,1999,0,0,0.00
Afghanistan,1998,0,0,0.00
Afghanistan,1997,0,0,0.00
Afghanistan,1996,0,0,0.00
Afghanistan,1995,0,0,0.00
Afghanistan,1994,0,0,0.00
Afghanistan,1993,0,0,0.00
Afghanistan,1992,0,0,0.00
Afghanistan,1991,0,0,0.00
Afghanistan,1990,0,NULL,0.00
Albania,2021,9,4,1.25
Albania,2020,4,0,0.00
Albania,2019,0,0,0.00
Albania,2018,0,0,0.00
Albania,2017,0,0,0.00
Albania,2016,0,0,0.00
Albania,2015,0,0,0.00
Albania,2014,0,1,-1.00
Albania,2013,1,2,-0.50
Albania,2012,2,0,0.00
Albania,2011,0,7,-1.00
Albania,2010,7,0,0.00
Albania,2009,0,3,-1.00
Albania,2008,3,0,0.00
Albania,2007,0,1,-1.00
Albania,2006,1,2,-0.50
Albania,2005,2,0,0.00
Albania,2004,0,0,0.00
Albania,2003,0,0,0.00
Albania,2002,0,0,0.00
Albania,2001,0,0,0.00
Albania,2000,0,0,0.00
Albania,1999,0,19,-1.00
Albania,1998,19,0,0.00
Albania,1997,0,41,-1.00
Albania,1996,41,NULL,0.00
Algeria,2021,9,5,0.80
Algeria,2020,5,3,0.67
Algeria,2019,3,6,-0.50
Algeria,2018,6,1,5.00
Algeria,2017,1,0,0.00
Algeria,2016,0,0,0.00
Algeria,2015,0,0,0.00
Algeria,2014,0,1,-1.00
Algeria,2013,1,0,0.00
Algeria,2012,0,0,0.00
Algeria,2011,0,0,0.00
Algeria,2010,0,0,0.00
Algeria,2009,0,0,0.00
Algeria,2008,0,0,0.00
Algeria,2007,0,1,-1.00
Algeria,2006,1,0,0.00
Algeria,2005,0,0,0.00
Algeria,2004,0,1,-1.00
Algeria,2003,1,0,0.00
Algeria,2002,0,0,0.00
Algeria,2001,0,1,-1.00
Algeria,2000,1,1,0.00
Algeria,1999,1,0,0.00
Algeria,1998,0,0,0.00
Algeria,1997,0,0,0.00
Algeria,1996,0,0,0.00
Algeria,1995,0,0,0.00
Algeria,1994,0,0,0.00
Algeria,1993,0,0,0.00
Algeria,1992,0,0,0.00
Algeria,1991,0,0,0.00
Algeria,1990,0,NULL,0.00
Angola,2021,5,5,0.00
Angola,2020,5,20,-0.75
Angola,2019,20,3,5.67
Angola,2018,3,1,2.00
Angola,2017,1,0,0.00
Angola,2016,0,7,-1.00
Angola,2015,7,0,0.00
Angola,2014,0,0,0.00
Angola,2013,0,150,-1.00
Angola,2012,150,150,0.00
Angola,2011,150,150,0.00
Angola,2010,150,150,0.00
Angola,2009,150,150,0.00
Angola,2008,150,150,0.00
Angola,2007,150,150,0.00
Angola,2006,150,150,0.00
Angola,2005,150,150,0.00
Angola,2004,150,150,0.00
Angola,2003,150,0,0.00
Angola,2002,0,0,0.00
Angola,2001,0,0,0.00
Angola,2000,0,0,0.00
Angola,1999,0,0,0.00
Angola,1998,0,0,0.00
Angola,1997,0,0,0.00
Angola,1996,0,0,0.00
Angola,1995,0,0,0.00
Angola,1994,0,0,0.00
Angola,1993,0,0,0.00
Angola,1992,0,0,0.00
Angola,1991,0,0,0.00
Angola,1990,0,NULL,0.00
"Antigua and Barbuda",2021,46,0,0.00
"Antigua and Barbuda",2020,0,0,0.00
"Antigua and Barbuda",2019,0,0,0.00
"Antigua and Barbuda",2018,0,0,0.00
"Antigua and Barbuda",2017,0,0,0.00
"Antigua and Barbuda",2016,0,0,0.00
"Antigua and Barbuda",2015,0,1,-1.00
"Antigua and Barbuda",2014,1,0,0.00
"Antigua and Barbuda",2013,0,83,-1.00
"Antigua and Barbuda",2012,83,0,0.00
"Antigua and Barbuda",2011,0,0,0.00
"Antigua and Barbuda",2010,0,0,0.00
"Antigua and Barbuda",2009,0,0,0.00
"Antigua and Barbuda",2008,0,0,0.00
"Antigua and Barbuda",2007,0,0,0.00
"Antigua and Barbuda",2006,0,0,0.00
"Antigua and Barbuda",2005,0,0,0.00
"Antigua and Barbuda",2004,0,0,0.00
"Antigua and Barbuda",2003,0,0,0.00
"Antigua and Barbuda",2002,0,0,0.00
"Antigua and Barbuda",2001,0,0,0.00
"Antigua and Barbuda",2000,0,0,0.00
"Antigua and Barbuda",1999,0,0,0.00
"Antigua and Barbuda",1998,0,0,0.00
"Antigua and Barbuda",1997,0,0,0.00
"Antigua and Barbuda",1996,0,0,0.00
"Antigua and Barbuda",1995,0,0,0.00
"Antigua and Barbuda",1994,0,0,0.00
"Antigua and Barbuda",1993,0,0,0.00
"Antigua and Barbuda",1992,0,0,0.00
"Antigua and Barbuda",1991,0,0,0.00
"Antigua and Barbuda",1990,0,NULL,0.00
Argentina,2021,64201,65978,-0.03
Argentina,2020,65978,75322,-0.12
Argentina,2019,75322,72619,0.04
Argentina,2018,72619,74921,-0.03
Argentina,2017,74921,78177,-0.04
Argentina,2016,78177,76029,0.03
Argentina,2015,76029,76892,-0.01
Argentina,2014,76892,77291,-0.01
Argentina,2013,77291,78056,-0.01
Argentina,2012,78056,86650,-0.10
Argentina,2011,86650,85695,0.01
Argentina,2010,85695,69816,0.23
Argentina,2009,69816,77498,-0.10
Argentina,2008,77498,75767,0.02
Argentina,2007,75767,72056,0.05
Argentina,2006,72056,68270,0.06
Argentina,2005,68270,67819,0.01
Argentina,2004,67819,59062,0.15
Argentina,2003,59062,57643,0.02
Argentina,2002,57643,58110,-0.01
Argentina,2001,58110,50000,0.16
Argentina,2000,50000,52144,-0.04
Argentina,1999,52144,58987,-0.12
Argentina,1998,58987,56806,0.04
Argentina,1997,56806,35042,0.62
Argentina,1996,35042,41175,-0.15
Argentina,1995,41175,43355,-0.05
Argentina,1994,43355,44258,-0.02
Argentina,1993,44258,36530,0.21
Argentina,1992,36530,36029,0.01
Argentina,1991,36029,46072,-0.22
Argentina,1990,46072,NULL,0.00
Armenia,2021,91,40,1.28
Armenia,2020,40,12,2.33
Armenia,2019,12,25,-0.52
Armenia,2018,25,13,0.92
Armenia,2017,13,12,0.08
Armenia,2016,12,56,-0.79
Armenia,2015,56,10,4.60
Armenia,2014,10,4,1.50
Armenia,2013,4,4,0.00
Armenia,2012,4,0,0.00
Armenia,2011,0,1,-1.00
Armenia,2010,1,0,0.00
Armenia,2009,0,0,0.00
Armenia,2008,0,0,0.00
Armenia,2007,0,2,-1.00
Armenia,2006,2,3,-0.33
Armenia,2005,3,0,0.00
Armenia,2004,0,0,0.00
Armenia,2003,0,0,0.00
Armenia,2002,0,0,0.00
Armenia,2001,0,0,0.00
Armenia,2000,0,44,-1.00
Armenia,1999,44,0,0.00
Armenia,1998,0,0,0.00
Armenia,1997,0,0,0.00
Armenia,1996,0,14,-1.00
Armenia,1995,14,0,0.00
Armenia,1994,0,NULL,0.00
Australia,2021,1218,1232,-0.01
Australia,2020,1232,1407,-0.12
Australia,2019,1407,1185,0.19
Australia,2018,1185,1366,-0.13
Australia,2017,1366,1371,0.00
Australia,2016,1371,847,0.62
Australia,2015,847,1417,-0.40
Australia,2014,1417,1244,0.14
Australia,2013,1244,828,0.50
Australia,2012,828,1118,-0.26
Australia,2011,1118,1299,-0.14
Australia,2010,1299,1618,-0.20
Australia,2009,1618,1447,0.12
Australia,2008,1447,649,1.23
Australia,2007,649,443,0.47
Australia,2006,443,664,-0.33
Australia,2005,664,650,0.02
Australia,2004,650,811,-0.20
Australia,2003,811,783,0.04
Australia,2002,783,792,-0.01
Australia,2001,792,1777,-0.55
Australia,2000,1777,2424,-0.27
Australia,1999,2424,2655,-0.09
Australia,1998,2655,2979,-0.11
Australia,1997,2979,3123,-0.05
Australia,1996,3123,2463,0.27
Australia,1995,2463,1688,0.46
Australia,1994,1688,344,3.91
Australia,1993,344,214,0.61
Australia,1992,214,273,-0.22
Australia,1991,273,365,-0.25
Australia,1990,365,NULL,0.00
Austria,2021,1284,1149,0.12
Austria,2020,1149,975,0.18
Austria,2019,975,1048,-0.07
Austria,2018,1048,1005,0.04
Austria,2017,1005,1514,-0.34
Austria,2016,1514,1639,-0.08
Austria,2015,1639,2209,-0.26
Austria,2014,2209,2183,0.01
Austria,2013,2183,2089,0.04
Austria,2012,2089,1953,0.07
Austria,2011,1953,2201,-0.11
Austria,2010,2201,1978,0.11
Austria,2009,1978,2098,-0.06
Austria,2008,2098,2343,-0.10
Austria,2007,2343,2066,0.13
Austria,2006,2066,1187,0.74
Austria,2005,1187,804,0.48
Austria,2004,804,779,0.03
Austria,2003,779,442,0.76
Austria,2002,442,594,-0.26
Austria,2001,594,489,0.21
Austria,2000,489,682,-0.28
Austria,1999,682,631,0.08
Austria,1998,631,971,-0.35
Austria,1997,971,651,0.49
Austria,1996,651,794,-0.18
Austria,1995,794,684,0.16
Austria,1994,684,570,0.20
Austria,1993,570,253,1.25
Austria,1992,253,258,-0.02
Austria,1991,258,382,-0.32
Austria,1990,382,NULL,0.00
Azerbaijan,2021,1116,1357,-0.18
Azerbaijan,2020,1357,1506,-0.10
Azerbaijan,2019,1506,1367,0.10
Azerbaijan,2018,1367,0,0.00
Azerbaijan,2017,0,0,0.00
Azerbaijan,2016,0,0,0.00
Azerbaijan,2015,0,5440,-1.00
Azerbaijan,2014,5440,7586,-0.28
Azerbaijan,2013,7586,7036,0.08
Azerbaijan,2012,7036,7520,-0.06
Azerbaijan,2011,7520,8126,-0.07
Azerbaijan,2010,8126,6265,0.30
Azerbaijan,2009,6265,5252,0.19
Azerbaijan,2008,5252,5988,-0.12
Azerbaijan,2007,5988,6422,-0.07
Azerbaijan,2006,6422,5213,0.23
Azerbaijan,2005,5213,6747,-0.23
Azerbaijan,2004,6747,1853,2.64
Azerbaijan,2003,1853,2284,-0.19
Azerbaijan,2002,2284,1571,0.45
Azerbaijan,2001,1571,1229,0.28
Azerbaijan,2000,1229,2468,-0.50
Azerbaijan,1999,2468,1200,1.06
Azerbaijan,1998,1200,1563,-0.23
Azerbaijan,1997,1563,918,0.70
Azerbaijan,1996,918,1274,-0.28
Azerbaijan,1995,1274,1972,-0.35
Azerbaijan,1994,1972,22,88.64
Azerbaijan,1993,22,0,0.00
Azerbaijan,1992,0,NULL,0.00
Bahamas,2021,0,0,0.00
Bahamas,2020,0,0,0.00
Bahamas,2019,0,0,0.00
Bahamas,2018,0,0,0.00
Bahamas,2017,0,0,0.00
Bahamas,2016,0,0,0.00
Bahamas,2015,0,0,0.00
Bahamas,2014,0,0,0.00
Bahamas,2013,0,0,0.00
Bahamas,2012,0,0,0.00
Bahamas,2011,0,0,0.00
Bahamas,2010,0,1,-1.00
Bahamas,2009,1,0,0.00
Bahamas,2008,0,0,0.00
Bahamas,2007,0,0,0.00
Bahamas,2006,0,0,0.00
Bahamas,2005,0,0,0.00
Bahamas,2004,0,1,-1.00
Bahamas,2003,1,19,-0.95
Bahamas,2002,19,19,0.00
Bahamas,2001,19,47,-0.60
Bahamas,2000,47,0,0.00
Bahamas,1999,0,0,0.00
Bahamas,1998,0,0,0.00
Bahamas,1997,0,0,0.00
Bahamas,1996,0,0,0.00
Bahamas,1995,0,0,0.00
Bahamas,1994,0,0,0.00
Bahamas,1993,0,0,0.00
Bahamas,1992,0,0,0.00
Bahamas,1991,0,0,0.00
Bahamas,1990,0,NULL,0.00
Bahrain,2021,29,12,1.42
Bahrain,2020,12,35,-0.66
Bahrain,2019,35,17,1.06
Bahrain,2018,17,43,-0.60
Bahrain,2017,43,44,-0.02
Bahrain,2016,44,8,4.50
Bahrain,2015,8,20,-0.60
Bahrain,2014,20,3,5.67
Bahrain,2013,3,4,-0.25
Bahrain,2012,4,25,-0.84
Bahrain,2011,25,10,1.50
Bahrain,2010,10,2,4.00
Bahrain,2009,2,3,-0.33
Bahrain,2008,3,3,0.00
Bahrain,2007,3,17,-0.82
Bahrain,2006,17,28,-0.39
Bahrain,2005,28,120,-0.77
Bahrain,2004,120,46,1.61
Bahrain,2003,46,19,1.42
Bahrain,2002,19,0,0.00
Bahrain,2001,0,0,0.00
Bahrain,2000,0,0,0.00
Bahrain,1999,0,0,0.00
Bahrain,1998,0,0,0.00
Bahrain,1997,0,0,0.00
Bahrain,1996,0,0,0.00
Bahrain,1995,0,0,0.00
Bahrain,1994,0,0,0.00
Bahrain,1993,0,0,0.00
Bahrain,1992,0,0,0.00
Bahrain,1991,0,0,0.00
Bahrain,1990,0,NULL,0.00
Bangladesh,2021,869,2225,-0.61
Bangladesh,2020,2225,880,1.53
Bangladesh,2019,880,949,-0.07
Bangladesh,2018,949,2149,-0.56
Bangladesh,2017,2149,721,1.98
Bangladesh,2016,721,574,0.26
Bangladesh,2015,574,2475,-0.77
Bangladesh,2014,2475,665,2.72
Bangladesh,2013,665,838,-0.21
Bangladesh,2012,838,945,-0.11
Bangladesh,2011,945,1981,-0.52
Bangladesh,2010,1981,5339,-0.63
Bangladesh,2009,5339,8259,-0.35
Bangladesh,2008,8259,5269,0.57
Bangladesh,2007,5269,7842,-0.33
Bangladesh,2006,7842,12560,-0.38
Bangladesh,2005,12560,10635,0.18
Bangladesh,2004,10635,7348,0.45
Bangladesh,2003,7348,3964,0.85
Bangladesh,2002,3964,6400,-0.38
Bangladesh,2001,6400,11000,-0.42
Bangladesh,2000,11000,21494,-0.49
Bangladesh,1999,21494,25049,-0.14
Bangladesh,1998,25049,21740,0.15
Bangladesh,1997,21740,20981,0.04
Bangladesh,1996,20981,26430,-0.21
Bangladesh,1995,26430,29040,-0.09
Bangladesh,1994,29040,29620,-0.02
Bangladesh,1993,29620,24990,0.19
Bangladesh,1992,24990,26862,-0.07
Bangladesh,1991,26862,21126,0.27
Bangladesh,1990,21126,NULL,0.00
Barbados,2021,2,2,0.00
Barbados,2020,2,2,0.00
Barbados,2019,2,2,0.00
Barbados,2018,2,3,-0.33
Barbados,2017,3,10,-0.70
Barbados,2016,10,3,2.33
Barbados,2015,3,2,0.50
Barbados,2014,2,3,-0.33
Barbados,2013,3,2,0.50
Barbados,2012,2,1,1.00
Barbados,2011,1,2,-0.50
Barbados,2010,2,1,1.00
Barbados,2009,1,1,0.00
Barbados,2008,1,1,0.00
Barbados,2007,1,3,-0.67
Barbados,2006,3,6,-0.50
Barbados,2005,6,0,0.00
Barbados,2004,0,0,0.00
Barbados,2003,0,3,-1.00
Barbados,2002,3,30,-0.90
Barbados,2001,30,41,-0.27
Barbados,2000,41,41,0.00
Barbados,1999,41,49,-0.16
Barbados,1998,49,40,0.23
Barbados,1997,40,17,1.35
Barbados,1996,17,2,7.50
Barbados,1995,2,1,1.00
Barbados,1994,1,0,0.00
Barbados,1993,0,0,0.00
Barbados,1992,0,0,0.00
Barbados,1991,0,0,0.00
Barbados,1990,0,NULL,0.00
Belarus,2021,1081,731,0.48
Belarus,2020,731,493,0.48
Belarus,2019,493,351,0.40
Belarus,2018,351,182,0.93
Belarus,2017,182,151,0.21
Belarus,2016,151,42,2.60
Belarus,2015,42,24,0.75
Belarus,2014,24,389,-0.94
Belarus,2013,389,368,0.06
Belarus,2012,368,177,1.08
Belarus,2011,177,19,8.32
Belarus,2010,19,5,2.80
Belarus,2009,5,60,-0.92
Belarus,2008,60,40,0.50
Belarus,2007,40,59,-0.32
Belarus,2006,59,90,-0.34
Belarus,2005,90,112,-0.20
Belarus,2004,112,164,-0.32
Belarus,2003,164,321,-0.49
Belarus,2002,321,181,0.77
Belarus,2001,181,293,-0.38
Belarus,2000,293,230,0.27
Belarus,1999,230,845,-0.73
Belarus,1998,845,204,3.14
Belarus,1997,204,31,5.58
Belarus,1996,31,6,4.17
Belarus,1995,6,0,0.00
Belarus,1994,0,0,0.00
Belarus,1993,0,0,0.00
Belarus,1992,0,NULL,0.00
Belgium,2021,8748,9572,-0.09
Belgium,2020,9572,12084,-0.21
Belgium,2019,12084,11182,0.08
Belgium,2018,11182,14063,-0.20
Belgium,2017,14063,14385,-0.02
Belgium,2016,14385,14531,-0.01
Belgium,2015,14531,14334,0.01
Belgium,2014,14334,13323,0.08
Belgium,2013,13323,15050,-0.11
Belgium,2012,15050,15397,-0.02
Belgium,2011,15397,10082,0.53
Belgium,2010,10082,7859,0.28
Belgium,2009,7859,8167,-0.04
Belgium,2008,8167,8075,0.01
Belgium,2007,8075,7002,0.15
Belgium,2006,7002,5229,0.34
Belgium,2005,5229,6049,-0.14
Belgium,2004,6049,7750,-0.22
Belgium,2003,7750,7766,0.00
Belgium,2002,7766,4821,0.61
Belgium,2001,4821,10859,-0.56
Belgium,2000,10859,NULL,0.00
Belgium-Luxembourg,1999,5981,4938,0.21
Belgium-Luxembourg,1998,4938,3992,0.24
Belgium-Luxembourg,1997,3992,4093,-0.02
Belgium-Luxembourg,1996,4093,3102,0.32
Belgium-Luxembourg,1995,3102,4636,-0.33
Belgium-Luxembourg,1994,4636,3627,0.28
Belgium-Luxembourg,1993,3627,2047,0.77
Belgium-Luxembourg,1992,2047,1537,0.33
Belgium-Luxembourg,1991,1537,1397,0.10
Belgium-Luxembourg,1990,1397,NULL,0.00
Belize,2021,8,6,0.33
Belize,2020,6,4,0.50
Belize,2019,4,5,-0.20
Belize,2018,5,0,0.00
Belize,2017,0,0,0.00
Belize,2016,0,0,0.00
Belize,2015,0,0,0.00
Belize,2014,0,0,0.00
Belize,2013,0,0,0.00
Belize,2012,0,2,-1.00
Belize,2011,2,0,0.00
Belize,2010,0,0,0.00
Belize,2009,0,0,0.00
Belize,2008,0,5,-1.00
Belize,2007,5,0,0.00
Belize,2006,0,6,-1.00
Belize,2005,6,0,0.00
Belize,2004,0,5,-1.00
Belize,2003,5,0,0.00
Belize,2002,0,0,0.00
Belize,2001,0,199,-1.00
Belize,2000,199,0,0.00
Belize,1999,0,0,0.00
Belize,1998,0,0,0.00
Belize,1997,0,2,-1.00
Belize,1996,2,0,0.00
Belize,1995,0,2,-1.00
Belize,1994,2,1,1.00
Belize,1993,1,8,-0.88
Belize,1992,8,8,0.00
Belize,1991,8,20,-0.60
Belize,1990,20,NULL,0.00
Benin,2021,0,0,0.00
Benin,2020,0,0,0.00
Benin,2019,0,2962,-1.00
Benin,2018,2962,0,0.00
Benin,2017,0,1,-1.00
Benin,2016,1,22,-0.95
Benin,2015,22,0,0.00
Benin,2014,0,0,0.00
Benin,2013,0,0,0.00
Benin,2012,0,0,0.00
Benin,2011,0,0,0.00
Benin,2010,0,0,0.00
Benin,2009,0,0,0.00
Benin,2008,0,0,0.00
Benin,2007,0,0,0.00
Benin,2006,0,0,0.00
Benin,2005,0,0,0.00
Benin,2004,0,0,0.00
Benin,2003,0,0,0.00
Benin,2002,0,0,0.00
Benin,2001,0,0,0.00
Benin,2000,0,0,0.00
Benin,1999,0,0,0.00
Benin,1998,0,0,0.00
Benin,1997,0,0,0.00
Benin,1996,0,0,0.00
Benin,1995,0,0,0.00
Benin,1994,0,0,0.00
Benin,1993,0,0,0.00
Benin,1992,0,0,0.00
Benin,1991,0,0,0.00
Benin,1990,0,NULL,0.00
Bhutan,2021,0,0,0.00
Bhutan,2020,0,0,0.00
Bhutan,2019,0,0,0.00
Bhutan,2018,0,0,0.00
Bhutan,2017,0,0,0.00
Bhutan,2016,0,0,0.00
Bhutan,2015,0,0,0.00
Bhutan,2014,0,0,0.00
Bhutan,2013,0,0,0.00
Bhutan,2012,0,0,0.00
Bhutan,2011,0,0,0.00
Bhutan,2010,0,0,0.00
Bhutan,2009,0,0,0.00
Bhutan,2008,0,0,0.00
Bhutan,2007,0,9,-1.00
Bhutan,2006,9,0,0.00
Bhutan,2005,0,0,0.00
Bhutan,2004,0,0,0.00
Bhutan,2003,0,2,-1.00
Bhutan,2002,2,2,0.00
Bhutan,2001,2,2,0.00
Bhutan,2000,2,2,0.00
Bhutan,1999,2,2,0.00
Bhutan,1998,2,2,0.00
Bhutan,1997,2,0,0.00
Bhutan,1996,0,0,0.00
Bhutan,1995,0,0,0.00
Bhutan,1994,0,0,0.00
Bhutan,1993,0,0,0.00
Bhutan,1992,0,0,0.00
Bhutan,1991,0,0,0.00
Bhutan,1990,0,NULL,0.00
Bolivia,2021,0,0,0.00
Bolivia,2020,0,1,-1.00
Bolivia,2019,1,13,-0.92
Bolivia,2018,13,7,0.86
Bolivia,2017,7,6,0.17
Bolivia,2016,6,9,-0.33
Bolivia,2015,9,5,0.80
Bolivia,2014,5,5,0.00
Bolivia,2013,5,12,-0.58
Bolivia,2012,12,15,-0.20
Bolivia,2011,15,11,0.36
Bolivia,2010,11,7,0.57
Bolivia,2009,7,8,-0.13
Bolivia,2008,8,7,0.14
Bolivia,2007,7,14,-0.50
Bolivia,2006,14,23,-0.39
Bolivia,2005,23,5,3.60
Bolivia,2004,5,0,0.00
Bolivia,2003,0,0,0.00
Bolivia,2002,0,1,-1.00
Bolivia,2001,1,1,0.00
Bolivia,2000,1,0,0.00
Bolivia,1999,0,0,0.00
Bolivia,1998,0,0,0.00
Bolivia,1997,0,0,0.00
Bolivia,1996,0,0,0.00
Bolivia,1995,0,0,0.00
Bolivia,1994,0,0,0.00
Bolivia,1993,0,0,0.00
Bolivia,1992,0,0,0.00
Bolivia,1991,0,0,0.00
Bolivia,1990,0,NULL,0.00
"Bosnia and Herzegovina",2021,2,10,-0.80
"Bosnia and Herzegovina",2020,10,1,9.00
"Bosnia and Herzegovina",2019,1,1,0.00
"Bosnia and Herzegovina",2018,1,1,0.00
"Bosnia and Herzegovina",2017,1,1,0.00
"Bosnia and Herzegovina",2016,1,1,0.00
"Bosnia and Herzegovina",2015,1,0,0.00
"Bosnia and Herzegovina",2014,0,1,-1.00
"Bosnia and Herzegovina",2013,1,1,0.00
"Bosnia and Herzegovina",2012,1,1,0.00
"Bosnia and Herzegovina",2011,1,8,-0.88
"Bosnia and Herzegovina",2010,8,4,1.00
"Bosnia and Herzegovina",2009,4,2,1.00
"Bosnia and Herzegovina",2008,2,9,-0.78
"Bosnia and Herzegovina",2007,9,10,-0.10
"Bosnia and Herzegovina",2006,10,6,0.67
"Bosnia and Herzegovina",2005,6,1,5.00
"Bosnia and Herzegovina",2004,1,4,-0.75
"Bosnia and Herzegovina",2003,4,0,0.00
"Bosnia and Herzegovina",2002,0,0,0.00
"Bosnia and Herzegovina",2001,0,0,0.00
"Bosnia and Herzegovina",2000,0,0,0.00
"Bosnia and Herzegovina",1999,0,0,0.00
"Bosnia and Herzegovina",1998,0,0,0.00
"Bosnia and Herzegovina",1997,0,0,0.00
"Bosnia and Herzegovina",1996,0,0,0.00
"Bosnia and Herzegovina",1995,0,0,0.00
"Bosnia and Herzegovina",1994,0,0,0.00
"Bosnia and Herzegovina",1993,0,0,0.00
"Bosnia and Herzegovina",1992,0,NULL,0.00
Botswana,2021,0,0,0.00
Botswana,2020,0,0,0.00
Botswana,2019,0,1,-1.00
Botswana,2018,1,3,-0.67
Botswana,2017,3,4,-0.25
Botswana,2016,4,1,3.00
Botswana,2015,1,6,-0.83
Botswana,2014,6,2,2.00
Botswana,2013,2,17,-0.88
Botswana,2012,17,3,4.67
Botswana,2011,3,6,-0.50
Botswana,2010,6,13,-0.54
Botswana,2009,13,9,0.44
Botswana,2008,9,2,3.50
Botswana,2007,2,0,0.00
Botswana,2006,0,0,0.00
Botswana,2005,0,0,0.00
Botswana,2004,0,9,-1.00
Botswana,2003,9,33,-0.73
Botswana,2002,33,32,0.03
Botswana,2001,32,211,-0.85
Botswana,2000,211,42,4.02
Botswana,1999,42,53,-0.21
Botswana,1998,53,58,-0.09
Botswana,1997,58,33,0.76
Botswana,1996,33,2,15.50
Botswana,1995,2,14,-0.86
Botswana,1994,14,5,1.80
Botswana,1993,5,18,-0.72
Botswana,1992,18,26,-0.31
Botswana,1991,26,23,0.13
Botswana,1990,23,NULL,0.00
Brazil,2021,182,235,-0.23
Brazil,2020,235,305,-0.23
Brazil,2019,305,227,0.34
Brazil,2018,227,297,-0.24
Brazil,2017,297,367,-0.19
Brazil,2016,367,399,-0.08
Brazil,2015,399,447,-0.11
Brazil,2014,447,623,-0.28
Brazil,2013,623,1643,-0.62
Brazil,2012,1643,1965,-0.16
Brazil,2011,1965,2542,-0.23
Brazil,2010,2542,2326,0.09
Brazil,2009,2326,3034,-0.23
Brazil,2008,3034,3298,-0.08
Brazil,2007,3298,3238,0.02
Brazil,2006,3238,3407,-0.05
Brazil,2005,3407,3593,-0.05
Brazil,2004,3593,4209,-0.15
Brazil,2003,4209,3979,0.06
Brazil,2002,3979,4082,-0.03
Brazil,2001,4082,3714,0.10
Brazil,2000,3714,2914,0.27
Brazil,1999,2914,3208,-0.09
Brazil,1998,3208,3404,-0.06
Brazil,1997,3404,3891,-0.13
Brazil,1996,3891,7252,-0.46
Brazil,1995,7252,8377,-0.13
Brazil,1994,8377,8335,0.01
Brazil,1993,8335,8211,0.02
Brazil,1992,8211,7347,0.12
Brazil,1991,7347,7976,-0.08
Brazil,1990,7976,NULL,0.00
Brunei,2021,1,1,0.00
Brunei,2020,1,7,-0.86
Brunei,2019,7,2,2.50
Brunei,2018,2,1,1.00
Brunei,2017,1,0,0.00
Brunei,2016,0,0,0.00
Brunei,2015,0,0,0.00
Brunei,2014,0,3,-1.00
Brunei,2013,3,53,-0.94
Brunei,2012,53,53,0.00
Brunei,2011,53,53,0.00
Brunei,2010,53,53,0.00
Brunei,2009,53,12,3.42
Brunei,2008,12,12,0.00
Brunei,2007,12,3,3.00
Brunei,2006,3,0,0.00
Brunei,2005,0,0,0.00
Brunei,2004,0,0,0.00
Brunei,2003,0,0,0.00
Brunei,2002,0,36,-1.00
Brunei,2001,36,30,0.20
Brunei,2000,30,25,0.20
Brunei,1999,25,5,4.00
Brunei,1998,5,0,0.00
Brunei,1997,0,0,0.00
Brunei,1996,0,0,0.00
Brunei,1995,0,0,0.00
Brunei,1994,0,0,0.00
Brunei,1993,0,0,0.00
Brunei,1992,0,0,0.00
Brunei,1991,0,20,-1.00
Brunei,1990,20,NULL,0.00
"Brunei Darussalam",2021,0,0,0.00
"Brunei Darussalam",2020,0,0,0.00
"Brunei Darussalam",2019,0,0,0.00
"Brunei Darussalam",2018,0,0,0.00
"Brunei Darussalam",2017,0,0,0.00
"Brunei Darussalam",2016,0,0,0.00
"Brunei Darussalam",2015,0,0,0.00
"Brunei Darussalam",2014,0,0,0.00
"Brunei Darussalam",2013,0,0,0.00
"Brunei Darussalam",2012,0,0,0.00
"Brunei Darussalam",2011,0,0,0.00
"Brunei Darussalam",2010,0,0,0.00
"Brunei Darussalam",2009,0,0,0.00
"Brunei Darussalam",2008,0,0,0.00
"Brunei Darussalam",2007,0,0,0.00
"Brunei Darussalam",2006,0,0,0.00
"Brunei Darussalam",2005,0,0,0.00
"Brunei Darussalam",2004,0,0,0.00
"Brunei Darussalam",2003,0,0,0.00
"Brunei Darussalam",2002,0,0,0.00
"Brunei Darussalam",2001,0,0,0.00
"Brunei Darussalam",2000,0,0,0.00
"Brunei Darussalam",1999,0,0,0.00
"Brunei Darussalam",1998,0,0,0.00
"Brunei Darussalam",1997,0,0,0.00
"Brunei Darussalam",1996,0,0,0.00
"Brunei Darussalam",1995,0,0,0.00
"Brunei Darussalam",1994,0,0,0.00
"Brunei Darussalam",1993,0,0,0.00
"Brunei Darussalam",1992,0,0,0.00
"Brunei Darussalam",1991,0,0,0.00
"Brunei Darussalam",1990,0,NULL,0.00
Bulgaria,2021,19,50,-0.62
Bulgaria,2020,50,465,-0.89
Bulgaria,2019,465,776,-0.40
Bulgaria,2018,776,583,0.33
Bulgaria,2017,583,471,0.24
Bulgaria,2016,471,179,1.63
Bulgaria,2015,179,66,1.71
Bulgaria,2014,66,27,1.44
Bulgaria,2013,27,45,-0.40
Bulgaria,2012,45,21,1.14
Bulgaria,2011,21,12,0.75
Bulgaria,2010,12,3,3.00
Bulgaria,2009,3,17,-0.82
Bulgaria,2008,17,3,4.67
Bulgaria,2007,3,4,-0.25
Bulgaria,2006,4,3,0.33
Bulgaria,2005,3,4,-0.25
Bulgaria,2004,4,2,1.00
Bulgaria,2003,2,19,-0.89
Bulgaria,2002,19,494,-0.96
Bulgaria,2001,494,50,8.88
Bulgaria,2000,50,50,0.00
Bulgaria,1999,50,44,0.14
Bulgaria,1998,44,39,0.13
Bulgaria,1997,39,84,-0.54
Bulgaria,1996,84,66,0.27
Bulgaria,1995,66,604,-0.89
Bulgaria,1994,604,296,1.04
Bulgaria,1993,296,0,0.00
Bulgaria,1992,0,0,0.00
Bulgaria,1991,0,0,0.00
Bulgaria,1990,0,NULL,0.00
"Burkina Faso",2021,16,18,-0.11
"Burkina Faso",2020,18,0,0.00
"Burkina Faso",2019,0,0,0.00
"Burkina Faso",2018,0,0,0.00
"Burkina Faso",2017,0,5,-1.00
"Burkina Faso",2016,5,0,0.00
"Burkina Faso",2015,0,1,-1.00
"Burkina Faso",2014,1,5,-0.80
"Burkina Faso",2013,5,0,0.00
"Burkina Faso",2012,0,0,0.00
"Burkina Faso",2011,0,39,-1.00
"Burkina Faso",2010,39,0,0.00
"Burkina Faso",2009,0,2,-1.00
"Burkina Faso",2008,2,2,0.00
"Burkina Faso",2007,2,10,-0.80
"Burkina Faso",2006,10,1,9.00
"Burkina Faso",2005,1,0,0.00
"Burkina Faso",2004,0,5,-1.00
"Burkina Faso",2003,5,0,0.00
"Burkina Faso",2002,0,0,0.00
"Burkina Faso",2001,0,0,0.00
"Burkina Faso",2000,0,0,0.00
"Burkina Faso",1999,0,0,0.00
"Burkina Faso",1998,0,0,0.00
"Burkina Faso",1997,0,0,0.00
"Burkina Faso",1996,0,0,0.00
"Burkina Faso",1995,0,0,0.00
"Burkina Faso",1994,0,0,0.00
"Burkina Faso",1993,0,0,0.00
"Burkina Faso",1992,0,0,0.00
"Burkina Faso",1991,0,0,0.00
"Burkina Faso",1990,0,NULL,0.00
Burundi,2021,11388,9122,0.25
Burundi,2020,9122,10086,-0.10
Burundi,2019,10086,10495,-0.04
Burundi,2018,10495,9577,0.10
Burundi,2017,9577,10654,-0.10
Burundi,2016,10654,10032,0.06
Burundi,2015,10032,10444,-0.04
Burundi,2014,10444,10062,0.04
Burundi,2013,10062,9730,0.03
Burundi,2012,9730,3721,1.61
Burundi,2011,3721,7769,-0.52
Burundi,2010,7769,6454,0.20
Burundi,2009,6454,6149,0.05
Burundi,2008,6149,2437,1.52
Burundi,2007,2437,5974,-0.59
Burundi,2006,5974,746,7.01
Burundi,2005,746,753,-0.01
Burundi,2004,753,792,-0.05
Burundi,2003,792,638,0.24
Burundi,2002,638,8706,-0.93
Burundi,2001,8706,3482,1.50
Burundi,2000,3482,1639,1.12
Burundi,1999,1639,6072,-0.73
Burundi,1998,6072,6330,-0.04
Burundi,1997,6330,3939,0.61
Burundi,1996,3939,6678,-0.41
Burundi,1995,6678,6605,0.01
Burundi,1994,6605,5281,0.25
Burundi,1993,5281,5696,-0.07
Burundi,1992,5696,5143,0.11
Burundi,1991,5143,3920,0.31
Burundi,1990,3920,NULL,0.00
"Cabo Verde",2021,0,0,0.00
"Cabo Verde",2019,0,0,0.00
"Cabo Verde",2018,0,0,0.00
"Cabo Verde",2017,0,0,0.00
"Cabo Verde",2016,0,0,0.00
"Cabo Verde",2015,0,0,0.00
"Cabo Verde",2014,0,0,0.00
"Cabo Verde",2013,0,0,0.00
"Cabo Verde",2012,0,0,0.00
"Cabo Verde",2011,0,0,0.00
"Cabo Verde",2010,0,0,0.00
"Cabo Verde",2009,0,0,0.00
"Cabo Verde",2008,0,0,0.00
"Cabo Verde",2007,0,0,0.00
"Cabo Verde",2006,0,0,0.00
"Cabo Verde",2005,0,0,0.00
"Cabo Verde",2004,0,0,0.00
"Cabo Verde",2003,0,0,0.00
"Cabo Verde",2002,0,0,0.00
"Cabo Verde",2001,0,0,0.00
"Cabo Verde",2000,0,0,0.00
"Cabo Verde",1999,0,0,0.00
"Cabo Verde",1998,0,0,0.00
"Cabo Verde",1997,0,0,0.00
"Cabo Verde",1996,0,0,0.00
"Cabo Verde",1995,0,0,0.00
"Cabo Verde",1994,0,0,0.00
"Cabo Verde",1993,0,0,0.00
"Cabo Verde",1992,0,0,0.00
"Cabo Verde",1991,0,0,0.00
"Cabo Verde",1990,0,NULL,0.00
Cambodia,2021,0,0,0.00
Cambodia,2020,0,1,-1.00
Cambodia,2019,1,0,0.00
Cambodia,2018,0,0,0.00
Cambodia,2017,0,0,0.00
Cambodia,2016,0,0,0.00
Cambodia,2015,0,0,0.00
Cambodia,2014,0,0,0.00
Cambodia,2013,0,0,0.00
Cambodia,2012,0,0,0.00
Cambodia,2011,0,0,0.00
Cambodia,2010,0,0,0.00
Cambodia,2009,0,0,0.00
Cambodia,2008,0,0,0.00
Cambodia,2007,0,0,0.00
Cambodia,2006,0,0,0.00
Cambodia,2005,0,0,0.00
Cambodia,2004,0,7,-1.00
Cambodia,2003,7,0,0.00
Cambodia,2002,0,0,0.00
Cambodia,2001,0,0,0.00
Cambodia,2000,0,0,0.00
Cambodia,1999,0,0,0.00
Cambodia,1998,0,0,0.00
Cambodia,1997,0,0,0.00
Cambodia,1996,0,0,0.00
Cambodia,1995,0,0,0.00
Cambodia,1994,0,0,0.00
Cambodia,1993,0,0,0.00
Cambodia,1992,0,0,0.00
Cambodia,1991,0,0,0.00
Cambodia,1990,0,NULL,0.00
Cameroon,2021,5,20,-0.75
Cameroon,2020,20,89,-0.78
Cameroon,2019,89,5,16.80
Cameroon,2018,5,11,-0.55
Cameroon,2017,11,21,-0.48
Cameroon,2016,21,21,0.00
Cameroon,2015,21,15,0.40
Cameroon,2014,15,0,0.00
Cameroon,2013,0,0,0.00
Cameroon,2012,0,1,-1.00
Cameroon,2011,1,1,0.00
Cameroon,2010,1,2,-0.50
Cameroon,2009,2,19,-0.89
Cameroon,2008,19,0,0.00
Cameroon,2007,0,18,-1.00
Cameroon,2006,18,113,-0.84
Cameroon,2005,113,0,0.00
Cameroon,2004,0,1,-1.00
Cameroon,2003,1,0,0.00
Cameroon,2002,0,0,0.00
Cameroon,2001,0,0,0.00
Cameroon,2000,0,2,-1.00
Cameroon,1999,2,0,0.00
Cameroon,1998,0,0,0.00
Cameroon,1997,0,76,-1.00
Cameroon,1996,76,253,-0.70
Cameroon,1995,253,0,0.00
Cameroon,1994,0,129,-1.00
Cameroon,1993,129,0,0.00
Cameroon,1992,0,45,-1.00
Cameroon,1991,45,3262,-0.99
Cameroon,1990,3262,NULL,0.00
Canada,2021,1858,3018,-0.38
Canada,2020,3018,3248,-0.07
Canada,2019,3248,2681,0.21
Canada,2018,2681,3005,-0.11
Canada,2017,3005,2442,0.23
Canada,2016,2442,2265,0.08
Canada,2015,2265,2043,0.11
Canada,2014,2043,2326,-0.12
Canada,2013,2326,2517,-0.08
Canada,2012,2517,2227,0.13
Canada,2011,2227,2366,-0.06
Canada,2010,2366,3007,-0.21
Canada,2009,3007,3247,-0.07
Canada,2008,3247,3799,-0.15
Canada,2007,3799,3482,0.09
Canada,2006,3482,3171,0.10
Canada,2005,3171,2742,0.16
Canada,2004,2742,2001,0.37
Canada,2003,2001,1211,0.65
Canada,2002,1211,1120,0.08
Canada,2001,1120,1335,-0.16
Canada,2000,1335,719,0.86
Canada,1999,719,657,0.09
Canada,1998,657,517,0.27
Canada,1997,517,518,0.00
Canada,1996,518,432,0.20
Canada,1995,432,437,-0.01
Canada,1994,437,496,-0.12
Canada,1993,496,571,-0.13
Canada,1992,571,551,0.04
Canada,1991,551,367,0.50
Canada,1990,367,NULL,0.00
"Central African Republic",2021,0,0,0.00
"Central African Republic",2020,0,0,0.00
"Central African Republic",2019,0,0,0.00
"Central African Republic",2018,0,0,0.00
"Central African Republic",2013,0,0,0.00
"Central African Republic",2012,0,0,0.00
"Central African Republic",2011,0,0,0.00
"Central African Republic",2010,0,0,0.00
"Central African Republic",2009,0,0,0.00
"Central African Republic",2008,0,0,0.00
"Central African Republic",2007,0,0,0.00
"Central African Republic",2006,0,0,0.00
"Central African Republic",2005,0,0,0.00
"Central African Republic",2004,0,0,0.00
"Central African Republic",2003,0,0,0.00
"Central African Republic",2002,0,0,0.00
"Central African Republic",2001,0,13,-1.00
"Central African Republic",2000,13,0,0.00
"Central African Republic",1999,0,0,0.00
"Central African Republic",1998,0,0,0.00
"Central African Republic",1997,0,0,0.00
"Central African Republic",1996,0,0,0.00
"Central African Republic",1995,0,0,0.00
"Central African Republic",1994,0,0,0.00
"Central African Republic",1993,0,0,0.00
"Central African Republic",1992,0,0,0.00
"Central African Republic",1991,0,0,0.00
"Central African Republic",1990,0,NULL,0.00
Chad,2021,0,0,0.00
Chad,2020,0,0,0.00
Chad,2019,0,36,-1.00
Chad,2018,36,31,0.16
Chad,2017,31,9,2.44
Chad,2016,9,2,3.50
Chad,2015,2,9,-0.78
Chad,2014,9,1,8.00
Chad,2013,1,14,-0.93
Chad,2012,14,14,0.00
Chad,2011,14,14,0.00
Chad,2010,14,14,0.00
Chad,2009,14,14,0.00
Chad,2008,14,14,0.00
Chad,2007,14,78,-0.82
Chad,2006,78,41,0.90
Chad,2005,41,41,0.00
Chad,2004,41,31,0.32
Chad,2003,31,127,-0.76
Chad,2002,127,115,0.10
Chad,2001,115,30,2.83
Chad,2000,30,30,0.00
Chad,1999,30,0,0.00
Chad,1998,0,0,0.00
Chad,1997,0,0,0.00
Chad,1996,0,0,0.00
Chad,1995,0,0,0.00
Chad,1994,0,0,0.00
Chad,1993,0,0,0.00
Chad,1992,0,0,0.00
Chad,1991,0,0,0.00
Chad,1990,0,NULL,0.00
Chile,2021,1004,234,3.29
Chile,2020,234,295,-0.21
Chile,2019,295,340,-0.13
Chile,2018,340,340,0.00
Chile,2017,340,316,0.08
Chile,2016,316,252,0.25
Chile,2015,252,330,-0.24
Chile,2014,330,276,0.20
Chile,2013,276,364,-0.24
Chile,2012,364,348,0.05
Chile,2011,348,421,-0.17
Chile,2010,421,492,-0.14
Chile,2009,492,504,-0.02
Chile,2008,504,777,-0.35
Chile,2007,777,787,-0.01
Chile,2006,787,764,0.03
Chile,2005,764,660,0.16
Chile,2004,660,779,-0.15
Chile,2003,779,830,-0.06
Chile,2002,830,1172,-0.29
Chile,2001,1172,293,3.00
Chile,2000,293,262,0.12
Chile,1999,262,308,-0.15
Chile,1998,308,522,-0.41
Chile,1997,522,383,0.36
Chile,1996,383,383,0.00
Chile,1995,383,345,0.11
Chile,1994,345,217,0.59
Chile,1993,217,219,-0.01
Chile,1992,219,228,-0.04
Chile,1991,228,179,0.27
Chile,1990,179,NULL,0.00
China,2021,0,0,0.00
China,2020,0,0,0.00
China,2019,0,0,0.00
China,2018,0,0,0.00
China,2017,0,0,0.00
China,2016,0,0,0.00
China,2015,0,0,0.00
China,2014,0,0,0.00
China,2013,0,0,0.00
China,2012,0,0,0.00
China,2011,0,0,0.00
China,2010,0,0,0.00
China,2009,0,0,0.00
China,2008,0,0,0.00
China,2007,0,0,0.00
China,2006,0,0,0.00
China,2005,0,0,0.00
China,2004,0,0,0.00
China,2003,0,0,0.00
China,2002,0,0,0.00
China,2001,0,0,0.00
China,2000,0,0,0.00
China,1999,0,0,0.00
China,1998,0,0,0.00
China,1997,0,0,0.00
China,1996,0,0,0.00
China,1995,0,0,0.00
China,1994,0,0,0.00
China,1993,0,0,0.00
China,1992,0,0,0.00
China,1991,0,0,0.00
China,1990,0,NULL,0.00
"China, Hong Kong SAR",2021,5584,4966,0.12
"China, Hong Kong SAR",2020,4966,8674,-0.43
"China, Hong Kong SAR",2019,8674,7137,0.22
"China, Hong Kong SAR",2018,7137,4450,0.60
"China, Hong Kong SAR",2017,4450,2161,1.06
"China, Hong Kong SAR",2016,2161,1835,0.18
"China, Hong Kong SAR",2015,1835,2172,-0.16
"China, Hong Kong SAR",2014,2172,2167,0.00
"China, Hong Kong SAR",2013,2167,2455,-0.12
"China, Hong Kong SAR",2012,2455,2255,0.09
"China, Hong Kong SAR",2011,2255,2295,-0.02
"China, Hong Kong SAR",2010,2295,1785,0.29
"China, Hong Kong SAR",2009,1785,1959,-0.09
"China, Hong Kong SAR",2008,1959,1859,0.05
"China, Hong Kong SAR",2007,1859,1863,0.00
"China, Hong Kong SAR",2006,1863,2055,-0.09
"China, Hong Kong SAR",2005,2055,2618,-0.22
"China, Hong Kong SAR",2004,2618,3180,-0.18
"China, Hong Kong SAR",2003,3180,3799,-0.16
"China, Hong Kong SAR",2002,3799,6165,-0.38
"China, Hong Kong SAR",2001,6165,6994,-0.12
"China, Hong Kong SAR",2000,6994,6566,0.07
"China, Hong Kong SAR",1999,6566,7829,-0.16
"China, Hong Kong SAR",1998,7829,9654,-0.19
"China, Hong Kong SAR",1997,9654,11674,-0.17
"China, Hong Kong SAR",1996,11674,13464,-0.13
"China, Hong Kong SAR",1995,13464,17161,-0.22
"China, Hong Kong SAR",1994,17161,16734,0.03
"China, Hong Kong SAR",1993,16734,19741,-0.15
"China, Hong Kong SAR",1992,19741,14483,0.36
"China, Hong Kong SAR",1991,14483,9169,0.58
"China, Hong Kong SAR",1990,9169,NULL,0.00
"China, Macao SAR",2021,191,0,0.00
"China, Macao SAR",2020,0,0,0.00
"China, Macao SAR",2019,0,111,-1.00
"China, Macao SAR",2018,111,189,-0.41
"China, Macao SAR",2017,189,0,0.00
"China, Macao SAR",2016,0,221,-1.00
"China, Macao SAR",2015,221,87,1.54
"China, Macao SAR",2014,87,280,-0.69
"China, Macao SAR",2013,280,275,0.02
"China, Macao SAR",2012,275,0,0.00
"China, Macao SAR",2011,0,325,-1.00
"China, Macao SAR",2010,325,297,0.09
"China, Macao SAR",2009,297,272,0.09
"China, Macao SAR",2008,272,271,0.00
"China, Macao SAR",2007,271,255,0.06
"China, Macao SAR",2006,255,185,0.38
"China, Macao SAR",2005,185,182,0.02
"China, Macao SAR",2004,182,203,-0.10
"China, Macao SAR",2003,203,208,-0.02
"China, Macao SAR",2002,208,225,-0.08
"China, Macao SAR",2001,225,270,-0.17
"China, Macao SAR",2000,270,249,0.08
"China, Macao SAR",1999,249,116,1.15
"China, Macao SAR",1998,116,145,-0.20
"China, Macao SAR",1997,145,123,0.18
"China, Macao SAR",1996,123,60,1.05
"China, Macao SAR",1995,60,109,-0.45
"China, Macao SAR",1994,109,375,-0.71
"China, Macao SAR",1993,375,728,-0.48
"China, Macao SAR",1992,728,1127,-0.35
"China, Macao SAR",1991,1127,718,0.57
"China, Macao SAR",1990,718,NULL,0.00
"China, Mainland",2021,369354,348815,0.06
"China, Mainland",2020,348815,366806,-0.05
"China, Mainland",2019,366806,364815,0.01
"China, Mainland",2018,364815,355258,0.03
"China, Mainland",2017,355258,328699,0.08
"China, Mainland",2016,328699,324951,0.01
"China, Mainland",2015,324951,301484,0.08
"China, Mainland",2014,301484,325806,-0.07
"China, Mainland",2013,325806,313484,0.04
"China, Mainland",2012,313484,322580,-0.03
"China, Mainland",2011,322580,302525,0.07
"China, Mainland",2010,302525,302952,0.00
"China, Mainland",2009,302952,296946,0.02
"China, Mainland",2008,296946,289616,0.03
"China, Mainland",2007,289616,286594,0.01
"China, Mainland",2006,286594,286563,0.00
"China, Mainland",2005,286563,280193,0.02
"China, Mainland",2004,280193,259914,0.08
"China, Mainland",2003,259914,252272,0.03
"China, Mainland",2002,252272,249645,0.01
"China, Mainland",2001,249645,227662,0.10
"China, Mainland",2000,227662,199608,0.14
"China, Mainland",1999,199608,216824,-0.08
"China, Mainland",1998,216824,202463,0.07
"China, Mainland",1997,202463,169670,0.19
"China, Mainland",1996,169670,166572,0.02
"China, Mainland",1995,166572,179668,-0.07
"China, Mainland",1994,179668,201435,-0.11
"China, Mainland",1993,201435,175538,0.15
"China, Mainland",1992,175538,184872,-0.05
"China, Mainland",1991,184872,195471,-0.05
"China, Mainland",1990,195471,NULL,0.00
"China, Taiwan Province of",2021,8969,8019,0.12
"China, Taiwan Province of",2020,8019,10304,-0.22
"China, Taiwan Province of",2019,10304,8797,0.17
"China, Taiwan Province of",2018,8797,7653,0.15
"China, Taiwan Province of",2017,7653,5758,0.33
"China, Taiwan Province of",2016,5758,4744,0.21
"China, Taiwan Province of",2015,4744,3737,0.27
"China, Taiwan Province of",2014,3737,3919,-0.05
"China, Taiwan Province of",2013,3919,3143,0.25
"China, Taiwan Province of",2012,3143,2815,0.12
"China, Taiwan Province of",2011,2815,2632,0.07
"China, Taiwan Province of",2010,2632,2400,0.10
"China, Taiwan Province of",2009,2400,2843,-0.16
"China, Taiwan Province of",2008,2843,2583,0.10
"China, Taiwan Province of",2007,2583,2031,0.27
"China, Taiwan Province of",2006,2031,2251,-0.10
"China, Taiwan Province of",2005,2251,2450,-0.08
"China, Taiwan Province of",2004,2450,2749,-0.11
"China, Taiwan Province of",2003,2749,2603,0.06
"China, Taiwan Province of",2002,2603,2559,0.02
"China, Taiwan Province of",2001,2559,3035,-0.16
"China, Taiwan Province of",2000,3035,3073,-0.01
"China, Taiwan Province of",1999,3073,2501,0.23
"China, Taiwan Province of",1998,2501,2918,-0.14
"China, Taiwan Province of",1997,2918,3475,-0.16
"China, Taiwan Province of",1996,3475,3216,0.08
"China, Taiwan Province of",1995,3216,4403,-0.27
"China, Taiwan Province of",1994,4403,5224,-0.16
"China, Taiwan Province of",1993,5224,5296,-0.01
"China, Taiwan Province of",1992,5296,5316,0.00
"China, Taiwan Province of",1991,5316,5741,-0.07
"China, Taiwan Province of",1990,5741,NULL,0.00
Colombia,2021,185,178,0.04
Colombia,2020,178,195,-0.09
Colombia,2019,195,157,0.24
Colombia,2018,157,119,0.32
Colombia,2017,119,109,0.09
Colombia,2016,109,80,0.36
Colombia,2015,80,97,-0.18
Colombia,2014,97,83,0.17
Colombia,2013,83,31,1.68
Colombia,2012,31,30,0.03
Colombia,2011,30,45,-0.33
Colombia,2010,45,82,-0.45
Colombia,2009,82,150,-0.45
Colombia,2008,150,9,15.67
Colombia,2007,9,4,1.25
Colombia,2006,4,11,-0.64
Colombia,2005,11,11,0.00
Colombia,2004,11,23,-0.52
Colombia,2003,23,21,0.10
Colombia,2002,21,3,6.00
Colombia,2001,3,0,0.00
Colombia,2000,0,2,-1.00
Colombia,1999,2,0,0.00
Colombia,1998,0,0,0.00
Colombia,1997,0,4,-1.00
Colombia,1996,4,0,0.00
Colombia,1995,0,0,0.00
Colombia,1994,0,1,-1.00
Colombia,1993,1,3,-0.67
Colombia,1992,3,97,-0.97
Colombia,1991,97,0,0.00
Colombia,1990,0,NULL,0.00
Comoros,2021,0,0,0.00
Comoros,2020,0,1,-1.00
Comoros,2019,1,0,0.00
Comoros,2018,0,0,0.00
Comoros,2017,0,0,0.00
Comoros,2016,0,0,0.00
Comoros,2015,0,0,0.00
Comoros,2014,0,0,0.00
Comoros,2013,0,0,0.00
Comoros,2012,0,0,0.00
Comoros,2011,0,0,0.00
Comoros,2010,0,0,0.00
Comoros,2009,0,0,0.00
Comoros,2008,0,0,0.00
Comoros,2007,0,22,-1.00
Comoros,2006,22,0,0.00
Comoros,2005,0,0,0.00
Comoros,2004,0,0,0.00
Comoros,2003,0,0,0.00
Comoros,2002,0,0,0.00
Comoros,2001,0,0,0.00
Comoros,2000,0,0,0.00
Comoros,1999,0,0,0.00
Comoros,1998,0,1,-1.00
Comoros,1997,1,0,0.00
Comoros,1996,0,0,0.00
Comoros,1995,0,0,0.00
Comoros,1994,0,0,0.00
Comoros,1993,0,0,0.00
Comoros,1992,0,0,0.00
Comoros,1991,0,0,0.00
Comoros,1990,0,NULL,0.00
"Congo (Brazzaville)",2021,0,0,0.00
"Congo (Brazzaville)",2020,0,0,0.00
"Congo (Brazzaville)",2019,0,0,0.00
"Congo (Brazzaville)",2018,0,0,0.00
"Congo (Brazzaville)",2017,0,0,0.00
"Congo (Brazzaville)",2016,0,0,0.00
"Congo (Brazzaville)",2015,0,0,0.00
"Congo (Brazzaville)",2014,0,20,-1.00
"Congo (Brazzaville)",2013,20,72,-0.72
"Congo (Brazzaville)",2012,72,90,-0.20
"Congo (Brazzaville)",2011,90,0,0.00
"Congo (Brazzaville)",2010,0,0,0.00
"Congo (Brazzaville)",2009,0,167,-1.00
"Congo (Brazzaville)",2008,167,0,0.00
"Congo (Brazzaville)",2007,0,12,-1.00
"Congo (Brazzaville)",2006,12,3,3.00
"Congo (Brazzaville)",2005,3,0,0.00
"Congo (Brazzaville)",2004,0,0,0.00
"Congo (Brazzaville)",2003,0,12,-1.00
"Congo (Brazzaville)",2002,12,30,-0.60
"Congo (Brazzaville)",2001,30,11,1.73
"Congo (Brazzaville)",2000,11,0,0.00
"Congo (Brazzaville)",1999,0,0,0.00
"Congo (Brazzaville)",1998,0,0,0.00
"Congo (Brazzaville)",1997,0,0,0.00
"Congo (Brazzaville)",1996,0,0,0.00
"Congo (Brazzaville)",1995,0,0,0.00
"Congo (Brazzaville)",1994,0,0,0.00
"Congo (Brazzaville)",1993,0,0,0.00
"Congo (Brazzaville)",1992,0,0,0.00
"Congo (Brazzaville)",1991,0,0,0.00
"Congo (Brazzaville)",1990,0,NULL,0.00
"Cook Islands",2021,0,0,0.00
"Cook Islands",2020,0,0,0.00
"Cook Islands",2019,0,0,0.00
"Cook Islands",2018,0,0,0.00
"Cook Islands",2017,0,0,0.00
"Cook Islands",2016,0,0,0.00
"Cook Islands",2015,0,0,0.00
"Cook Islands",2014,0,0,0.00
"Cook Islands",2013,0,0,0.00
"Cook Islands",2012,0,0,0.00
"Cook Islands",2011,0,0,0.00
"Cook Islands",2010,0,0,0.00
"Cook Islands",2009,0,0,0.00
"Cook Islands",2008,0,0,0.00
"Cook Islands",2007,0,0,0.00
"Cook Islands",2006,0,0,0.00
"Cook Islands",2005,0,0,0.00
"Cook Islands",2004,0,0,0.00
"Cook Islands",2003,0,0,0.00
"Cook Islands",2002,0,0,0.00
"Cook Islands",2001,0,0,0.00
"Cook Islands",2000,0,0,0.00
"Cook Islands",1999,0,0,0.00
"Cook Islands",1998,0,0,0.00
"Cook Islands",1997,0,0,0.00
"Cook Islands",1996,0,0,0.00
"Cook Islands",1995,0,0,0.00
"Cook Islands",1994,0,0,0.00
"Cook Islands",1993,0,0,0.00
"Cook Islands",1992,0,0,0.00
"Cook Islands",1991,0,0,0.00
"Cook Islands",1990,0,NULL,0.00
"Costa Rica",2021,79,198,-0.60
"Costa Rica",2020,198,64,2.09
"Costa Rica",2019,64,84,-0.24
"Costa Rica",2018,84,89,-0.06
"Costa Rica",2017,89,83,0.07
"Costa Rica",2016,83,90,-0.08
"Costa Rica",2015,90,75,0.20
"Costa Rica",2014,75,112,-0.33
"Costa Rica",2013,112,131,-0.15
"Costa Rica",2012,131,91,0.44
"Costa Rica",2011,91,73,0.25
"Costa Rica",2010,73,69,0.06
"Costa Rica",2009,69,96,-0.28
"Costa Rica",2008,96,44,1.18
"Costa Rica",2007,44,38,0.16
"Costa Rica",2006,38,50,-0.24
"Costa Rica",2005,50,43,0.16
"Costa Rica",2004,43,54,-0.20
"Costa Rica",2003,54,79,-0.32
"Costa Rica",2002,79,7,10.29
"Costa Rica",2001,7,1,6.00
"Costa Rica",2000,1,0,0.00
"Costa Rica",1999,0,2,-1.00
"Costa Rica",1998,2,3,-0.33
"Costa Rica",1997,3,3,0.00
"Costa Rica",1996,3,1,2.00
"Costa Rica",1995,1,1,0.00
"Costa Rica",1994,1,137,-0.99
"Costa Rica",1993,137,18,6.61
"Costa Rica",1992,18,2,8.00
"Costa Rica",1991,2,0,0.00
"Costa Rica",1990,0,NULL,0.00
"Côte d'Ivoire",2021,50,357,-0.86
"Côte d'Ivoire",2020,357,279,0.28
"Côte d'Ivoire",2019,279,234,0.19
"Côte d'Ivoire",2018,234,205,0.14
"Côte d'Ivoire",2017,205,203,0.01
"Côte d'Ivoire",2016,203,286,-0.29
"Côte d'Ivoire",2015,286,418,-0.32
"Côte d'Ivoire",2014,418,414,0.01
"Côte d'Ivoire",2013,414,1062,-0.61
"Côte d'Ivoire",2012,1062,498,1.13
"Côte d'Ivoire",2011,498,376,0.32
"Côte d'Ivoire",2010,376,618,-0.39
"Côte d'Ivoire",2009,618,491,0.26
"Côte d'Ivoire",2008,491,570,-0.14
"Côte d'Ivoire",2007,570,395,0.44
"Côte d'Ivoire",2006,395,382,0.03
"Côte d'Ivoire",2005,382,244,0.57
"Côte d'Ivoire",2004,244,279,-0.13
"Côte d'Ivoire",2003,279,334,-0.16
"Côte d'Ivoire",2002,334,7682,-0.96
"Côte d'Ivoire",2001,7682,322,22.86
"Côte d'Ivoire",2000,322,330,-0.02
"Côte d'Ivoire",1999,330,265,0.25
"Côte d'Ivoire",1998,265,139,0.91
"Côte d'Ivoire",1997,139,181,-0.23
"Côte d'Ivoire",1996,181,65,1.78
"Côte d'Ivoire",1995,65,0,0.00
"Côte d'Ivoire",1994,0,0,0.00
"Côte d'Ivoire",1993,0,0,0.00
"Côte d'Ivoire",1992,0,0,0.00
"Côte d'Ivoire",1991,0,0,0.00
"Côte d'Ivoire",1990,0,NULL,0.00
Croatia,2021,46,38,0.21
Croatia,2020,38,40,-0.05
Croatia,2019,40,33,0.21
Croatia,2018,33,37,-0.11
Croatia,2017,37,35,0.06
Croatia,2016,35,42,-0.17
Croatia,2015,42,42,0.00
Croatia,2014,42,46,-0.09
Croatia,2013,46,38,0.21
Croatia,2012,38,30,0.27
Croatia,2011,30,45,-0.33
Croatia,2010,45,45,0.00
Croatia,2009,45,21,1.14
Croatia,2008,21,21,0.00
Croatia,2007,21,18,0.17
Croatia,2006,18,14,0.29
Croatia,2005,14,17,-0.18
Croatia,2004,17,17,0.00
Croatia,2003,17,12,0.42
Croatia,2002,12,8,0.50
Croatia,2001,8,8,0.00
Croatia,2000,8,24,-0.67
Croatia,1999,24,23,0.04
Croatia,1998,23,21,0.10
Croatia,1997,21,69,-0.70
Croatia,1996,69,55,0.25
Croatia,1995,55,81,-0.32
Croatia,1994,81,39,1.08
Croatia,1993,39,48,-0.19
Croatia,1992,48,NULL,0.00
Cuba,2021,1,0,0.00
Cuba,2020,0,0,0.00
Cuba,2019,0,0,0.00
Cuba,2018,0,0,0.00
Cuba,2017,0,0,0.00
Cuba,2016,0,0,0.00
Cuba,2015,0,0,0.00
Cuba,2014,0,0,0.00
Cuba,2013,0,0,0.00
Cuba,2012,0,0,0.00
Cuba,2011,0,0,0.00
Cuba,2010,0,0,0.00
Cuba,2009,0,0,0.00
Cuba,2008,0,0,0.00
Cuba,2007,0,0,0.00
Cuba,2006,0,0,0.00
Cuba,2005,0,0,0.00
Cuba,2004,0,0,0.00
Cuba,2003,0,0,0.00
Cuba,2002,0,0,0.00
Cuba,2001,0,0,0.00
Cuba,2000,0,0,0.00
Cuba,1999,0,0,0.00
Cuba,1998,0,0,0.00
Cuba,1997,0,0,0.00
Cuba,1996,0,0,0.00
Cuba,1995,0,0,0.00
Cuba,1994,0,0,0.00
Cuba,1993,0,0,0.00
Cuba,1992,0,0,0.00
Cuba,1991,0,0,0.00
Cuba,1990,0,NULL,0.00
Cyprus,2021,1,4,-0.75
Cyprus,2020,4,1,3.00
Cyprus,2019,1,2,-0.50
Cyprus,2018,2,1,1.00
Cyprus,2017,1,0,0.00
Cyprus,2016,0,0,0.00
Cyprus,2015,0,0,0.00
Cyprus,2014,0,1,-1.00
Cyprus,2013,1,0,0.00
Cyprus,2012,0,2,-1.00
Cyprus,2011,2,1,1.00
Cyprus,2010,1,0,0.00
Cyprus,2009,0,4,-1.00
Cyprus,2008,4,16,-0.75
Cyprus,2007,16,0,0.00
Cyprus,2006,0,1,-1.00
Cyprus,2005,1,1,0.00
Cyprus,2004,1,2,-0.50
Cyprus,2003,2,0,0.00
Cyprus,2002,0,0,0.00
Cyprus,2001,0,0,0.00
Cyprus,2000,0,37,-1.00
Cyprus,1999,37,24,0.54
Cyprus,1998,24,145,-0.83
Cyprus,1997,145,63,1.30
Cyprus,1996,63,9,6.00
Cyprus,1995,9,32,-0.72
Cyprus,1994,32,31,0.03
Cyprus,1993,31,5,5.20
Cyprus,1992,5,1,4.00
Cyprus,1991,1,1,0.00
Cyprus,1990,1,NULL,0.00
Czechia,2021,564,492,0.15
Czechia,2020,492,408,0.21
Czechia,2019,408,351,0.16
Czechia,2018,351,504,-0.30
Czechia,2017,504,1007,-0.50
Czechia,2016,1007,729,0.38
Czechia,2015,729,909,-0.20
Czechia,2014,909,722,0.26
Czechia,2013,722,467,0.55
Czechia,2012,467,603,-0.23
Czechia,2011,603,376,0.60
Czechia,2010,376,271,0.39
Czechia,2009,271,653,-0.58
Czechia,2008,653,291,1.24
Czechia,2007,291,246,0.18
Czechia,2006,246,174,0.41
Czechia,2005,174,156,0.12
Czechia,2004,156,155,0.01
Czechia,2003,155,180,-0.14
Czechia,2002,180,239,-0.25
Czechia,2001,239,212,0.13
Czechia,2000,212,249,-0.15
Czechia,1999,249,266,-0.06
Czechia,1998,266,221,0.20
Czechia,1997,221,155,0.43
Czechia,1996,155,166,-0.07
Czechia,1995,166,509,-0.67
Czechia,1994,509,431,0.18
Czechia,1993,431,NULL,0.00
Czechoslovakia,1992,0,22,-1.00
Czechoslovakia,1991,22,320,-0.93
Czechoslovakia,1990,320,NULL,0.00
Denmark,2021,490,444,0.10
Denmark,2020,444,441,0.01
Denmark,2019,441,558,-0.21
Denmark,2018,558,424,0.32
Denmark,2017,424,492,-0.14
Denmark,2016,492,549,-0.10
Denmark,2015,549,571,-0.04
Denmark,2014,571,626,-0.09
Denmark,2013,626,606,0.03
Denmark,2012,606,557,0.09
Denmark,2011,557,520,0.07
Denmark,2010,520,520,0.00
Denmark,2009,520,485,0.07
Denmark,2008,485,242,1.00
Denmark,2007,242,213,0.14
Denmark,2006,213,160,0.33
Denmark,2005,160,194,-0.18
Denmark,2004,194,281,-0.31
Denmark,2003,281,481,-0.42
Denmark,2002,481,479,0.00
Denmark,2001,479,422,0.14
Denmark,2000,422,361,0.17
Denmark,1999,361,408,-0.12
Denmark,1998,408,390,0.05
Denmark,1997,390,172,1.27
Denmark,1996,172,96,0.79
Denmark,1995,96,131,-0.27
Denmark,1994,131,173,-0.24
Denmark,1993,173,180,-0.04
Denmark,1992,180,208,-0.13
Denmark,1991,208,187,0.11
Denmark,1990,187,NULL,0.00
Djibouti,2021,629,643,-0.02
Djibouti,2020,643,506,0.27
Djibouti,2019,506,330,0.53
Djibouti,2018,330,298,0.11
Djibouti,2017,298,97,2.07
Djibouti,2016,97,1,96.00
Djibouti,2015,1,0,0.00
Djibouti,2014,0,30,-1.00
Djibouti,2013,30,20,0.50
Djibouti,2012,20,0,0.00
Djibouti,2011,0,0,0.00
Djibouti,2010,0,0,0.00
Djibouti,2009,0,0,0.00
Djibouti,2008,0,0,0.00
Djibouti,2007,0,6,-1.00
Djibouti,2006,6,30,-0.80
Djibouti,2005,30,259,-0.88
Djibouti,2004,259,153,0.69
Djibouti,2003,153,883,-0.83
Djibouti,2002,883,36,23.53
Djibouti,2001,36,0,0.00
Djibouti,2000,0,0,0.00
Djibouti,1999,0,1709,-1.00
Djibouti,1998,1709,0,0.00
Djibouti,1997,0,0,0.00
Djibouti,1996,0,0,0.00
Djibouti,1995,0,0,0.00
Djibouti,1994,0,0,0.00
Djibouti,1993,0,0,0.00
Djibouti,1992,0,1,-1.00
Djibouti,1991,1,0,0.00
Djibouti,1990,0,NULL,0.00
Dominica,2021,1,0,0.00
Dominica,2020,0,0,0.00
Dominica,2019,0,0,0.00
Dominica,2018,0,0,0.00
Dominica,2017,0,2,-1.00
Dominica,2016,2,0,0.00
Dominica,2015,0,0,0.00
Dominica,2014,0,0,0.00
Dominica,2013,0,0,0.00
Dominica,2012,0,0,0.00
Dominica,2011,0,0,0.00
Dominica,2010,0,0,0.00
Dominica,2009,0,0,0.00
Dominica,2008,0,0,0.00
Dominica,2007,0,0,0.00
Dominica,2006,0,0,0.00
Dominica,2005,0,0,0.00
Dominica,2004,0,0,0.00
Dominica,2003,0,0,0.00
Dominica,2002,0,0,0.00
Dominica,2001,0,0,0.00
Dominica,2000,0,0,0.00
Dominica,1999,0,0,0.00
Dominica,1998,0,0,0.00
Dominica,1997,0,0,0.00
Dominica,1996,0,1,-1.00
Dominica,1995,1,0,0.00
Dominica,1994,0,0,0.00
Dominica,1993,0,0,0.00
Dominica,1992,0,0,0.00
Dominica,1991,0,0,0.00
Dominica,1990,0,NULL,0.00
"Dominican Republic",2021,7,1,6.00
"Dominican Republic",2020,1,8,-0.88
"Dominican Republic",2019,8,4,1.00
"Dominican Republic",2018,4,25,-0.84
"Dominican Republic",2017,25,11,1.27
"Dominican Republic",2016,11,4,1.75
"Dominican Republic",2015,4,3,0.33
"Dominican Republic",2014,3,8,-0.63
"Dominican Republic",2013,8,1,7.00
"Dominican Republic",2012,1,0,0.00
"Dominican Republic",2011,0,0,0.00
"Dominican Republic",2010,0,0,0.00
"Dominican Republic",2009,0,0,0.00
"Dominican Republic",2008,0,0,0.00
"Dominican Republic",2007,0,0,0.00
"Dominican Republic",2006,0,0,0.00
"Dominican Republic",2005,0,0,0.00
"Dominican Republic",2004,0,0,0.00
"Dominican Republic",2003,0,0,0.00
"Dominican Republic",2002,0,0,0.00
"Dominican Republic",2001,0,0,0.00
"Dominican Republic",2000,0,0,0.00
"Dominican Republic",1999,0,0,0.00
"Dominican Republic",1998,0,0,0.00
"Dominican Republic",1997,0,0,0.00
"Dominican Republic",1996,0,0,0.00
"Dominican Republic",1995,0,0,0.00
"Dominican Republic",1994,0,0,0.00
"Dominican Republic",1993,0,0,0.00
"Dominican Republic",1992,0,0,0.00
"Dominican Republic",1991,0,0,0.00
"Dominican Republic",1990,0,NULL,0.00
"DR Congo",2021,0,0,0.00
"DR Congo",2020,0,0,0.00
"DR Congo",2019,0,0,0.00
"DR Congo",2018,0,0,0.00
"DR Congo",2017,0,0,0.00
"DR Congo",2016,0,0,0.00
"DR Congo",2015,0,0,0.00
"DR Congo",2014,0,0,0.00
"DR Congo",2013,0,0,0.00
"DR Congo",2012,0,0,0.00
"DR Congo",2011,0,0,0.00
"DR Congo",2010,0,0,0.00
"DR Congo",2009,0,0,0.00
"DR Congo",2008,0,0,0.00
"DR Congo",2007,0,0,0.00
"DR Congo",2006,0,0,0.00
"DR Congo",2005,0,0,0.00
"DR Congo",2004,0,0,0.00
"DR Congo",2003,0,0,0.00
"DR Congo",2002,0,0,0.00
"DR Congo",2001,0,0,0.00
"DR Congo",2000,0,0,0.00
"DR Congo",1999,0,0,0.00
"DR Congo",1998,0,0,0.00
"DR Congo",1997,0,0,0.00
"DR Congo",1996,0,0,0.00
"DR Congo",1995,0,0,0.00
"DR Congo",1994,0,0,0.00
"DR Congo",1993,0,0,0.00
"DR Congo",1992,0,0,0.00
"DR Congo",1991,0,0,0.00
"DR Congo",1990,0,NULL,0.00
"DR Congo (Brazzaville)",2021,4,0,0.00
"DR Congo (Brazzaville)",2020,0,0,0.00
"DR Congo (Brazzaville)",2019,0,380,-1.00
"DR Congo (Brazzaville)",2018,380,594,-0.36
"DR Congo (Brazzaville)",2017,594,508,0.17
"DR Congo (Brazzaville)",2016,508,13,38.08
"DR Congo (Brazzaville)",2015,13,8,0.63
"DR Congo (Brazzaville)",2014,8,11,-0.27
"DR Congo (Brazzaville)",2013,11,65,-0.83
"DR Congo (Brazzaville)",2012,65,35,0.86
"DR Congo (Brazzaville)",2011,35,90,-0.61
"DR Congo (Brazzaville)",2010,90,6,14.00
"DR Congo (Brazzaville)",2009,6,6,0.00
"DR Congo (Brazzaville)",2008,6,21,-0.71
"DR Congo (Brazzaville)",2007,21,131,-0.84
"DR Congo (Brazzaville)",2006,131,299,-0.56
"DR Congo (Brazzaville)",2005,299,55,4.44
"DR Congo (Brazzaville)",2004,55,146,-0.62
"DR Congo (Brazzaville)",2003,146,53,1.75
"DR Congo (Brazzaville)",2002,53,14,2.79
"DR Congo (Brazzaville)",2001,14,87,-0.84
"DR Congo (Brazzaville)",2000,87,40,1.18
"DR Congo (Brazzaville)",1999,40,50,-0.20
"DR Congo (Brazzaville)",1998,50,1341,-0.96
"DR Congo (Brazzaville)",1997,1341,1559,-0.14
"DR Congo (Brazzaville)",1996,1559,515,2.03
"DR Congo (Brazzaville)",1995,515,1784,-0.71
"DR Congo (Brazzaville)",1994,1784,2353,-0.24
"DR Congo (Brazzaville)",1993,2353,902,1.61
"DR Congo (Brazzaville)",1992,902,2027,-0.56
"DR Congo (Brazzaville)",1991,2027,2613,-0.22
"DR Congo (Brazzaville)",1990,2613,NULL,0.00
Ecuador,2021,592,623,-0.05
Ecuador,2020,623,591,0.05
Ecuador,2019,591,711,-0.17
Ecuador,2018,711,764,-0.07
Ecuador,2017,764,697,0.10
Ecuador,2016,697,830,-0.16
Ecuador,2015,830,749,0.11
Ecuador,2014,749,697,0.07
Ecuador,2013,697,633,0.10
Ecuador,2012,633,557,0.14
Ecuador,2011,557,625,-0.11
Ecuador,2010,625,640,-0.02
Ecuador,2009,640,513,0.25
Ecuador,2008,513,724,-0.29
Ecuador,2007,724,840,-0.14
Ecuador,2006,840,1066,-0.21
Ecuador,2005,1066,1036,0.03
Ecuador,2004,1036,1094,-0.05
Ecuador,2003,1094,1185,-0.08
Ecuador,2002,1185,1284,-0.08
Ecuador,2001,1284,1166,0.10
Ecuador,2000,1166,1250,-0.07
Ecuador,1999,1250,1316,-0.05
Ecuador,1998,1316,1195,0.10
Ecuador,1997,1195,1159,0.03
Ecuador,1996,1159,1074,0.08
Ecuador,1995,1074,1470,-0.27
Ecuador,1994,1470,1512,-0.03
Ecuador,1993,1512,1458,0.04
Ecuador,1992,1458,1444,0.01
Ecuador,1991,1444,1094,0.32
Ecuador,1990,1094,NULL,0.00
Egypt,2021,1581,1463,0.08
Egypt,2020,1463,1749,-0.16
Egypt,2019,1749,738,1.37
Egypt,2018,738,787,-0.06
Egypt,2017,787,2650,-0.70
Egypt,2016,2650,1935,0.37
Egypt,2015,1935,2385,-0.19
Egypt,2014,2385,4678,-0.49
Egypt,2013,4678,5130,-0.09
Egypt,2012,5130,4722,0.09
Egypt,2011,4722,1919,1.46
Egypt,2010,1919,4669,-0.59
Egypt,2009,4669,1252,2.73
Egypt,2008,1252,1962,-0.36
Egypt,2007,1962,1786,0.10
Egypt,2006,1786,1336,0.34
Egypt,2005,1336,1315,0.02
Egypt,2004,1315,1574,-0.16
Egypt,2003,1574,1378,0.14
Egypt,2002,1378,734,0.88
Egypt,2001,734,929,-0.21
Egypt,2000,929,269,2.45
Egypt,1999,269,292,-0.08
Egypt,1998,292,243,0.20
Egypt,1997,243,270,-0.10
Egypt,1996,270,123,1.20
Egypt,1995,123,227,-0.46
Egypt,1994,227,321,-0.29
Egypt,1993,321,20,15.05
Egypt,1992,20,248,-0.92
Egypt,1991,248,21,10.81
Egypt,1990,21,NULL,0.00
"El Salvador",2021,7,1,6.00
"El Salvador",2020,1,22,-0.95
"El Salvador",2019,22,1,21.00
"El Salvador",2018,1,5,-0.80
"El Salvador",2017,5,4,0.25
"El Salvador",2016,4,8,-0.50
"El Salvador",2015,8,4,1.00
"El Salvador",2014,4,11,-0.64
"El Salvador",2013,11,6,0.83
"El Salvador",2012,6,4,0.50
"El Salvador",2011,4,14,-0.71
"El Salvador",2010,14,57,-0.75
"El Salvador",2009,57,2247,-0.97
"El Salvador",2008,2247,553,3.06
"El Salvador",2007,553,160,2.46
"El Salvador",2006,160,237,-0.32
"El Salvador",2005,237,168,0.41
"El Salvador",2004,168,304,-0.45
"El Salvador",2003,304,387,-0.21
"El Salvador",2002,387,423,-0.09
"El Salvador",2001,423,335,0.26
"El Salvador",2000,335,346,-0.03
"El Salvador",1999,346,323,0.07
"El Salvador",1998,323,201,0.61
"El Salvador",1997,201,118,0.70
"El Salvador",1996,118,64,0.84
"El Salvador",1995,64,83,-0.23
"El Salvador",1994,83,49,0.69
"El Salvador",1993,49,25,0.96
"El Salvador",1992,25,23,0.09
"El Salvador",1991,23,4,4.75
"El Salvador",1990,4,NULL,0.00
"Equatorial Guinea",2021,0,0,0.00
"Equatorial Guinea",2020,0,0,0.00
"Equatorial Guinea",2019,0,2,-1.00
"Equatorial Guinea",2018,2,0,0.00
"Equatorial Guinea",2017,0,0,0.00
"Equatorial Guinea",2016,0,0,0.00
"Equatorial Guinea",2015,0,0,0.00
"Equatorial Guinea",2014,0,NULL,0.00
Eritrea,2021,0,0,0.00
Eritrea,2020,0,0,0.00
Eritrea,2019,0,0,0.00
Eritrea,2018,0,0,0.00
Eritrea,2017,0,0,0.00
Eritrea,2016,0,0,0.00
Eritrea,2015,0,0,0.00
Eritrea,2014,0,0,0.00
Eritrea,2013,0,0,0.00
Eritrea,2012,0,0,0.00
Eritrea,2011,0,0,0.00
Eritrea,2010,0,0,0.00
Eritrea,2009,0,0,0.00
Eritrea,2008,0,0,0.00
Eritrea,2007,0,0,0.00
Eritrea,2006,0,0,0.00
Eritrea,2005,0,0,0.00
Eritrea,2004,0,0,0.00
Eritrea,2003,0,0,0.00
Eritrea,2002,0,0,0.00
Eritrea,2001,0,0,0.00
Eritrea,2000,0,0,0.00
Eritrea,1999,0,0,0.00
Eritrea,1998,0,0,0.00
Eritrea,1997,0,0,0.00
Eritrea,1996,0,0,0.00
Eritrea,1995,0,NULL,0.00
Estonia,2021,50,18,1.78
Estonia,2020,18,25,-0.28
Estonia,2019,25,19,0.32
Estonia,2018,19,29,-0.34
Estonia,2017,29,40,-0.28
Estonia,2016,40,58,-0.31
Estonia,2015,58,76,-0.24
Estonia,2014,76,125,-0.39
Estonia,2013,125,60,1.08
Estonia,2012,60,20,2.00
Estonia,2011,20,22,-0.09
Estonia,2010,22,18,0.22
Estonia,2009,18,16,0.13
Estonia,2008,16,10,0.60
Estonia,2007,10,9,0.11
Estonia,2006,9,45,-0.80
Estonia,2005,45,9,4.00
Estonia,2004,9,62,-0.85
Estonia,2003,62,49,0.27
Estonia,2002,49,158,-0.69
Estonia,2001,158,80,0.98
Estonia,2000,80,114,-0.30
Estonia,1999,114,904,-0.87
Estonia,1998,904,289,2.13
Estonia,1997,289,94,2.07
Estonia,1996,94,75,0.25
Estonia,1995,75,184,-0.59
Estonia,1994,184,56,2.29
Estonia,1993,56,0,0.00
Estonia,1992,0,NULL,0.00
Eswatini,2021,1,0,0.00
Eswatini,2020,0,0,0.00
Eswatini,2019,0,0,0.00
Eswatini,2018,0,0,0.00
Eswatini,2017,0,3,-1.00
Eswatini,2016,3,3,0.00
Eswatini,2015,3,1,2.00
Eswatini,2014,1,1,0.00
Eswatini,2013,1,39,-0.97
Eswatini,2012,39,39,0.00
Eswatini,2011,39,39,0.00
Eswatini,2010,39,39,0.00
Eswatini,2009,39,39,0.00
Eswatini,2008,39,39,0.00
Eswatini,2007,39,56,-0.30
Eswatini,2006,56,139,-0.60
Eswatini,2005,139,202,-0.31
Eswatini,2004,202,136,0.49
Eswatini,2003,136,96,0.42
Eswatini,2002,96,146,-0.34
Eswatini,2001,146,30,3.87
Eswatini,2000,30,16,0.88
Eswatini,1999,16,19,-0.16
Eswatini,1998,19,27,-0.30
Eswatini,1997,27,0,0.00
Eswatini,1996,0,0,0.00
Eswatini,1995,0,0,0.00
Eswatini,1994,0,0,0.00
Eswatini,1993,0,0,0.00
Eswatini,1992,0,0,0.00
Eswatini,1991,0,0,0.00
Eswatini,1990,0,NULL,0.00
Ethiopia,2021,1290,2125,-0.39
Ethiopia,2020,2125,1232,0.72
Ethiopia,2019,1232,1083,0.14
Ethiopia,2018,1083,2088,-0.48
Ethiopia,2017,2088,2196,-0.05
Ethiopia,2016,2196,1026,1.14
Ethiopia,2015,1026,1389,-0.26
Ethiopia,2014,1389,400,2.47
Ethiopia,2013,400,318,0.26
Ethiopia,2012,318,705,-0.55
Ethiopia,2011,705,484,0.46
Ethiopia,2010,484,476,0.02
Ethiopia,2009,476,528,-0.10
Ethiopia,2008,528,959,-0.45
Ethiopia,2007,959,743,0.29
Ethiopia,2006,743,1257,-0.41
Ethiopia,2005,1257,1754,-0.28
Ethiopia,2004,1754,2193,-0.20
Ethiopia,2003,2193,399,4.50
Ethiopia,2002,399,200,1.00
Ethiopia,2001,200,700,-0.71
Ethiopia,2000,700,35,19.00
Ethiopia,1999,35,406,-0.91
Ethiopia,1998,406,130,2.12
Ethiopia,1997,130,310,-0.58
Ethiopia,1996,310,155,1.00
Ethiopia,1995,155,335,-0.54
Ethiopia,1994,335,0,0.00
Ethiopia,1993,0,0,0.00
Ethiopia,1992,0,0,0.00
Ethiopia,1991,0,10,-1.00
Ethiopia,1990,10,NULL,0.00
"Ethiopia PDR",1992,0,0,0.00
"Ethiopia PDR",1991,0,0,0.00
"Ethiopia PDR",1990,0,NULL,0.00
"Faroe Islands",2021,0,0,0.00
"Faroe Islands",2020,0,0,0.00
"Faroe Islands",2019,0,0,0.00
"Faroe Islands",2018,0,0,0.00
"Faroe Islands",2017,0,0,0.00
"Faroe Islands",2016,0,0,0.00
"Faroe Islands",2015,0,0,0.00
"Faroe Islands",2014,0,0,0.00
"Faroe Islands",2013,0,0,0.00
"Faroe Islands",2012,0,0,0.00
"Faroe Islands",2011,0,0,0.00
"Faroe Islands",2010,0,0,0.00
"Faroe Islands",2009,0,0,0.00
"Faroe Islands",2008,0,0,0.00
"Faroe Islands",2007,0,0,0.00
"Faroe Islands",2006,0,0,0.00
"Faroe Islands",2005,0,0,0.00
"Faroe Islands",2004,0,0,0.00
"Faroe Islands",2003,0,0,0.00
"Faroe Islands",2002,0,0,0.00
"Faroe Islands",2001,0,0,0.00
"Faroe Islands",2000,0,0,0.00
"Faroe Islands",1999,0,0,0.00
"Faroe Islands",1998,0,0,0.00
"Faroe Islands",1997,0,0,0.00
"Faroe Islands",1996,0,0,0.00
"Faroe Islands",1995,0,0,0.00
"Faroe Islands",1994,0,0,0.00
"Faroe Islands",1993,0,0,0.00
"Faroe Islands",1992,0,0,0.00
"Faroe Islands",1991,0,0,0.00
"Faroe Islands",1990,0,NULL,0.00
Fiji,2021,69,81,-0.15
Fiji,2020,81,114,-0.29
Fiji,2019,114,80,0.43
Fiji,2018,80,72,0.11
Fiji,2017,72,70,0.03
Fiji,2016,70,55,0.27
Fiji,2015,55,81,-0.32
Fiji,2014,81,56,0.45
Fiji,2013,56,7,7.00
Fiji,2012,7,12,-0.42
Fiji,2011,12,84,-0.86
Fiji,2010,84,37,1.27
Fiji,2009,37,43,-0.14
Fiji,2008,43,36,0.19
Fiji,2007,36,9,3.00
Fiji,2006,9,23,-0.61
Fiji,2005,23,20,0.15
Fiji,2004,20,9,1.22
Fiji,2003,9,22,-0.59
Fiji,2002,22,22,0.00
Fiji,2001,22,15,0.47
Fiji,2000,15,20,-0.25
Fiji,1999,20,20,0.00
Fiji,1998,20,18,0.11
Fiji,1997,18,16,0.13
Fiji,1996,16,20,-0.20
Fiji,1995,20,21,-0.05
Fiji,1994,21,23,-0.09
Fiji,1993,23,29,-0.21
Fiji,1992,29,19,0.53
Fiji,1991,19,40,-0.53
Fiji,1990,40,NULL,0.00
Finland,2021,99,73,0.36
Finland,2020,73,32,1.28
Finland,2019,32,20,0.60
Finland,2018,20,32,-0.38
Finland,2017,32,68,-0.53
Finland,2016,68,63,0.08
Finland,2015,63,175,-0.64
Finland,2014,175,183,-0.04
Finland,2013,183,186,-0.02
Finland,2012,186,163,0.14
Finland,2011,163,184,-0.11
Finland,2010,184,172,0.07
Finland,2009,172,181,-0.05
Finland,2008,181,228,-0.21
Finland,2007,228,223,0.02
Finland,2006,223,198,0.13
Finland,2005,198,212,-0.07
Finland,2004,212,150,0.41
Finland,2003,150,169,-0.11
Finland,2002,169,290,-0.42
Finland,2001,290,344,-0.16
Finland,2000,344,207,0.66
Finland,1999,207,216,-0.04
Finland,1998,216,712,-0.70
Finland,1997,712,684,0.04
Finland,1996,684,328,1.09
Finland,1995,328,257,0.28
Finland,1994,257,89,1.89
Finland,1993,89,33,1.70
Finland,1992,33,12,1.75
Finland,1991,12,9,0.33
Finland,1990,9,NULL,0.00
France,2021,3744,3404,0.10
France,2020,3404,3078,0.11
France,2019,3078,3178,-0.03
France,2018,3178,3446,-0.08
France,2017,3446,3833,-0.10
France,2016,3833,4157,-0.08
France,2015,4157,3963,0.05
France,2014,3963,3769,0.05
France,2013,3769,3140,0.20
France,2012,3140,3141,0.00
France,2011,3141,3980,-0.21
France,2010,3980,3633,0.10
France,2009,3633,3527,0.03
France,2008,3527,2636,0.34
France,2007,2636,2752,-0.04
France,2006,2752,4485,-0.39
France,2005,4485,3131,0.43
France,2004,3131,3714,-0.16
France,2003,3714,3835,-0.03
France,2002,3835,3491,0.10
France,2001,3491,3939,-0.11
France,2000,3939,3107,0.27
France,1999,3107,2751,0.13
France,1998,2751,2226,0.24
France,1997,2226,2734,-0.19
France,1996,2734,2829,-0.03
France,1995,2829,2151,0.32
France,1994,2151,1072,1.01
France,1993,1072,1100,-0.03
France,1992,1100,1123,-0.02
France,1991,1123,1284,-0.13
France,1990,1284,NULL,0.00
"French Polynesia",2021,0,0,0.00
"French Polynesia",2020,0,1,-1.00
"French Polynesia",2019,1,1,0.00
"French Polynesia",2018,1,1,0.00
"French Polynesia",2017,1,2,-0.50
"French Polynesia",2016,2,1,1.00
"French Polynesia",2015,1,2,-0.50
"French Polynesia",2014,2,1,1.00
"French Polynesia",2013,1,1,0.00
"French Polynesia",2012,1,0,0.00
"French Polynesia",2011,0,1,-1.00
"French Polynesia",2010,1,1,0.00
"French Polynesia",2009,1,2,-0.50
"French Polynesia",2008,2,1,1.00
"French Polynesia",2007,1,1,0.00
"French Polynesia",2006,1,1,0.00
"French Polynesia",2005,1,0,0.00
"French Polynesia",2004,0,1,-1.00
"French Polynesia",2003,1,0,0.00
"French Polynesia",2002,0,0,0.00
"French Polynesia",2001,0,0,0.00
"French Polynesia",2000,0,0,0.00
"French Polynesia",1999,0,0,0.00
"French Polynesia",1998,0,0,0.00
"French Polynesia",1997,0,0,0.00
"French Polynesia",1996,0,0,0.00
"French Polynesia",1995,0,0,0.00
"French Polynesia",1994,0,0,0.00
"French Polynesia",1993,0,0,0.00
"French Polynesia",1992,0,0,0.00
"French Polynesia",1991,0,0,0.00
"French Polynesia",1990,0,NULL,0.00
Gabon,2021,0,0,0.00
Gabon,2020,0,2,-1.00
Gabon,2019,2,0,0.00
Gabon,2018,0,0,0.00
Gabon,2017,0,0,0.00
Gabon,2016,0,0,0.00
Gabon,2015,0,0,0.00
Gabon,2014,0,0,0.00
Gabon,2013,0,0,0.00
Gabon,2012,0,0,0.00
Gabon,2011,0,0,0.00
Gabon,2010,0,0,0.00
Gabon,2009,0,0,0.00
Gabon,2008,0,0,0.00
Gabon,2007,0,0,0.00
Gabon,2006,0,19,-1.00
Gabon,2005,19,18,0.06
Gabon,2004,18,0,0.00
Gabon,2003,0,0,0.00
Gabon,2002,0,0,0.00
Gabon,2001,0,3,-1.00
Gabon,2000,3,0,0.00
Gabon,1999,0,0,0.00
Gabon,1998,0,0,0.00
Gabon,1997,0,0,0.00
Gabon,1996,0,0,0.00
Gabon,1995,0,0,0.00
Gabon,1994,0,0,0.00
Gabon,1993,0,0,0.00
Gabon,1992,0,0,0.00
Gabon,1991,0,0,0.00
Gabon,1990,0,NULL,0.00
Gambia,2021,0,0,0.00
Gambia,2020,0,8,-1.00
Gambia,2019,8,2,3.00
Gambia,2018,2,314,-0.99
Gambia,2017,314,253,0.24
Gambia,2016,253,97,1.61
Gambia,2015,97,292,-0.67
Gambia,2014,292,420,-0.30
Gambia,2013,420,604,-0.30
Gambia,2012,604,571,0.06
Gambia,2011,571,36,14.86
Gambia,2010,36,670,-0.95
Gambia,2009,670,0,0.00
Gambia,2008,0,0,0.00
Gambia,2007,0,5,-1.00
Gambia,2006,5,0,0.00
Gambia,2005,0,15,-1.00
Gambia,2004,15,1,14.00
Gambia,2003,1,0,0.00
Gambia,2002,0,1,-1.00
Gambia,2001,1,6,-0.83
Gambia,2000,6,32,-0.81
Gambia,1999,32,28,0.14
Gambia,1998,28,28,0.00
Gambia,1997,28,28,0.00
Gambia,1996,28,28,0.00
Gambia,1995,28,0,0.00
Gambia,1994,0,0,0.00
Gambia,1993,0,0,0.00
Gambia,1992,0,0,0.00
Gambia,1991,0,0,0.00
Gambia,1990,0,NULL,0.00
Georgia,2021,2440,2374,0.03
Georgia,2020,2374,2099,0.13
Georgia,2019,2099,2058,0.02
Georgia,2018,2058,2270,-0.09
Georgia,2017,2270,1567,0.45
Georgia,2016,1567,1708,-0.08
Georgia,2015,1708,1913,-0.11
Georgia,2014,1913,1928,-0.01
Georgia,2013,1928,2297,-0.16
Georgia,2012,2297,2325,-0.01
Georgia,2011,2325,1492,0.56
Georgia,2010,1492,2466,-0.39
Georgia,2009,2466,2213,0.11
Georgia,2008,2213,2303,-0.04
Georgia,2007,2303,3818,-0.40
Georgia,2006,3818,6017,-0.37
Georgia,2005,6017,7191,-0.16
Georgia,2004,7191,8471,-0.15
Georgia,2003,8471,8944,-0.05
Georgia,2002,8944,9621,-0.07
Georgia,2001,9621,9639,0.00
Georgia,2000,9639,14190,-0.32
Georgia,1999,14190,10100,0.40
Georgia,1998,10100,15048,-0.33
Georgia,1997,15048,16100,-0.07
Georgia,1996,16100,5000,2.22
Georgia,1995,5000,5100,-0.02
Georgia,1994,5100,28503,-0.82
Georgia,1993,28503,0,0.00
Georgia,1992,0,NULL,0.00
Germany,2021,22201,22111,0.00
Germany,2020,22111,22728,-0.03
Germany,2019,22728,23106,-0.02
Germany,2018,23106,25578,-0.10
Germany,2017,25578,25697,0.00
Germany,2016,25697,25392,0.01
Germany,2015,25392,27163,-0.07
Germany,2014,27163,26948,0.01
Germany,2013,26948,27059,0.00
Germany,2012,27059,28665,-0.06
Germany,2011,28665,25939,0.11
Germany,2010,25939,25301,0.03
Germany,2009,25301,26994,-0.06
Germany,2008,26994,24037,0.12
Germany,2007,24037,25310,-0.05
Germany,2006,25310,22090,0.15
Germany,2005,22090,21646,0.02
Germany,2004,21646,18755,0.15
Germany,2003,18755,18274,0.03
Germany,2002,18274,17272,0.06
Germany,2001,17272,17012,0.02
Germany,2000,17012,14802,0.15
Germany,1999,14802,16329,-0.09
Germany,1998,16329,16633,-0.02
Germany,1997,16633,13555,0.23
Germany,1996,13555,13109,0.03
Germany,1995,13109,12891,0.02
Germany,1994,12891,11769,0.10
Germany,1993,11769,7130,0.65
Germany,1992,7130,7208,-0.01
Germany,1991,7208,8779,-0.18
Germany,1990,8779,NULL,0.00
Ghana,2021,48,28,0.71
Ghana,2020,28,9,2.11
Ghana,2019,9,31,-0.71
Ghana,2018,31,69,-0.55
Ghana,2017,69,3,22.00
Ghana,2016,3,100,-0.97
Ghana,2015,100,720,-0.86
Ghana,2014,720,372,0.94
Ghana,2013,372,23,15.17
Ghana,2012,23,89,-0.74
Ghana,2011,89,0,0.00
Ghana,2010,0,72,-1.00
Ghana,2009,72,93,-0.23
Ghana,2008,93,233,-0.60
Ghana,2007,233,76,2.07
Ghana,2006,76,35,1.17
Ghana,2005,35,32,0.09
Ghana,2004,32,37,-0.14
Ghana,2003,37,410,-0.91
Ghana,2002,410,10,40.00
Ghana,2001,10,2,4.00
Ghana,2000,2,4,-0.50
Ghana,1999,4,4,0.00
Ghana,1998,4,0,0.00
Ghana,1997,0,5,-1.00
Ghana,1996,5,0,0.00
Ghana,1995,0,0,0.00
Ghana,1994,0,0,0.00
Ghana,1993,0,0,0.00
Ghana,1992,0,0,0.00
Ghana,1991,0,0,0.00
Ghana,1990,0,NULL,0.00
Greece,2021,118,169,-0.30
Greece,2020,169,464,-0.64
Greece,2019,464,303,0.53
Greece,2018,303,128,1.37
Greece,2017,128,96,0.33
Greece,2016,96,62,0.55
Greece,2015,62,47,0.32
Greece,2014,47,49,-0.04
Greece,2013,49,51,-0.04
Greece,2012,51,68,-0.25
Greece,2011,68,70,-0.03
Greece,2010,70,38,0.84
Greece,2009,38,19,1.00
Greece,2008,19,25,-0.24
Greece,2007,25,20,0.25
Greece,2006,20,30,-0.33
Greece,2005,30,23,0.30
Greece,2004,23,80,-0.71
Greece,2003,80,84,-0.05
Greece,2002,84,127,-0.34
Greece,2001,127,18,6.06
Greece,2000,18,44,-0.59
Greece,1999,44,64,-0.31
Greece,1998,64,26,1.46
Greece,1997,26,35,-0.26
Greece,1996,35,39,-0.10
Greece,1995,39,91,-0.57
Greece,1994,91,240,-0.62
Greece,1993,240,121,0.98
Greece,1992,121,8,14.13
Greece,1991,8,36,-0.78
Greece,1990,36,NULL,0.00
Grenada,2021,0,0,0.00
Grenada,2020,0,0,0.00
Grenada,2019,0,0,0.00
Grenada,2018,0,0,0.00
Grenada,2017,0,0,0.00
Grenada,2016,0,0,0.00
Grenada,2015,0,0,0.00
Grenada,2014,0,0,0.00
Grenada,2013,0,0,0.00
Grenada,2012,0,0,0.00
Grenada,2011,0,0,0.00
Grenada,2010,0,0,0.00
Grenada,2009,0,0,0.00
Grenada,2008,0,0,0.00
Grenada,2007,0,0,0.00
Grenada,2006,0,0,0.00
Grenada,2005,0,0,0.00
Grenada,2004,0,0,0.00
Grenada,2003,0,0,0.00
Grenada,2002,0,0,0.00
Grenada,2001,0,0,0.00
Grenada,2000,0,0,0.00
Grenada,1999,0,0,0.00
Grenada,1998,0,0,0.00
Grenada,1997,0,0,0.00
Grenada,1996,0,0,0.00
Grenada,1995,0,0,0.00
Grenada,1994,0,0,0.00
Grenada,1993,0,0,0.00
Grenada,1992,0,0,0.00
Grenada,1991,0,0,0.00
Grenada,1990,0,NULL,0.00
Guatemala,2021,169,159,0.06
Guatemala,2020,159,162,-0.02
Guatemala,2019,162,136,0.19
Guatemala,2018,136,141,-0.04
Guatemala,2017,141,165,-0.15
Guatemala,2016,165,131,0.26
Guatemala,2015,131,158,-0.17
Guatemala,2014,158,155,0.02
Guatemala,2013,155,145,0.07
Guatemala,2012,145,132,0.10
Guatemala,2011,132,182,-0.27
Guatemala,2010,182,252,-0.28
Guatemala,2009,252,254,-0.01
Guatemala,2008,254,350,-0.27
Guatemala,2007,350,232,0.51
Guatemala,2006,232,97,1.39
Guatemala,2005,97,97,0.00
Guatemala,2004,97,47,1.06
Guatemala,2003,47,62,-0.24
Guatemala,2002,62,109,-0.43
Guatemala,2001,109,63,0.73
Guatemala,2000,63,168,-0.63
Guatemala,1999,168,91,0.85
Guatemala,1998,91,141,-0.35
Guatemala,1997,141,135,0.04
Guatemala,1996,135,105,0.29
Guatemala,1995,105,230,-0.54
Guatemala,1994,230,270,-0.15
Guatemala,1993,270,54,4.00
Guatemala,1992,54,45,0.20
Guatemala,1991,45,24,0.88
Guatemala,1990,24,NULL,0.00
Guinea,2021,1,1,0.00
Guinea,2020,1,6,-0.83
Guinea,2019,6,12,-0.50
Guinea,2018,12,3,3.00
Guinea,2017,3,0,0.00
Guinea,2016,0,4,-1.00
Guinea,2015,4,0,0.00
Guinea,2014,0,0,0.00
Guinea,2013,0,0,0.00
Guinea,2012,0,0,0.00
Guinea,2011,0,0,0.00
Guinea,2010,0,0,0.00
Guinea,2009,0,0,0.00
Guinea,2008,0,0,0.00
Guinea,2007,0,0,0.00
Guinea,2006,0,0,0.00
Guinea,2005,0,0,0.00
Guinea,2004,0,0,0.00
Guinea,2003,0,0,0.00
Guinea,2002,0,0,0.00
Guinea,2001,0,0,0.00
Guinea,2000,0,0,0.00
Guinea,1999,0,0,0.00
Guinea,1998,0,0,0.00
Guinea,1997,0,0,0.00
Guinea,1996,0,0,0.00
Guinea,1995,0,0,0.00
Guinea,1994,0,0,0.00
Guinea,1993,0,0,0.00
Guinea,1992,0,0,0.00
Guinea,1991,0,0,0.00
Guinea,1990,0,NULL,0.00
Guinea-Bissau,2021,0,0,0.00
Guinea-Bissau,2020,0,1,-1.00
Guinea-Bissau,2019,1,0,0.00
Guinea-Bissau,2018,0,0,0.00
Guinea-Bissau,2017,0,0,0.00
Guinea-Bissau,2016,0,0,0.00
Guinea-Bissau,2015,0,3,-1.00
Guinea-Bissau,2014,3,0,0.00
Guinea-Bissau,2013,0,0,0.00
Guinea-Bissau,2012,0,0,0.00
Guinea-Bissau,2011,0,0,0.00
Guinea-Bissau,2010,0,0,0.00
Guinea-Bissau,2009,0,0,0.00
Guinea-Bissau,2008,0,0,0.00
Guinea-Bissau,2007,0,0,0.00
Guinea-Bissau,2006,0,0,0.00
Guinea-Bissau,2005,0,0,0.00
Guinea-Bissau,2004,0,0,0.00
Guinea-Bissau,2003,0,0,0.00
Guinea-Bissau,2002,0,0,0.00
Guinea-Bissau,2001,0,0,0.00
Guinea-Bissau,2000,0,0,0.00
Guinea-Bissau,1999,0,0,0.00
Guinea-Bissau,1998,0,0,0.00
Guinea-Bissau,1997,0,0,0.00
Guinea-Bissau,1996,0,0,0.00
Guinea-Bissau,1995,0,0,0.00
Guinea-Bissau,1994,0,0,0.00
Guinea-Bissau,1993,0,0,0.00
Guinea-Bissau,1992,0,0,0.00
Guinea-Bissau,1991,0,0,0.00
Guinea-Bissau,1990,0,NULL,0.00
Guyana,2021,0,2,-1.00
Guyana,2020,2,3,-0.33
Guyana,2019,3,3,0.00
Guyana,2018,3,3,0.00
Guyana,2017,3,15,-0.80
Guyana,2016,15,52,-0.71
Guyana,2015,52,99,-0.47
Guyana,2014,99,17,4.82
Guyana,2013,17,17,0.00
Guyana,2012,17,102,-0.83
Guyana,2011,102,18,4.67
Guyana,2010,18,49,-0.63
Guyana,2009,49,6,7.17
Guyana,2008,6,0,0.00
Guyana,2007,0,3,-1.00
Guyana,2006,3,0,0.00
Guyana,2005,0,2,-1.00
Guyana,2004,2,1,1.00
Guyana,2003,1,1,0.00
Guyana,2002,1,2,-0.50
Guyana,2001,2,1,1.00
Guyana,2000,1,0,0.00
Guyana,1999,0,0,0.00
Guyana,1998,0,0,0.00
Guyana,1997,0,0,0.00
Guyana,1996,0,0,0.00
Guyana,1995,0,0,0.00
Guyana,1994,0,0,0.00
Guyana,1993,0,0,0.00
Guyana,1992,0,0,0.00
Guyana,1991,0,0,0.00
Guyana,1990,0,NULL,0.00
Haiti,2021,1,1,0.00
Haiti,2020,1,0,0.00
Haiti,2019,0,0,0.00
Haiti,2018,0,0,0.00
Haiti,2017,0,0,0.00
Haiti,2016,0,3,-1.00
Haiti,2015,3,0,0.00
Haiti,2014,0,0,0.00
Haiti,2013,0,0,0.00
Haiti,2012,0,0,0.00
Haiti,2011,0,0,0.00
Haiti,2010,0,0,0.00
Haiti,2009,0,0,0.00
Haiti,2008,0,0,0.00
Haiti,2007,0,0,0.00
Haiti,2006,0,0,0.00
Haiti,2005,0,0,0.00
Haiti,2004,0,0,0.00
Haiti,2003,0,0,0.00
Haiti,2002,0,0,0.00
Haiti,2001,0,0,0.00
Haiti,2000,0,0,0.00
Haiti,1999,0,0,0.00
Haiti,1998,0,0,0.00
Haiti,1997,0,0,0.00
Haiti,1996,0,0,0.00
Haiti,1995,0,0,0.00
Haiti,1994,0,0,0.00
Haiti,1993,0,0,0.00
Haiti,1992,0,0,0.00
Haiti,1991,0,0,0.00
Haiti,1990,0,NULL,0.00
Honduras,2021,1,1,0.00
Honduras,2020,1,0,0.00
Honduras,2019,0,6,-1.00
Honduras,2018,6,17,-0.65
Honduras,2017,17,3,4.67
Honduras,2016,3,0,0.00
Honduras,2015,0,1,-1.00
Honduras,2014,1,0,0.00
Honduras,2013,0,0,0.00
Honduras,2012,0,0,0.00
Honduras,2011,0,0,0.00
Honduras,2010,0,0,0.00
Honduras,2009,0,0,0.00
Honduras,2008,0,0,0.00
Honduras,2007,0,1,-1.00
Honduras,2006,1,1,0.00
Honduras,2005,1,0,0.00
Honduras,2004,0,0,0.00
Honduras,2003,0,1,-1.00
Honduras,2002,1,0,0.00
Honduras,2001,0,14,-1.00
Honduras,2000,14,124,-0.89
Honduras,1999,124,94,0.32
Honduras,1998,94,0,0.00
Honduras,1997,0,0,0.00
Honduras,1996,0,0,0.00
Honduras,1995,0,0,0.00
Honduras,1994,0,0,0.00
Honduras,1993,0,14,-1.00
Honduras,1992,14,0,0.00
Honduras,1991,0,0,0.00
Honduras,1990,0,NULL,0.00
Hungary,2021,62,46,0.35
Hungary,2020,46,41,0.12
Hungary,2019,41,43,-0.05
Hungary,2018,43,49,-0.12
Hungary,2017,49,38,0.29
Hungary,2016,38,48,-0.21
Hungary,2015,48,1087,-0.96
Hungary,2014,1087,1074,0.01
Hungary,2013,1074,1396,-0.23
Hungary,2012,1396,1955,-0.29
Hungary,2011,1955,1367,0.43
Hungary,2010,1367,1326,0.03
Hungary,2009,1326,1662,-0.20
Hungary,2008,1662,1678,-0.01
Hungary,2007,1678,1473,0.14
Hungary,2006,1473,1166,0.26
Hungary,2005,1166,1004,0.16
Hungary,2004,1004,985,0.02
Hungary,2003,985,768,0.28
Hungary,2002,768,669,0.15
Hungary,2001,669,516,0.30
Hungary,2000,516,349,0.48
Hungary,1999,349,474,-0.26
Hungary,1998,474,379,0.25
Hungary,1997,379,485,-0.22
Hungary,1996,485,434,0.12
Hungary,1995,434,686,-0.37
Hungary,1994,686,166,3.13
Hungary,1993,166,189,-0.12
Hungary,1992,189,70,1.70
Hungary,1991,70,184,-0.62
Hungary,1990,184,NULL,0.00
Iceland,2021,1,1,0.00
Iceland,2020,1,1,0.00
Iceland,2019,1,0,0.00
Iceland,2018,0,0,0.00
Iceland,2017,0,0,0.00
Iceland,2016,0,0,0.00
Iceland,2015,0,0,0.00
Iceland,2014,0,0,0.00
Iceland,2013,0,0,0.00
Iceland,2012,0,0,0.00
Iceland,2011,0,0,0.00
Iceland,2010,0,0,0.00
Iceland,2009,0,0,0.00
Iceland,2008,0,0,0.00
Iceland,2007,0,0,0.00
Iceland,2006,0,0,0.00
Iceland,2005,0,0,0.00
Iceland,2004,0,0,0.00
Iceland,2003,0,0,0.00
Iceland,2002,0,0,0.00
Iceland,2001,0,0,0.00
Iceland,2000,0,0,0.00
Iceland,1999,0,0,0.00
Iceland,1998,0,0,0.00
Iceland,1997,0,0,0.00
Iceland,1996,0,0,0.00
Iceland,1995,0,0,0.00
Iceland,1994,0,0,0.00
Iceland,1993,0,0,0.00
Iceland,1992,0,0,0.00
Iceland,1991,0,0,0.00
Iceland,1990,0,NULL,0.00
India,2021,197240,210486,-0.06
India,2020,210486,258051,-0.18
India,2019,258051,262423,-0.02
India,2018,262423,261419,0.00
India,2017,261419,230456,0.13
India,2016,230456,235132,-0.02
India,2015,235132,212606,0.11
India,2014,212606,254841,-0.17
India,2013,254841,225082,0.13
India,2012,225082,322548,-0.30
India,2011,322548,234560,0.38
India,2010,234560,203863,0.15
India,2009,203863,203207,0.00
India,2008,203207,193459,0.05
India,2007,193459,181326,0.07
India,2006,181326,159121,0.14
India,2005,159121,174728,-0.09
India,2004,174728,174246,0.00
India,2003,174246,181617,-0.04
India,2002,181617,177603,0.02
India,2001,177603,200868,-0.12
India,2000,200868,177507,0.13
India,1999,177507,201798,-0.12
India,1998,201798,191472,0.05
India,1997,191472,138360,0.38
India,1996,138360,158333,-0.13
India,1995,158333,150874,0.05
India,1994,150874,153159,-0.01
India,1993,153159,166359,-0.08
India,1992,166359,215144,-0.23
India,1991,215144,198136,0.09
India,1990,198136,NULL,0.00
Indonesia,2021,42640,45265,-0.06
Indonesia,2020,45265,42491,0.07
Indonesia,2019,42491,49030,-0.13
Indonesia,2018,49030,51357,-0.05
Indonesia,2017,51357,51317,0.00
Indonesia,2016,51317,61915,-0.17
Indonesia,2015,61915,66399,-0.07
Indonesia,2014,66399,70842,-0.06
Indonesia,2013,70842,70071,0.01
Indonesia,2012,70071,75450,-0.07
Indonesia,2011,75450,87101,-0.13
Indonesia,2010,87101,92304,-0.06
Indonesia,2009,92304,96210,-0.04
Indonesia,2008,96210,83659,0.15
Indonesia,2007,83659,95339,-0.12
Indonesia,2006,95339,102294,-0.07
Indonesia,2005,102294,98572,0.04
Indonesia,2004,98572,88176,0.12
Indonesia,2003,88176,100185,-0.12
Indonesia,2002,100185,99797,0.00
Indonesia,2001,99797,105581,-0.05
Indonesia,2000,105581,97847,0.08
Indonesia,1999,97847,67219,0.46
Indonesia,1998,67219,66843,0.01
Indonesia,1997,66843,101532,-0.34
Indonesia,1996,101532,79227,0.28
Indonesia,1995,79227,84916,-0.07
Indonesia,1994,84916,123925,-0.31
Indonesia,1993,123925,121243,0.02
Indonesia,1992,121243,110207,0.10
Indonesia,1991,110207,110959,-0.01
Indonesia,1990,110959,NULL,0.00
Iran,2021,9807,12000,-0.18
Iran,2020,12000,10000,0.20
Iran,2019,10000,16327,-0.39
Iran,2018,16327,14658,0.11
Iran,2017,14658,14787,-0.01
Iran,2016,14787,7968,0.86
Iran,2015,7968,35613,-0.78
Iran,2014,35613,14620,1.44
Iran,2013,14620,11208,0.30
Iran,2012,11208,22429,-0.50
Iran,2011,22429,24611,-0.09
Iran,2010,24611,10772,1.28
Iran,2009,10772,24084,-0.55
Iran,2008,24084,77028,-0.69
Iran,2007,77028,33548,1.30
Iran,2006,33548,12756,1.63
Iran,2005,12756,9491,0.34
Iran,2004,9491,7402,0.28
Iran,2003,7402,8233,-0.10
Iran,2002,8233,10004,-0.18
Iran,2001,10004,21237,-0.53
Iran,2000,21237,18331,0.16
Iran,1999,18331,7731,1.37
Iran,1998,7731,7708,0.00
Iran,1997,7708,0,0.00
Iran,1996,0,0,0.00
Iran,1995,0,1038,-1.00
Iran,1994,1038,0,0.00
Iran,1993,0,0,0.00
Iran,1992,0,0,0.00
Iran,1991,0,350,-1.00
Iran,1990,350,NULL,0.00
Iraq,2021,30,4,6.50
Iraq,2020,4,5,-0.20
Iraq,2019,5,0,0.00
Iraq,2018,0,51,-1.00
Iraq,2017,51,0,0.00
Iraq,2016,0,0,0.00
Iraq,2015,0,0,0.00
Iraq,2014,0,0,0.00
Iraq,2013,0,0,0.00
Iraq,2012,0,0,0.00
Iraq,2011,0,0,0.00
Iraq,2010,0,0,0.00
Iraq,2009,0,0,0.00
Iraq,2008,0,0,0.00
Iraq,2007,0,0,0.00
Iraq,2006,0,0,0.00
Iraq,2005,0,0,0.00
Iraq,2004,0,0,0.00
Iraq,2003,0,0,0.00
Iraq,2002,0,0,0.00
Iraq,2001,0,0,0.00
Iraq,2000,0,0,0.00
Iraq,1999,0,0,0.00
Iraq,1998,0,0,0.00
Iraq,1997,0,0,0.00
Iraq,1996,0,0,0.00
Iraq,1995,0,0,0.00
Iraq,1994,0,0,0.00
Iraq,1993,0,0,0.00
Iraq,1992,0,0,0.00
Iraq,1991,0,0,0.00
Iraq,1990,0,NULL,0.00
Ireland,2021,1165,796,0.46
Ireland,2020,796,768,0.04
Ireland,2019,768,745,0.03
Ireland,2018,745,861,-0.13
Ireland,2017,861,723,0.19
Ireland,2016,723,589,0.23
Ireland,2015,589,653,-0.10
Ireland,2014,653,731,-0.11
Ireland,2013,731,1127,-0.35
Ireland,2012,1127,1278,-0.12
Ireland,2011,1278,876,0.46
Ireland,2010,876,349,1.51
Ireland,2009,349,473,-0.26
Ireland,2008,473,433,0.09
Ireland,2007,433,362,0.20
Ireland,2006,362,522,-0.31
Ireland,2005,522,398,0.31
Ireland,2004,398,646,-0.38
Ireland,2003,646,590,0.09
Ireland,2002,590,577,0.02
Ireland,2001,577,440,0.31
Ireland,2000,440,789,-0.44
Ireland,1999,789,1159,-0.32
Ireland,1998,1159,371,2.12
Ireland,1997,371,377,-0.02
Ireland,1996,377,125,2.02
Ireland,1995,125,172,-0.27
Ireland,1994,172,252,-0.32
Ireland,1993,252,713,-0.65
Ireland,1992,713,1508,-0.53
Ireland,1991,1508,1406,0.07
Ireland,1990,1406,NULL,0.00
Israel,2021,141,157,-0.10
Israel,2020,157,150,0.05
Israel,2019,150,118,0.27
Israel,2018,118,87,0.36
Israel,2017,87,158,-0.45
Israel,2016,158,115,0.37
Israel,2015,115,155,-0.26
Israel,2014,155,148,0.05
Israel,2013,148,118,0.25
Israel,2012,118,148,-0.20
Israel,2011,148,204,-0.27
Israel,2010,204,136,0.50
Israel,2009,136,242,-0.44
Israel,2008,242,296,-0.18
Israel,2007,296,340,-0.13
Israel,2006,340,273,0.25
Israel,2005,273,323,-0.15
Israel,2004,323,120,1.69
Israel,2003,120,49,1.45
Israel,2002,49,97,-0.49
Israel,2001,97,155,-0.37
Israel,2000,155,40,2.88
Israel,1999,40,25,0.60
Israel,1998,25,25,0.00
Israel,1997,25,25,0.00
Israel,1996,25,70,-0.64
Israel,1995,70,75,-0.07
Israel,1994,75,75,0.00
Israel,1993,75,100,-0.25
Israel,1992,100,5,19.00
Israel,1991,5,10,-0.50
Israel,1990,10,NULL,0.00
Italy,2021,697,810,-0.14
Italy,2020,810,1523,-0.47
Italy,2019,1523,1229,0.24
Italy,2018,1229,777,0.58
Italy,2017,777,1648,-0.53
Italy,2016,1648,1075,0.53
Italy,2015,1075,1016,0.06
Italy,2014,1016,623,0.63
Italy,2013,623,1100,-0.43
Italy,2012,1100,1297,-0.15
Italy,2011,1297,1223,0.06
Italy,2010,1223,875,0.40
Italy,2009,875,1018,-0.14
Italy,2008,1018,1059,-0.04
Italy,2007,1059,1704,-0.38
Italy,2006,1704,971,0.75
Italy,2005,971,862,0.13
Italy,2004,862,786,0.10
Italy,2003,786,712,0.10
Italy,2002,712,675,0.05
Italy,2001,675,763,-0.12
Italy,2000,763,816,-0.06
Italy,1999,816,224,2.64
Italy,1998,224,156,0.44
Italy,1997,156,269,-0.42
Italy,1996,269,243,0.11
Italy,1995,243,249,-0.02
Italy,1994,249,174,0.43
Italy,1993,174,419,-0.58
Italy,1992,419,574,-0.27
Italy,1991,574,596,-0.04
Italy,1990,596,NULL,0.00
Jamaica,2021,370,356,0.04
Jamaica,2020,356,281,0.27
Jamaica,2019,281,309,-0.09
Jamaica,2018,309,275,0.12
Jamaica,2017,275,193,0.42
Jamaica,2016,193,198,-0.03
Jamaica,2015,198,388,-0.49
Jamaica,2014,388,360,0.08
Jamaica,2013,360,263,0.37
Jamaica,2012,263,106,1.48
Jamaica,2011,106,180,-0.41
Jamaica,2010,180,102,0.76
Jamaica,2009,102,60,0.70
Jamaica,2008,60,53,0.13
Jamaica,2007,53,127,-0.58
Jamaica,2006,127,20,5.35
Jamaica,2005,20,23,-0.13
Jamaica,2004,23,168,-0.86
Jamaica,2003,168,75,1.24
Jamaica,2002,75,38,0.97
Jamaica,2001,38,0,0.00
Jamaica,2000,0,22,-1.00
Jamaica,1999,22,0,0.00
Jamaica,1998,0,0,0.00
Jamaica,1997,0,0,0.00
Jamaica,1996,0,0,0.00
Jamaica,1995,0,0,0.00
Jamaica,1994,0,0,0.00
Jamaica,1993,0,0,0.00
Jamaica,1992,0,14,-1.00
Jamaica,1991,14,25,-0.44
Jamaica,1990,25,NULL,0.00
Japan,2021,6297,5340,0.18
Japan,2020,5340,5192,0.03
Japan,2019,5192,5222,-0.01
Japan,2018,5222,4745,0.10
Japan,2017,4745,4251,0.12
Japan,2016,4251,4263,0.00
Japan,2015,4263,3594,0.19
Japan,2014,3594,3048,0.18
Japan,2013,3048,2408,0.27
Japan,2012,2408,2420,0.00
Japan,2011,2420,2287,0.06
Japan,2010,2287,1984,0.15
Japan,2009,1984,1767,0.12
Japan,2008,1767,1769,0.00
Japan,2007,1769,1681,0.05
Japan,2006,1681,1145,0.47
Japan,2005,1145,923,0.24
Japan,2004,923,845,0.09
Japan,2003,845,806,0.05
Japan,2002,806,625,0.29
Japan,2001,625,704,-0.11
Japan,2000,704,828,-0.15
Japan,1999,828,752,0.10
Japan,1998,752,580,0.30
Japan,1997,580,495,0.17
Japan,1996,495,494,0.00
Japan,1995,494,345,0.43
Japan,1994,345,328,0.05
Japan,1993,328,290,0.13
Japan,1992,290,289,0.00
Japan,1991,289,322,-0.10
Japan,1990,322,NULL,0.00
Jordan,2021,4263,2960,0.44
Jordan,2020,2960,3203,-0.08
Jordan,2019,3203,3340,-0.04
Jordan,2018,3340,2623,0.27
Jordan,2017,2623,2501,0.05
Jordan,2016,2501,1077,1.32
Jordan,2015,1077,441,1.44
Jordan,2014,441,332,0.33
Jordan,2013,332,378,-0.12
Jordan,2012,378,577,-0.34
Jordan,2011,577,131,3.40
Jordan,2010,131,610,-0.79
Jordan,2009,610,421,0.45
Jordan,2008,421,83,4.07
Jordan,2007,83,72,0.15
Jordan,2006,72,89,-0.19
Jordan,2005,89,212,-0.58
Jordan,2004,212,273,-0.22
Jordan,2003,273,150,0.82
Jordan,2002,150,159,-0.06
Jordan,2001,159,166,-0.04
Jordan,2000,166,284,-0.42
Jordan,1999,284,96,1.96
Jordan,1998,96,103,-0.07
Jordan,1997,103,236,-0.56
Jordan,1996,236,222,0.06
Jordan,1995,222,478,-0.54
Jordan,1994,478,79,5.05
Jordan,1993,79,425,-0.81
Jordan,1992,425,1455,-0.71
Jordan,1991,1455,215,5.77
Jordan,1990,215,NULL,0.00
Kazakhstan,2021,5654,4171,0.36
Kazakhstan,2020,4171,2616,0.59
Kazakhstan,2019,2616,2958,-0.12
Kazakhstan,2018,2958,1863,0.59
Kazakhstan,2017,1863,1928,-0.03
Kazakhstan,2016,1928,1687,0.14
Kazakhstan,2015,1687,1521,0.11
Kazakhstan,2014,1521,1527,0.00
Kazakhstan,2013,1527,1382,0.10
Kazakhstan,2012,1382,761,0.82
Kazakhstan,2011,761,269,1.83
Kazakhstan,2010,269,426,-0.37
Kazakhstan,2009,426,733,-0.42
Kazakhstan,2008,733,258,1.84
Kazakhstan,2007,258,270,-0.04
Kazakhstan,2006,270,218,0.24
Kazakhstan,2005,218,127,0.72
Kazakhstan,2004,127,109,0.17
Kazakhstan,2003,109,259,-0.58
Kazakhstan,2002,259,74,2.50
Kazakhstan,2001,74,150,-0.51
Kazakhstan,2000,150,195,-0.23
Kazakhstan,1999,195,4,47.75
Kazakhstan,1998,4,85,-0.95
Kazakhstan,1997,85,235,-0.64
Kazakhstan,1996,235,438,-0.46
Kazakhstan,1995,438,0,0.00
Kazakhstan,1994,0,0,0.00
Kazakhstan,1993,0,0,0.00
Kazakhstan,1992,0,NULL,0.00
Kenya,2021,556552,575509,-0.03
Kenya,2020,575509,475997,0.21
Kenya,2019,475997,500591,-0.05
Kenya,2018,500591,467024,0.07
Kenya,2017,467024,481076,-0.03
Kenya,2016,481076,298557,0.61
Kenya,2015,298557,296136,0.01
Kenya,2014,296136,448809,-0.34
Kenya,2013,448809,234181,0.92
Kenya,2012,234181,306678,-0.24
Kenya,2011,306678,417661,-0.27
Kenya,2010,417661,331594,0.26
Kenya,2009,331594,396641,-0.16
Kenya,2008,396641,374329,0.06
Kenya,2007,374329,325066,0.15
Kenya,2006,325066,347971,-0.07
Kenya,2005,347971,284309,0.22
Kenya,2004,284309,293751,-0.03
Kenya,2003,293751,288300,0.02
Kenya,2002,288300,207244,0.39
Kenya,2001,207244,217282,-0.05
Kenya,2000,217282,245716,-0.12
Kenya,1999,245716,263685,-0.07
Kenya,1998,263685,199224,0.32
Kenya,1997,199224,261813,-0.24
Kenya,1996,261813,258564,0.01
Kenya,1995,258564,176962,0.46
Kenya,1994,176962,199379,-0.11
Kenya,1993,199379,172053,0.16
Kenya,1992,172053,175625,-0.02
Kenya,1991,175625,166405,0.06
Kenya,1990,166405,NULL,0.00
Kiribati,2021,3,0,0.00
Kiribati,2020,0,3,-1.00
Kiribati,2019,3,0,0.00
Kiribati,2018,0,0,0.00
Kiribati,2017,0,0,0.00
Kiribati,2016,0,0,0.00
Kiribati,2015,0,0,0.00
Kiribati,2014,0,0,0.00
Kiribati,2013,0,0,0.00
Kiribati,2012,0,0,0.00
Kiribati,2011,0,0,0.00
Kiribati,2010,0,0,0.00
Kiribati,2009,0,0,0.00
Kiribati,2008,0,0,0.00
Kiribati,2007,0,0,0.00
Kiribati,2006,0,0,0.00
Kiribati,2005,0,0,0.00
Kiribati,2004,0,0,0.00
Kiribati,2003,0,0,0.00
Kiribati,2002,0,0,0.00
Kiribati,2001,0,0,0.00
Kiribati,2000,0,0,0.00
Kiribati,1999,0,0,0.00
Kiribati,1998,0,0,0.00
Kiribati,1997,0,0,0.00
Kiribati,1996,0,0,0.00
Kiribati,1995,0,0,0.00
Kiribati,1994,0,0,0.00
Kiribati,1993,0,0,0.00
Kiribati,1992,0,0,0.00
Kiribati,1991,0,0,0.00
Kiribati,1990,0,NULL,0.00
Kuwait,2021,8,528,-0.98
Kuwait,2020,528,43,11.28
Kuwait,2019,43,647,-0.93
Kuwait,2018,647,721,-0.10
Kuwait,2017,721,423,0.70
Kuwait,2016,423,517,-0.18
Kuwait,2015,517,970,-0.47
Kuwait,2014,970,1169,-0.17
Kuwait,2013,1169,1,1168.00
Kuwait,2012,1,1,0.00
Kuwait,2011,1,4,-0.75
Kuwait,2010,4,775,-0.99
Kuwait,2009,775,39,18.87
Kuwait,2008,39,39,0.00
Kuwait,2007,39,21,0.86
Kuwait,2006,21,6,2.50
Kuwait,2005,6,15,-0.60
Kuwait,2004,15,1,14.00
Kuwait,2003,1,66,-0.98
Kuwait,2002,66,556,-0.88
Kuwait,2001,556,454,0.22
Kuwait,2000,454,580,-0.22
Kuwait,1999,580,507,0.14
Kuwait,1998,507,589,-0.14
Kuwait,1997,589,250,1.36
Kuwait,1996,250,411,-0.39
Kuwait,1995,411,168,1.45
Kuwait,1994,168,67,1.51
Kuwait,1993,67,53,0.26
Kuwait,1992,53,401,-0.87
Kuwait,1991,401,113,2.55
Kuwait,1990,113,NULL,0.00
Kyrgyzstan,2021,86,364,-0.76
Kyrgyzstan,2020,364,247,0.47
Kyrgyzstan,2019,247,308,-0.20
Kyrgyzstan,2018,308,274,0.12
Kyrgyzstan,2017,274,168,0.63
Kyrgyzstan,2016,168,200,-0.16
Kyrgyzstan,2015,200,19,9.53
Kyrgyzstan,2014,19,99,-0.81
Kyrgyzstan,2013,99,475,-0.79
Kyrgyzstan,2012,475,401,0.18
Kyrgyzstan,2011,401,223,0.80
Kyrgyzstan,2010,223,236,-0.06
Kyrgyzstan,2009,236,259,-0.09
Kyrgyzstan,2008,259,203,0.28
Kyrgyzstan,2007,203,362,-0.44
Kyrgyzstan,2006,362,376,-0.04
Kyrgyzstan,2005,376,1005,-0.63
Kyrgyzstan,2004,1005,968,0.04
Kyrgyzstan,2003,968,915,0.06
Kyrgyzstan,2002,915,261,2.51
Kyrgyzstan,2001,261,290,-0.10
Kyrgyzstan,2000,290,221,0.31
Kyrgyzstan,1999,221,1088,-0.80
Kyrgyzstan,1998,1088,953,0.14
Kyrgyzstan,1997,953,304,2.13
Kyrgyzstan,1996,304,NULL,0.00
Laos,2021,2972,1876,0.58
Laos,2020,1876,2368,-0.21
Laos,2019,2368,94,24.19
Laos,2018,94,73,0.29
Laos,2017,73,67,0.09
Laos,2016,67,62,0.08
Laos,2015,62,101,-0.39
Laos,2014,101,0,0.00
Laos,2013,0,0,0.00
Laos,2012,0,0,0.00
Laos,2011,0,0,0.00
Laos,2010,0,0,0.00
Laos,2009,0,0,0.00
Laos,2008,0,0,0.00
Laos,2007,0,0,0.00
Laos,2006,0,0,0.00
Laos,2005,0,0,0.00
Laos,2004,0,0,0.00
Laos,2003,0,0,0.00
Laos,2002,0,0,0.00
Laos,2001,0,0,0.00
Laos,2000,0,0,0.00
Laos,1999,0,0,0.00
Laos,1998,0,0,0.00
Laos,1997,0,0,0.00
Laos,1996,0,0,0.00
Laos,1995,0,0,0.00
Laos,1994,0,0,0.00
Laos,1993,0,0,0.00
Laos,1992,0,0,0.00
Laos,1991,0,0,0.00
Laos,1990,0,NULL,0.00
Latvia,2021,313,298,0.05
Latvia,2020,298,326,-0.09
Latvia,2019,326,408,-0.20
Latvia,2018,408,306,0.33
Latvia,2017,306,519,-0.41
Latvia,2016,519,526,-0.01
Latvia,2015,526,384,0.37
Latvia,2014,384,768,-0.50
Latvia,2013,768,919,-0.16
Latvia,2012,919,1046,-0.12
Latvia,2011,1046,1211,-0.14
Latvia,2010,1211,216,4.61
Latvia,2009,216,127,0.70
Latvia,2008,127,150,-0.15
Latvia,2007,150,56,1.68
Latvia,2006,56,45,0.24
Latvia,2005,45,35,0.29
Latvia,2004,35,28,0.25
Latvia,2003,28,19,0.47
Latvia,2002,19,42,-0.55
Latvia,2001,42,31,0.35
Latvia,2000,31,75,-0.59
Latvia,1999,75,87,-0.14
Latvia,1998,87,25,2.48
Latvia,1997,25,46,-0.46
Latvia,1996,46,41,0.12
Latvia,1995,41,100,-0.59
Latvia,1994,100,88,0.14
Latvia,1993,88,0,0.00
Latvia,1992,0,NULL,0.00
Lebanon,2021,77,228,-0.66
Lebanon,2020,228,504,-0.55
Lebanon,2019,504,713,-0.29
Lebanon,2018,713,272,1.62
Lebanon,2017,272,307,-0.11
Lebanon,2016,307,274,0.12
Lebanon,2015,274,358,-0.23
Lebanon,2014,358,345,0.04
Lebanon,2013,345,256,0.35
Lebanon,2012,256,301,-0.15
Lebanon,2011,301,277,0.09
Lebanon,2010,277,277,0.00
Lebanon,2009,277,170,0.63
Lebanon,2008,170,439,-0.61
Lebanon,2007,439,81,4.42
Lebanon,2006,81,73,0.11
Lebanon,2005,73,92,-0.21
Lebanon,2004,92,92,0.00
Lebanon,2003,92,75,0.23
Lebanon,2002,75,53,0.42
Lebanon,2001,53,87,-0.39
Lebanon,2000,87,65,0.34
Lebanon,1999,65,61,0.07
Lebanon,1998,61,53,0.15
Lebanon,1997,53,0,0.00
Lebanon,1996,0,0,0.00
Lebanon,1995,0,0,0.00
Lebanon,1994,0,0,0.00
Lebanon,1993,0,0,0.00
Lebanon,1992,0,0,0.00
Lebanon,1991,0,0,0.00
Lebanon,1990,0,NULL,0.00
Lesotho,2021,0,110,-1.00
Lesotho,2020,110,139,-0.21
Lesotho,2019,139,1,138.00
Lesotho,2018,1,2,-0.50
Lesotho,2017,2,0,0.00
Lesotho,2016,0,0,0.00
Lesotho,2015,0,1,-1.00
Lesotho,2014,1,0,0.00
Lesotho,2013,0,0,0.00
Lesotho,2012,0,0,0.00
Lesotho,2011,0,0,0.00
Lesotho,2010,0,0,0.00
Lesotho,2009,0,0,0.00
Lesotho,2008,0,0,0.00
Lesotho,2007,0,0,0.00
Lesotho,2006,0,0,0.00
Lesotho,2005,0,0,0.00
Lesotho,2004,0,0,0.00
Lesotho,2003,0,0,0.00
Lesotho,2002,0,0,0.00
Lesotho,2001,0,0,0.00
Lesotho,2000,0,0,0.00
Lesotho,1999,0,0,0.00
Lesotho,1998,0,0,0.00
Lesotho,1997,0,0,0.00
Lesotho,1996,0,0,0.00
Lesotho,1995,0,0,0.00
Lesotho,1994,0,0,0.00
Lesotho,1993,0,0,0.00
Lesotho,1992,0,0,0.00
Lesotho,1991,0,0,0.00
Lesotho,1990,0,NULL,0.00
Liberia,2021,0,0,0.00
Liberia,2020,0,105,-1.00
Liberia,2019,105,1,104.00
Liberia,2018,1,0,0.00
Liberia,2017,0,0,0.00
Liberia,2016,0,0,0.00
Liberia,2015,0,16,-1.00
Liberia,2014,16,1,15.00
Liberia,2013,1,0,0.00
Liberia,2012,0,0,0.00
Liberia,2011,0,0,0.00
Liberia,2010,0,0,0.00
Liberia,2009,0,0,0.00
Liberia,2008,0,2411,-1.00
Liberia,2007,2411,1625,0.48
Liberia,2006,1625,800,1.03
Liberia,2005,800,53,14.09
Liberia,2004,53,7,6.57
Liberia,2003,7,24,-0.71
Liberia,2002,24,0,0.00
Liberia,2001,0,0,0.00
Liberia,2000,0,0,0.00
Liberia,1999,0,0,0.00
Liberia,1998,0,0,0.00
Liberia,1997,0,0,0.00
Liberia,1996,0,0,0.00
Liberia,1995,0,10,-1.00
Liberia,1994,10,195,-0.95
Liberia,1993,195,0,0.00
Liberia,1992,0,0,0.00
Liberia,1991,0,0,0.00
Liberia,1990,0,NULL,0.00
Libya,2021,0,0,0.00
Libya,2020,0,0,0.00
Libya,2019,0,0,0.00
Libya,2018,0,450,-1.00
Libya,2017,450,450,0.00
Libya,2016,450,0,0.00
Libya,2015,0,352,-1.00
Libya,2014,352,3,116.33
Libya,2013,3,0,0.00
Libya,2012,0,0,0.00
Libya,2011,0,10,-1.00
Libya,2010,10,0,0.00
Libya,2009,0,0,0.00
Libya,2008,0,0,0.00
Libya,2007,0,0,0.00
Libya,2006,0,0,0.00
Libya,2005,0,0,0.00
Libya,2004,0,0,0.00
Libya,2003,0,0,0.00
Libya,2002,0,18,-1.00
Libya,2001,18,18,0.00
Libya,2000,18,10,0.80
Libya,1999,10,73,-0.86
Libya,1998,73,0,0.00
Libya,1997,0,0,0.00
Libya,1996,0,0,0.00
Libya,1995,0,0,0.00
Libya,1994,0,0,0.00
Libya,1993,0,0,0.00
Libya,1992,0,0,0.00
Libya,1991,0,0,0.00
Libya,1990,0,NULL,0.00
Lithuania,2021,300,366,-0.18
Lithuania,2020,366,394,-0.07
Lithuania,2019,394,362,0.09
Lithuania,2018,362,420,-0.14
Lithuania,2017,420,433,-0.03
Lithuania,2016,433,912,-0.53
Lithuania,2015,912,542,0.68
Lithuania,2014,542,461,0.18
Lithuania,2013,461,416,0.11
Lithuania,2012,416,382,0.09
Lithuania,2011,382,488,-0.22
Lithuania,2010,488,311,0.57
Lithuania,2009,311,251,0.24
Lithuania,2008,251,212,0.18
Lithuania,2007,212,172,0.23
Lithuania,2006,172,133,0.29
Lithuania,2005,133,141,-0.06
Lithuania,2004,141,187,-0.25
Lithuania,2003,187,231,-0.19
Lithuania,2002,231,255,-0.09
Lithuania,2001,255,240,0.06
Lithuania,2000,240,355,-0.32
Lithuania,1999,355,675,-0.47
Lithuania,1998,675,421,0.60
Lithuania,1997,421,474,-0.11
Lithuania,1996,474,310,0.53
Lithuania,1995,310,237,0.31
Lithuania,1994,237,0,0.00
Lithuania,1993,0,0,0.00
Lithuania,1992,0,NULL,0.00
Luxembourg,2021,22,9,1.44
Luxembourg,2020,9,7,0.29
Luxembourg,2019,7,16,-0.56
Luxembourg,2018,16,14,0.14
Luxembourg,2017,14,14,0.00
Luxembourg,2016,14,9,0.56
Luxembourg,2015,9,12,-0.25
Luxembourg,2014,12,8,0.50
Luxembourg,2013,8,5,0.60
Luxembourg,2012,5,4,0.25
Luxembourg,2011,4,5,-0.20
Luxembourg,2010,5,4,0.25
Luxembourg,2009,4,3,0.33
Luxembourg,2008,3,5,-0.40
Luxembourg,2007,5,10,-0.50
Luxembourg,2006,10,19,-0.47
Luxembourg,2005,19,20,-0.05
Luxembourg,2004,20,50,-0.60
Luxembourg,2003,50,46,0.09
Luxembourg,2002,46,39,0.18
Luxembourg,2001,39,7,4.57
Luxembourg,2000,7,NULL,0.00
Madagascar,2021,22,81,-0.73
Madagascar,2020,81,2,39.50
Madagascar,2019,2,24,-0.92
Madagascar,2018,24,61,-0.61
Madagascar,2017,61,95,-0.36
Madagascar,2016,95,51,0.86
Madagascar,2015,51,80,-0.36
Madagascar,2014,80,160,-0.50
Madagascar,2013,160,163,-0.02
Madagascar,2012,163,247,-0.34
Madagascar,2011,247,201,0.23
Madagascar,2010,201,232,-0.13
Madagascar,2009,232,178,0.30
Madagascar,2008,178,321,-0.45
Madagascar,2007,321,282,0.14
Madagascar,2006,282,233,0.21
Madagascar,2005,233,314,-0.26
Madagascar,2004,314,436,-0.28
Madagascar,2003,436,408,0.07
Madagascar,2002,408,387,0.05
Madagascar,2001,387,391,-0.01
Madagascar,2000,391,354,0.10
Madagascar,1999,354,210,0.69
Madagascar,1998,210,228,-0.08
Madagascar,1997,228,160,0.43
Madagascar,1996,160,151,0.06
Madagascar,1995,151,196,-0.23
Madagascar,1994,196,296,-0.34
Madagascar,1993,296,208,0.42
Madagascar,1992,208,182,0.14
Madagascar,1991,182,17,9.71
Madagascar,1990,17,NULL,0.00
Malawi,2021,36798,46923,-0.22
Malawi,2020,46923,46944,0.00
Malawi,2019,46944,47625,-0.01
Malawi,2018,47625,41273,0.15
Malawi,2017,41273,43656,-0.05
Malawi,2016,43656,38785,0.13
Malawi,2015,38785,40000,-0.03
Malawi,2014,40000,43245,-0.08
Malawi,2013,43245,34679,0.25
Malawi,2012,34679,46007,-0.25
Malawi,2011,46007,49999,-0.08
Malawi,2010,49999,47356,0.06
Malawi,2009,47356,30435,0.56
Malawi,2008,30435,54397,-0.44
Malawi,2007,54397,27503,0.98
Malawi,2006,27503,44600,-0.38
Malawi,2005,44600,46200,-0.03
Malawi,2004,46200,36924,0.25
Malawi,2003,36924,42596,-0.13
Malawi,2002,42596,36587,0.16
Malawi,2001,36587,42400,-0.14
Malawi,2000,42400,30000,0.41
Malawi,1999,30000,40518,-0.26
Malawi,1998,40518,39824,0.02
Malawi,1997,39824,32400,0.23
Malawi,1996,32400,32387,0.00
Malawi,1995,32387,35138,-0.08
Malawi,1994,35138,35264,0.00
Malawi,1993,35264,37056,-0.05
Malawi,1992,37056,37047,0.00
Malawi,1991,37047,41014,-0.10
Malawi,1990,41014,NULL,0.00
Malaysia,2021,6279,5885,0.07
Malaysia,2020,5885,4644,0.27
Malaysia,2019,4644,3999,0.16
Malaysia,2018,3999,2876,0.39
Malaysia,2017,2876,2415,0.19
Malaysia,2016,2415,1877,0.29
Malaysia,2015,1877,2318,-0.19
Malaysia,2014,2318,2297,0.01
Malaysia,2013,2297,2093,0.10
Malaysia,2012,2093,2503,-0.16
Malaysia,2011,2503,2286,0.09
Malaysia,2010,2286,2856,-0.20
Malaysia,2009,2856,1609,0.78
Malaysia,2008,1609,1143,0.41
Malaysia,2007,1143,1091,0.05
Malaysia,2006,1091,1483,-0.26
Malaysia,2005,1483,998,0.49
Malaysia,2004,998,1631,-0.39
Malaysia,2003,1631,2231,-0.27
Malaysia,2002,2231,1208,0.85
Malaysia,2001,1208,648,0.86
Malaysia,2000,648,455,0.42
Malaysia,1999,455,348,0.31
Malaysia,1998,348,350,-0.01
Malaysia,1997,350,492,-0.29
Malaysia,1996,492,293,0.68
Malaysia,1995,293,378,-0.22
Malaysia,1994,378,272,0.39
Malaysia,1993,272,286,-0.05
Malaysia,1992,286,260,0.10
Malaysia,1991,260,437,-0.41
Malaysia,1990,437,NULL,0.00
Maldives,2021,0,0,0.00
Maldives,2020,0,0,0.00
Maldives,2019,0,0,0.00
Maldives,2018,0,0,0.00
Maldives,2017,0,0,0.00
Maldives,2016,0,0,0.00
Maldives,2015,0,0,0.00
Maldives,2014,0,0,0.00
Maldives,2013,0,0,0.00
Maldives,2012,0,0,0.00
Maldives,2011,0,0,0.00
Maldives,2010,0,0,0.00
Maldives,2009,0,0,0.00
Maldives,2008,0,0,0.00
Maldives,2007,0,0,0.00
Maldives,2006,0,0,0.00
Maldives,2005,0,0,0.00
Maldives,2004,0,0,0.00
Maldives,2003,0,0,0.00
Maldives,2002,0,0,0.00
Maldives,2001,0,0,0.00
Maldives,2000,0,0,0.00
Maldives,1999,0,0,0.00
Maldives,1998,0,0,0.00
Maldives,1997,0,0,0.00
Maldives,1996,0,0,0.00
Maldives,1995,0,0,0.00
Maldives,1994,0,0,0.00
Maldives,1993,0,0,0.00
Maldives,1992,0,0,0.00
Maldives,1991,0,0,0.00
Maldives,1990,0,NULL,0.00
Mali,2021,9,19,-0.53
Mali,2020,19,421,-0.95
Mali,2019,421,234,0.80
Mali,2018,234,2030,-0.88
Mali,2017,2030,1310,0.55
Mali,2016,1310,66,18.85
Mali,2015,66,537,-0.88
Mali,2014,537,191,1.81
Mali,2013,191,17,10.24
Mali,2012,17,558,-0.97
Mali,2011,558,69,7.09
Mali,2010,69,69,0.00
Mali,2009,69,41,0.68
Mali,2008,41,167,-0.75
Mali,2007,167,143,0.17
Mali,2006,143,4,34.75
Mali,2005,4,0,0.00
Mali,2004,0,21,-1.00
Mali,2003,21,79,-0.73
Mali,2002,79,150,-0.47
Mali,2001,150,0,0.00
Mali,2000,0,0,0.00
Mali,1999,0,0,0.00
Mali,1998,0,0,0.00
Mali,1997,0,12,-1.00
Mali,1996,12,0,0.00
Mali,1995,0,0,0.00
Mali,1994,0,0,0.00
Mali,1993,0,0,0.00
Mali,1992,0,0,0.00
Mali,1991,0,0,0.00
Mali,1990,0,NULL,0.00
Malta,2021,0,0,0.00
Malta,2020,0,0,0.00
Malta,2019,0,0,0.00
Malta,2018,0,0,0.00
Malta,2017,0,0,0.00
Malta,2016,0,0,0.00
Malta,2015,0,0,0.00
Malta,2014,0,0,0.00
Malta,2013,0,1,-1.00
Malta,2012,1,1,0.00
Malta,2011,1,0,0.00
Malta,2010,0,0,0.00
Malta,2009,0,5,-1.00
Malta,2008,5,0,0.00
Malta,2007,0,0,0.00
Malta,2006,0,0,0.00
Malta,2005,0,0,0.00
Malta,2004,0,2,-1.00
Malta,2003,2,4,-0.50
Malta,2002,4,1,3.00
Malta,2001,1,2,-0.50
Malta,2000,2,3,-0.33
Malta,1999,3,11,-0.73
Malta,1998,11,0,0.00
Malta,1997,0,0,0.00
Malta,1996,0,0,0.00
Malta,1995,0,3,-1.00
Malta,1994,3,5,-0.40
Malta,1993,5,11,-0.55
Malta,1992,11,0,0.00
Malta,1991,0,0,0.00
Malta,1990,0,NULL,0.00
Mauritania,2021,0,24,-1.00
Mauritania,2020,24,0,0.00
Mauritania,2019,0,0,0.00
Mauritania,2018,0,0,0.00
Mauritania,2017,0,0,0.00
Mauritania,2016,0,11,-1.00
Mauritania,2015,11,0,0.00
Mauritania,2014,0,0,0.00
Mauritania,2013,0,0,0.00
Mauritania,2012,0,0,0.00
Mauritania,2011,0,0,0.00
Mauritania,2010,0,762,-1.00
Mauritania,2009,762,762,0.00
Mauritania,2008,762,762,0.00
Mauritania,2007,762,2487,-0.69
Mauritania,2006,2487,350,6.11
Mauritania,2005,350,0,0.00
Mauritania,2004,0,11,-1.00
Mauritania,2003,11,13,-0.15
Mauritania,2002,13,13,0.00
Mauritania,2001,13,0,0.00
Mauritania,2000,0,0,0.00
Mauritania,1999,0,0,0.00
Mauritania,1998,0,0,0.00
Mauritania,1997,0,0,0.00
Mauritania,1996,0,0,0.00
Mauritania,1995,0,0,0.00
Mauritania,1994,0,0,0.00
Mauritania,1993,0,0,0.00
Mauritania,1992,0,0,0.00
Mauritania,1991,0,0,0.00
Mauritania,1990,0,NULL,0.00
Mauritius,2021,53,47,0.13
Mauritius,2020,47,34,0.38
Mauritius,2019,34,33,0.03
Mauritius,2018,33,47,-0.30
Mauritius,2017,47,41,0.15
Mauritius,2016,41,41,0.00
Mauritius,2015,41,52,-0.21
Mauritius,2014,52,67,-0.22
Mauritius,2013,67,36,0.86
Mauritius,2012,36,33,0.09
Mauritius,2011,33,0,0.00
Mauritius,2010,0,39,-1.00
Mauritius,2009,39,41,-0.05
Mauritius,2008,41,46,-0.11
Mauritius,2007,46,41,0.12
Mauritius,2006,41,53,-0.23
Mauritius,2005,53,51,0.04
Mauritius,2004,51,52,-0.02
Mauritius,2003,52,40,0.30
Mauritius,2002,40,39,0.03
Mauritius,2001,39,40,-0.03
Mauritius,2000,40,46,-0.13
Mauritius,1999,46,220,-0.79
Mauritius,1998,220,418,-0.47
Mauritius,1997,418,1397,-0.70
Mauritius,1996,1397,2898,-0.52
Mauritius,1995,2898,4029,-0.28
Mauritius,1994,4029,4345,-0.07
Mauritius,1993,4345,5473,-0.21
Mauritius,1992,5473,4494,0.22
Mauritius,1991,4494,4271,0.05
Mauritius,1990,4271,NULL,0.00
Mexico,2021,52,101,-0.49
Mexico,2020,101,57,0.77
Mexico,2019,57,63,-0.10
Mexico,2018,63,55,0.15
Mexico,2017,55,35,0.57
Mexico,2016,35,49,-0.29
Mexico,2015,49,41,0.20
Mexico,2014,41,103,-0.60
Mexico,2013,103,188,-0.45
Mexico,2012,188,283,-0.34
Mexico,2011,283,240,0.18
Mexico,2010,240,245,-0.02
Mexico,2009,245,108,1.27
Mexico,2008,108,141,-0.23
Mexico,2007,141,203,-0.31
Mexico,2006,203,406,-0.50
Mexico,2005,406,187,1.17
Mexico,2004,187,239,-0.22
Mexico,2003,239,141,0.70
Mexico,2002,141,332,-0.58
Mexico,2001,332,210,0.58
Mexico,2000,210,332,-0.37
Mexico,1999,332,259,0.28
Mexico,1998,259,172,0.51
Mexico,1997,172,191,-0.10
Mexico,1996,191,130,0.47
Mexico,1995,130,198,-0.34
Mexico,1994,198,83,1.39
Mexico,1993,83,37,1.24
Mexico,1992,37,2,17.50
Mexico,1991,2,324,-0.99
Mexico,1990,324,NULL,0.00
Moldova,2021,37,53,-0.30
Moldova,2020,53,96,-0.45
Moldova,2019,96,152,-0.37
Moldova,2018,152,134,0.13
Moldova,2017,134,105,0.28
Moldova,2016,105,92,0.14
Moldova,2015,92,23,3.00
Moldova,2014,23,9,1.56
Moldova,2013,9,0,0.00
Moldova,2012,0,6,-1.00
Moldova,2011,6,20,-0.70
Moldova,2010,20,34,-0.41
Moldova,2009,34,43,-0.21
Moldova,2008,43,128,-0.66
Moldova,2007,128,52,1.46
Moldova,2006,52,31,0.68
Moldova,2005,31,24,0.29
Moldova,2004,24,44,-0.45
Moldova,2003,44,44,0.00
Moldova,2002,44,5,7.80
Moldova,2001,5,0,0.00
Moldova,2000,0,6,-1.00
Moldova,1999,6,0,0.00
Moldova,1998,0,37,-1.00
Moldova,1997,37,43,-0.14
Moldova,1996,43,47,-0.09
Moldova,1995,47,14,2.36
Moldova,1994,14,0,0.00
Moldova,1993,0,7,-1.00
Moldova,1992,7,NULL,0.00
Mongolia,2021,2,3,-0.33
Mongolia,2020,3,6,-0.50
Mongolia,2019,6,17,-0.65
Mongolia,2018,17,11,0.55
Mongolia,2017,11,7,0.57
Mongolia,2016,7,0,0.00
Mongolia,2015,0,5,-1.00
Mongolia,2014,5,5,0.00
Mongolia,2013,5,0,0.00
Mongolia,2012,0,0,0.00
Mongolia,2011,0,0,0.00
Mongolia,2010,0,0,0.00
Mongolia,2009,0,0,0.00
Mongolia,2008,0,1,-1.00
Mongolia,2007,1,1,0.00
Mongolia,2006,1,67,-0.99
Mongolia,2005,67,2,32.50
Mongolia,2004,2,0,0.00
Mongolia,2003,0,0,0.00
Mongolia,2002,0,16,-1.00
Mongolia,2001,16,0,0.00
Mongolia,2000,0,0,0.00
Mongolia,1999,0,0,0.00
Mongolia,1998,0,0,0.00
Mongolia,1997,0,0,0.00
Mongolia,1996,0,0,0.00
Mongolia,1995,0,0,0.00
Mongolia,1994,0,0,0.00
Mongolia,1993,0,0,0.00
Mongolia,1992,0,0,0.00
Mongolia,1991,0,0,0.00
Mongolia,1990,0,NULL,0.00
Montenegro,2021,0,21,-1.00
Montenegro,2020,21,11,0.91
Montenegro,2019,11,6,0.83
Montenegro,2018,6,13,-0.54
Montenegro,2017,13,14,-0.07
Montenegro,2016,14,14,0.00
Montenegro,2015,14,19,-0.26
Montenegro,2014,19,12,0.58
Montenegro,2013,12,20,-0.40
Montenegro,2012,20,13,0.54
Montenegro,2011,13,18,-0.28
Montenegro,2010,18,13,0.38
Montenegro,2009,13,91,-0.86
Montenegro,2008,91,41,1.22
Montenegro,2007,41,65,-0.37
Montenegro,2006,65,NULL,0.00
Morocco,2021,1351,1638,-0.18
Morocco,2020,1638,1904,-0.14
Morocco,2019,1904,4289,-0.56
Morocco,2018,4289,906,3.73
Morocco,2017,906,1022,-0.11
Morocco,2016,1022,825,0.24
Morocco,2015,825,691,0.19
Morocco,2014,691,439,0.57
Morocco,2013,439,521,-0.16
Morocco,2012,521,546,-0.05
Morocco,2011,546,645,-0.15
Morocco,2010,645,484,0.33
Morocco,2009,484,455,0.06
Morocco,2008,455,290,0.57
Morocco,2007,290,293,-0.01
Morocco,2006,293,321,-0.09
Morocco,2005,321,179,0.79
Morocco,2004,179,196,-0.09
Morocco,2003,196,181,0.08
Morocco,2002,181,162,0.12
Morocco,2001,162,162,0.00
Morocco,2000,162,40,3.05
Morocco,1999,40,20,1.00
Morocco,1998,20,8,1.50
Morocco,1997,8,32,-0.75
Morocco,1996,32,92,-0.65
Morocco,1995,92,2,45.00
Morocco,1994,2,7,-0.71
Morocco,1993,7,2,2.50
Morocco,1992,2,2,0.00
Morocco,1991,2,1,1.00
Morocco,1990,1,NULL,0.00
Mozambique,2021,3644,3204,0.14
Mozambique,2020,3204,3455,-0.07
Mozambique,2019,3455,4483,-0.23
Mozambique,2018,4483,3452,0.30
Mozambique,2017,3452,3142,0.10
Mozambique,2016,3142,466,5.74
Mozambique,2015,466,4084,-0.89
Mozambique,2014,4084,3011,0.36
Mozambique,2013,3011,2501,0.20
Mozambique,2012,2501,1324,0.89
Mozambique,2011,1324,1759,-0.25
Mozambique,2010,1759,1332,0.32
Mozambique,2009,1332,1174,0.13
Mozambique,2008,1174,1518,-0.23
Mozambique,2007,1518,505,2.01
Mozambique,2006,505,317,0.59
Mozambique,2005,317,586,-0.46
Mozambique,2004,586,937,-0.37
Mozambique,2003,937,2424,-0.61
Mozambique,2002,2424,950,1.55
Mozambique,2001,950,132,6.20
Mozambique,2000,132,130,0.02
Mozambique,1999,130,230,-0.43
Mozambique,1998,230,230,0.00
Mozambique,1997,230,230,0.00
Mozambique,1996,230,300,-0.23
Mozambique,1995,300,360,-0.17
Mozambique,1994,360,100,2.60
Mozambique,1993,100,600,-0.83
Mozambique,1992,600,1339,-0.55
Mozambique,1991,1339,700,0.91
Mozambique,1990,700,NULL,0.00
Myanmar,2021,3954,3402,0.16
Myanmar,2020,3402,3011,0.13
Myanmar,2019,3011,3777,-0.20
Myanmar,2018,3777,3742,0.01
Myanmar,2017,3742,1271,1.94
Myanmar,2016,1271,801,0.59
Myanmar,2015,801,883,-0.09
Myanmar,2014,883,1629,-0.46
Myanmar,2013,1629,1872,-0.13
Myanmar,2012,1872,814,1.30
Myanmar,2011,814,579,0.41
Myanmar,2010,579,729,-0.21
Myanmar,2009,729,412,0.77
Myanmar,2008,412,688,-0.40
Myanmar,2007,688,508,0.35
Myanmar,2006,508,612,-0.17
Myanmar,2005,612,392,0.56
Myanmar,2004,392,548,-0.28
Myanmar,2003,548,307,0.79
Myanmar,2002,307,0,0.00
Myanmar,2001,0,0,0.00
Myanmar,2000,0,0,0.00
Myanmar,1999,0,0,0.00
Myanmar,1998,0,0,0.00
Myanmar,1997,0,0,0.00
Myanmar,1996,0,0,0.00
Myanmar,1995,0,0,0.00
Myanmar,1994,0,0,0.00
Myanmar,1993,0,0,0.00
Myanmar,1992,0,97,-1.00
Myanmar,1991,97,0,0.00
Myanmar,1990,0,NULL,0.00
Namibia,2021,0,0,0.00
Namibia,2020,0,1,-1.00
Namibia,2019,1,1,0.00
Namibia,2018,1,12,-0.92
Namibia,2017,12,9,0.33
Namibia,2016,9,234,-0.96
Namibia,2015,234,67,2.49
Namibia,2014,67,35,0.91
Namibia,2013,35,32,0.09
Namibia,2012,32,0,0.00
Namibia,2011,0,90,-1.00
Namibia,2010,90,0,0.00
Namibia,2009,0,10,-1.00
Namibia,2008,10,36,-0.72
Namibia,2007,36,35,0.03
Namibia,2006,35,32,0.09
Namibia,2005,32,46,-0.30
Namibia,2004,46,15,2.07
Namibia,2003,15,25,-0.40
Namibia,2002,25,7,2.57
Namibia,2001,7,9,-0.22
Namibia,2000,9,40,-0.78
Namibia,1999,40,45,-0.11
Namibia,1998,45,12,2.75
Namibia,1997,12,NULL,0.00
Nauru,2021,0,0,0.00
Nauru,2020,0,0,0.00
Nauru,2019,0,0,0.00
Nauru,2018,0,0,0.00
Nauru,2017,0,0,0.00
Nauru,2016,0,0,0.00
Nauru,2015,0,0,0.00
Nauru,2014,0,0,0.00
Nauru,2013,0,0,0.00
Nauru,2012,0,0,0.00
Nauru,2011,0,0,0.00
Nauru,2010,0,0,0.00
Nauru,2009,0,0,0.00
Nauru,2008,0,0,0.00
Nauru,2007,0,0,0.00
Nauru,2006,0,0,0.00
Nauru,2005,0,0,0.00
Nauru,2004,0,0,0.00
Nauru,2003,0,0,0.00
Nauru,2002,0,0,0.00
Nauru,2001,0,0,0.00
Nauru,2000,0,0,0.00
Nauru,1999,0,0,0.00
Nauru,1998,0,0,0.00
Nauru,1997,0,0,0.00
Nauru,1996,0,0,0.00
Nauru,1995,0,0,0.00
Nauru,1994,0,0,0.00
Nauru,1993,0,0,0.00
Nauru,1992,0,0,0.00
Nauru,1991,0,0,0.00
Nauru,1990,0,NULL,0.00
Nepal,2021,9441,13499,-0.30
Nepal,2020,13499,10660,0.27
Nepal,2019,10660,17695,-0.40
Nepal,2018,17695,12941,0.37
Nepal,2017,12941,13325,-0.03
Nepal,2016,13325,11002,0.21
Nepal,2015,11002,9943,0.11
Nepal,2014,9943,10206,-0.03
Nepal,2013,10206,9893,0.03
Nepal,2012,9893,8854,0.12
Nepal,2011,8854,8498,0.04
Nepal,2010,8498,9196,-0.08
Nepal,2009,9196,9762,-0.06
Nepal,2008,9762,9697,0.01
Nepal,2007,9697,3881,1.50
Nepal,2006,3881,5406,-0.28
Nepal,2005,5406,3740,0.45
Nepal,2004,3740,2160,0.73
Nepal,2003,2160,80,26.00
Nepal,2002,80,70,0.14
Nepal,2001,70,82,-0.15
Nepal,2000,82,119,-0.31
Nepal,1999,119,35,2.40
Nepal,1998,35,81,-0.57
Nepal,1997,81,73,0.11
Nepal,1996,73,72,0.01
Nepal,1995,72,25,1.88
Nepal,1994,25,19,0.32
Nepal,1993,19,21,-0.10
Nepal,1992,21,9,1.33
Nepal,1991,9,23,-0.61
Nepal,1990,23,NULL,0.00
Netherlands,2021,15535,14338,0.08
Netherlands,2020,14338,12304,0.17
Netherlands,2019,12304,13054,-0.06
Netherlands,2018,13054,17151,-0.24
Netherlands,2017,17151,17465,-0.02
Netherlands,2016,17465,16792,0.04
Netherlands,2015,16792,16590,0.01
Netherlands,2014,16590,16420,0.01
Netherlands,2013,16420,15024,0.09
Netherlands,2012,15024,10059,0.49
Netherlands,2011,10059,17628,-0.43
Netherlands,2010,17628,18158,-0.03
Netherlands,2009,18158,18834,-0.04
Netherlands,2008,18834,17561,0.07
Netherlands,2007,17561,17350,0.01
Netherlands,2006,17350,16581,0.05
Netherlands,2005,16581,12649,0.31
Netherlands,2004,12649,10970,0.15
Netherlands,2003,10970,11688,-0.06
Netherlands,2002,11688,9745,0.20
Netherlands,2001,9745,9357,0.04
Netherlands,2000,9357,10155,-0.08
Netherlands,1999,10155,9991,0.02
Netherlands,1998,9991,10145,-0.02
Netherlands,1997,10145,9715,0.04
Netherlands,1996,9715,11963,-0.19
Netherlands,1995,11963,10061,0.19
Netherlands,1994,10061,14965,-0.33
Netherlands,1993,14965,18701,-0.20
Netherlands,1992,18701,15252,0.23
Netherlands,1991,15252,14755,0.03
Netherlands,1990,14755,NULL,0.00
"New Caledonia",2021,0,0,0.00
"New Caledonia",2020,0,0,0.00
"New Caledonia",2019,0,0,0.00
"New Caledonia",2018,0,0,0.00
"New Caledonia",2017,0,0,0.00
"New Caledonia",2016,0,0,0.00
"New Caledonia",2015,0,0,0.00
"New Caledonia",2014,0,0,0.00
"New Caledonia",2013,0,0,0.00
"New Caledonia",2012,0,0,0.00
"New Caledonia",2011,0,0,0.00
"New Caledonia",2010,0,0,0.00
"New Caledonia",2009,0,0,0.00
"New Caledonia",2008,0,0,0.00
"New Caledonia",2007,0,0,0.00
"New Caledonia",2006,0,0,0.00
"New Caledonia",2005,0,0,0.00
"New Caledonia",2004,0,0,0.00
"New Caledonia",2003,0,0,0.00
"New Caledonia",2002,0,0,0.00
"New Caledonia",2001,0,0,0.00
"New Caledonia",2000,0,0,0.00
"New Caledonia",1999,0,0,0.00
"New Caledonia",1998,0,0,0.00
"New Caledonia",1997,0,0,0.00
"New Caledonia",1996,0,0,0.00
"New Caledonia",1995,0,0,0.00
"New Caledonia",1994,0,0,0.00
"New Caledonia",1993,0,0,0.00
"New Caledonia",1992,0,0,0.00
"New Caledonia",1991,0,0,0.00
"New Caledonia",1990,0,NULL,0.00
"New Zealand",2021,389,105,2.70
"New Zealand",2020,105,74,0.42
"New Zealand",2019,74,79,-0.06
"New Zealand",2018,79,112,-0.29
"New Zealand",2017,112,147,-0.24
"New Zealand",2016,147,112,0.31
"New Zealand",2015,112,168,-0.33
"New Zealand",2014,168,175,-0.04
"New Zealand",2013,175,93,0.88
"New Zealand",2012,93,59,0.58
"New Zealand",2011,59,332,-0.82
"New Zealand",2010,332,86,2.86
"New Zealand",2009,86,96,-0.10
"New Zealand",2008,96,101,-0.05
"New Zealand",2007,101,92,0.10
"New Zealand",2006,92,133,-0.31
"New Zealand",2005,133,56,1.38
"New Zealand",2004,56,46,0.22
"New Zealand",2003,46,50,-0.08
"New Zealand",2002,50,65,-0.23
"New Zealand",2001,65,103,-0.37
"New Zealand",2000,103,136,-0.24
"New Zealand",1999,136,100,0.36
"New Zealand",1998,100,108,-0.07
"New Zealand",1997,108,90,0.20
"New Zealand",1996,90,109,-0.17
"New Zealand",1995,109,122,-0.11
"New Zealand",1994,122,116,0.05
"New Zealand",1993,116,82,0.41
"New Zealand",1992,82,42,0.95
"New Zealand",1991,42,30,0.40
"New Zealand",1990,30,NULL,0.00
Nicaragua,2021,0,2,-1.00
Nicaragua,2020,2,0,0.00
Nicaragua,2019,0,0,0.00
Nicaragua,2018,0,1,-1.00
Nicaragua,2017,1,0,0.00
Nicaragua,2016,0,0,0.00
Nicaragua,2015,0,0,0.00
Nicaragua,2014,0,0,0.00
Nicaragua,2013,0,0,0.00
Nicaragua,2012,0,0,0.00
Nicaragua,2011,0,0,0.00
Nicaragua,2010,0,0,0.00
Nicaragua,2009,0,0,0.00
Nicaragua,2008,0,0,0.00
Nicaragua,2007,0,0,0.00
Nicaragua,2006,0,0,0.00
Nicaragua,2005,0,2,-1.00
Nicaragua,2004,2,3,-0.33
Nicaragua,2003,3,0,0.00
Nicaragua,2002,0,0,0.00
Nicaragua,2001,0,0,0.00
Nicaragua,2000,0,0,0.00
Nicaragua,1999,0,0,0.00
Nicaragua,1998,0,0,0.00
Nicaragua,1997,0,0,0.00
Nicaragua,1996,0,0,0.00
Nicaragua,1995,0,0,0.00
Nicaragua,1994,0,0,0.00
Nicaragua,1993,0,0,0.00
Nicaragua,1992,0,0,0.00
Nicaragua,1991,0,0,0.00
Nicaragua,1990,0,NULL,0.00
Niger,2021,1414,1694,-0.17
Niger,2020,1694,2760,-0.39
Niger,2019,2760,3287,-0.16
Niger,2018,3287,4813,-0.32
Niger,2017,4813,4199,0.15
Niger,2016,4199,3376,0.24
Niger,2015,3376,2601,0.30
Niger,2014,2601,1853,0.40
Niger,2013,1853,1177,0.57
Niger,2012,1177,943,0.25
Niger,2011,943,1041,-0.09
Niger,2010,1041,851,0.22
Niger,2009,851,851,0.00
Niger,2008,851,493,0.73
Niger,2007,493,571,-0.14
Niger,2006,571,1260,-0.55
Niger,2005,1260,162,6.78
Niger,2004,162,56,1.89
Niger,2003,56,82,-0.32
Niger,2002,82,61,0.34
Niger,2001,61,291,-0.79
Niger,2000,291,30,8.70
Niger,1999,30,86,-0.65
Niger,1998,86,32,1.69
Niger,1997,32,0,0.00
Niger,1996,0,178,-1.00
Niger,1995,178,0,0.00
Niger,1994,0,0,0.00
Niger,1993,0,0,0.00
Niger,1992,0,0,0.00
Niger,1991,0,0,0.00
Niger,1990,0,NULL,0.00
Nigeria,2021,42,479,-0.91
Nigeria,2020,479,598,-0.20
Nigeria,2019,598,342,0.75
Nigeria,2018,342,154,1.22
Nigeria,2017,154,71,1.17
Nigeria,2016,71,12,4.92
Nigeria,2015,12,23,-0.48
Nigeria,2014,23,28,-0.18
Nigeria,2013,28,9,2.11
Nigeria,2012,9,30,-0.70
Nigeria,2011,30,33,-0.09
Nigeria,2010,33,94,-0.65
Nigeria,2009,94,18,4.22
Nigeria,2008,18,85,-0.79
Nigeria,2007,85,94,-0.10
Nigeria,2006,94,48,0.96
Nigeria,2005,48,145,-0.67
Nigeria,2004,145,180,-0.19
Nigeria,2003,180,998,-0.82
Nigeria,2002,998,550,0.81
Nigeria,2001,550,0,0.00
Nigeria,2000,0,60,-1.00
Nigeria,1999,60,60,0.00
Nigeria,1998,60,40,0.50
Nigeria,1997,40,80,-0.50
Nigeria,1996,80,64,0.25
Nigeria,1995,64,0,0.00
Nigeria,1994,0,0,0.00
Nigeria,1993,0,81,-1.00
Nigeria,1992,81,1,80.00
Nigeria,1991,1,34,-0.97
Nigeria,1990,34,NULL,0.00
Niue,2021,0,0,0.00
Niue,2020,0,0,0.00
Niue,2019,0,0,0.00
Niue,2018,0,0,0.00
Niue,2017,0,0,0.00
Niue,2016,0,0,0.00
Niue,2015,0,0,0.00
Niue,2014,0,0,0.00
Niue,2013,0,0,0.00
Niue,2012,0,0,0.00
Niue,2011,0,0,0.00
Niue,2010,0,0,0.00
Niue,2009,0,0,0.00
Niue,2008,0,0,0.00
Niue,2007,0,0,0.00
Niue,2006,0,0,0.00
Niue,2005,0,0,0.00
Niue,2004,0,0,0.00
Niue,2003,0,0,0.00
Niue,2002,0,0,0.00
Niue,2001,0,0,0.00
Niue,2000,0,0,0.00
Niue,1999,0,0,0.00
Niue,1998,0,0,0.00
Niue,1997,0,0,0.00
Niue,1996,0,0,0.00
Niue,1995,0,0,0.00
Niue,1994,0,0,0.00
Niue,1993,0,0,0.00
Niue,1992,0,0,0.00
Niue,1991,0,0,0.00
Niue,1990,0,NULL,0.00
"North Macedonia",2021,40,18,1.22
"North Macedonia",2020,18,2,8.00
"North Macedonia",2019,2,3,-0.33
"North Macedonia",2018,3,7,-0.57
"North Macedonia",2017,7,5,0.40
"North Macedonia",2016,5,11,-0.55
"North Macedonia",2015,11,6,0.83
"North Macedonia",2014,6,6,0.00
"North Macedonia",2013,6,5,0.20
"North Macedonia",2012,5,2,1.50
"North Macedonia",2011,2,5,-0.60
"North Macedonia",2010,5,15,-0.67
"North Macedonia",2009,15,11,0.36
"North Macedonia",2008,11,22,-0.50
"North Macedonia",2007,22,13,0.69
"North Macedonia",2006,13,25,-0.48
"North Macedonia",2005,25,7,2.57
"North Macedonia",2004,7,6,0.17
"North Macedonia",2003,6,8,-0.25
"North Macedonia",2002,8,19,-0.58
"North Macedonia",2001,19,5,2.80
"North Macedonia",2000,5,99,-0.95
"North Macedonia",1999,99,170,-0.42
"North Macedonia",1998,170,30,4.67
"North Macedonia",1997,30,2,14.00
"North Macedonia",1996,2,21,-0.90
"North Macedonia",1995,21,14,0.50
"North Macedonia",1994,14,80,-0.83
"North Macedonia",1993,80,196,-0.59
"North Macedonia",1992,196,NULL,0.00
Norway,2021,11,7,0.57
Norway,2020,7,11,-0.36
Norway,2019,11,16,-0.31
Norway,2018,16,29,-0.45
Norway,2017,29,21,0.38
Norway,2016,21,26,-0.19
Norway,2015,26,23,0.13
Norway,2014,23,13,0.77
Norway,2013,13,7,0.86
Norway,2012,7,11,-0.36
Norway,2011,11,15,-0.27
Norway,2010,15,7,1.14
Norway,2009,7,5,0.40
Norway,2008,5,9,-0.44
Norway,2007,9,21,-0.57
Norway,2006,21,10,1.10
Norway,2005,10,11,-0.09
Norway,2004,11,10,0.10
Norway,2003,10,25,-0.60
Norway,2002,25,7,2.57
Norway,2001,7,23,-0.70
Norway,2000,23,9,1.56
Norway,1999,9,10,-0.10
Norway,1998,10,15,-0.33
Norway,1997,15,26,-0.42
Norway,1996,26,29,-0.10
Norway,1995,29,32,-0.09
Norway,1994,32,12,1.67
Norway,1993,12,16,-0.25
Norway,1992,16,6,1.67
Norway,1991,6,9,-0.33
Norway,1990,9,NULL,0.00
Oman,2021,4539,271,15.75
Oman,2020,271,310,-0.13
Oman,2019,310,1911,-0.84
Oman,2018,1911,3837,-0.50
Oman,2017,3837,1419,1.70
Oman,2016,1419,1929,-0.26
Oman,2015,1929,467,3.13
Oman,2014,467,2128,-0.78
Oman,2013,2128,1403,0.52
Oman,2012,1403,1840,-0.24
Oman,2011,1840,712,1.58
Oman,2010,712,9430,-0.92
Oman,2009,9430,3115,2.03
Oman,2008,3115,2778,0.12
Oman,2007,2778,2778,0.00
Oman,2006,2778,2334,0.19
Oman,2005,2334,1261,0.85
Oman,2004,1261,1997,-0.37
Oman,2003,1997,1961,0.02
Oman,2002,1961,375,4.23
Oman,2001,375,411,-0.09
Oman,2000,411,575,-0.29
Oman,1999,575,1116,-0.48
Oman,1998,1116,804,0.39
Oman,1997,804,345,1.33
Oman,1996,345,361,-0.04
Oman,1995,361,320,0.13
Oman,1994,320,292,0.10
Oman,1993,292,118,1.47
Oman,1992,118,77,0.53
Oman,1991,77,164,-0.53
Oman,1990,164,NULL,0.00
Pakistan,2021,5421,3169,0.71
Pakistan,2020,3169,5181,-0.39
Pakistan,2019,5181,5155,0.01
Pakistan,2018,5155,1589,2.24
Pakistan,2017,1589,1458,0.09
Pakistan,2016,1458,1382,0.05
Pakistan,2015,1382,2990,-0.54
Pakistan,2014,2990,3190,-0.06
Pakistan,2013,3190,2756,0.16
Pakistan,2012,2756,1179,1.34
Pakistan,2011,1179,1244,-0.05
Pakistan,2010,1244,933,0.33
Pakistan,2009,933,568,0.64
Pakistan,2008,568,247,1.30
Pakistan,2007,247,232,0.06
Pakistan,2006,232,162,0.43
Pakistan,2005,162,138,0.17
Pakistan,2004,138,39,2.54
Pakistan,2003,39,5,6.80
Pakistan,2002,5,24,-0.79
Pakistan,2001,24,15,0.60
Pakistan,2000,15,43,-0.65
Pakistan,1999,43,43,0.00
Pakistan,1998,43,0,0.00
Pakistan,1997,0,9,-1.00
Pakistan,1996,9,7633,-1.00
Pakistan,1995,7633,1510,4.05
Pakistan,1994,1510,85,16.76
Pakistan,1993,85,51,0.67
Pakistan,1992,51,0,0.00
Pakistan,1991,0,1074,-1.00
Pakistan,1990,1074,NULL,0.00
Palestine,2021,5,0,0.00
Palestine,2013,0,0,0.00
Palestine,2012,0,0,0.00
Palestine,2011,0,0,0.00
Palestine,2010,0,0,0.00
Palestine,2009,0,0,0.00
Palestine,2008,0,45,-1.00
Palestine,2007,45,110,-0.59
Palestine,2006,110,45,1.44
Palestine,2005,45,35,0.29
Palestine,2004,35,100,-0.65
Palestine,2003,100,92,0.09
Palestine,2002,92,81,0.14
Palestine,2001,81,57,0.42
Palestine,2000,57,29,0.97
Palestine,1999,29,13,1.23
Palestine,1998,13,30,-0.57
Palestine,1997,30,57,-0.47
Palestine,1996,57,30,0.90
Palestine,1995,30,NULL,0.00
Panama,2021,0,22,-1.00
Panama,2020,22,17,0.29
Panama,2019,17,13,0.31
Panama,2018,13,120,-0.89
Panama,2017,120,1,119.00
Panama,2016,1,3,-0.67
Panama,2015,3,0,0.00
Panama,2014,0,0,0.00
Panama,2013,0,0,0.00
Panama,2012,0,0,0.00
Panama,2011,0,0,0.00
Panama,2010,0,0,0.00
Panama,2009,0,0,0.00
Panama,2008,0,0,0.00
Panama,2007,0,0,0.00
Panama,2006,0,0,0.00
Panama,2005,0,0,0.00
Panama,2004,0,0,0.00
Panama,2003,0,0,0.00
Panama,2002,0,23,-1.00
Panama,2001,23,74,-0.69
Panama,2000,74,71,0.04
Panama,1999,71,78,-0.09
Panama,1998,78,89,-0.12
Panama,1997,89,76,0.17
Panama,1996,76,90,-0.16
Panama,1995,90,73,0.23
Panama,1994,73,106,-0.31
Panama,1993,106,92,0.15
Panama,1992,92,82,0.12
Panama,1991,82,101,-0.19
Panama,1990,101,NULL,0.00
"Papua New Guinea",2021,269,305,-0.12
"Papua New Guinea",2020,305,345,-0.12
"Papua New Guinea",2019,345,711,-0.51
"Papua New Guinea",2018,711,938,-0.24
"Papua New Guinea",2017,938,896,0.05
"Papua New Guinea",2016,896,1303,-0.31
"Papua New Guinea",2015,1303,1933,-0.33
"Papua New Guinea",2014,1933,2943,-0.34
"Papua New Guinea",2013,2943,3737,-0.21
"Papua New Guinea",2012,3737,4224,-0.12
"Papua New Guinea",2011,4224,4581,-0.08
"Papua New Guinea",2010,4581,6250,-0.27
"Papua New Guinea",2009,6250,5937,0.05
"Papua New Guinea",2008,5937,6400,-0.07
"Papua New Guinea",2007,6400,6600,-0.03
"Papua New Guinea",2006,6600,6900,-0.04
"Papua New Guinea",2005,6900,8100,-0.15
"Papua New Guinea",2004,8100,6600,0.23
"Papua New Guinea",2003,6600,5200,0.27
"Papua New Guinea",2002,5200,8800,-0.41
"Papua New Guinea",2001,8800,8500,0.04
"Papua New Guinea",2000,8500,8200,0.04
"Papua New Guinea",1999,8200,6600,0.24
"Papua New Guinea",1998,6600,6500,0.02
"Papua New Guinea",1997,6500,9300,-0.30
"Papua New Guinea",1996,9300,4200,1.21
"Papua New Guinea",1995,4200,3400,0.24
"Papua New Guinea",1994,3400,6441,-0.47
"Papua New Guinea",1993,6441,5638,0.14
"Papua New Guinea",1992,5638,3747,0.50
"Papua New Guinea",1991,3747,5408,-0.31
"Papua New Guinea",1990,5408,NULL,0.00
Paraguay,2021,1,1,0.00
Paraguay,2020,1,1,0.00
Paraguay,2019,1,1,0.00
Paraguay,2018,1,10,-0.90
Paraguay,2017,10,35,-0.71
Paraguay,2016,35,47,-0.26
Paraguay,2015,47,35,0.34
Paraguay,2014,35,0,0.00
Paraguay,2013,0,0,0.00
Paraguay,2012,0,118,-1.00
Paraguay,2011,118,72,0.64
Paraguay,2010,72,211,-0.66
Paraguay,2009,211,199,0.06
Paraguay,2008,199,175,0.14
Paraguay,2007,175,90,0.94
Paraguay,2006,90,46,0.96
Paraguay,2005,46,41,0.12
Paraguay,2004,41,16,1.56
Paraguay,2003,16,3,4.33
Paraguay,2002,3,14,-0.79
Paraguay,2001,14,3,3.67
Paraguay,2000,3,16,-0.81
Paraguay,1999,16,11,0.45
Paraguay,1998,11,7,0.57
Paraguay,1997,7,11,-0.36
Paraguay,1996,11,0,0.00
Paraguay,1995,0,8,-1.00
Paraguay,1994,8,0,0.00
Paraguay,1993,0,0,0.00
Paraguay,1992,0,0,0.00
Paraguay,1991,0,0,0.00
Paraguay,1990,0,NULL,0.00
Peru,2021,435,82,4.30
Peru,2020,82,28,1.93
Peru,2019,28,32,-0.13
Peru,2018,32,28,0.14
Peru,2017,28,22,0.27
Peru,2016,22,9,1.44
Peru,2015,9,7,0.29
Peru,2014,7,15,-0.53
Peru,2013,15,6,1.50
Peru,2012,6,5,0.20
Peru,2011,5,89,-0.94
Peru,2010,89,3,28.67
Peru,2009,3,3,0.00
Peru,2008,3,2,0.50
Peru,2007,2,3,-0.33
Peru,2006,3,7,-0.57
Peru,2005,7,12,-0.42
Peru,2004,12,8,0.50
Peru,2003,8,42,-0.81
Peru,2002,42,48,-0.13
Peru,2001,48,11,3.36
Peru,2000,11,30,-0.63
Peru,1999,30,40,-0.25
Peru,1998,40,95,-0.58
Peru,1997,95,50,0.90
Peru,1996,50,107,-0.53
Peru,1995,107,206,-0.48
Peru,1994,206,391,-0.47
Peru,1993,391,229,0.71
Peru,1992,229,196,0.17
Peru,1991,196,93,1.11
Peru,1990,93,NULL,0.00
Philippines,2021,26,40,-0.35
Philippines,2020,40,12,2.33
Philippines,2019,12,2,5.00
Philippines,2018,2,24,-0.92
Philippines,2017,24,1,23.00
Philippines,2016,1,10,-0.90
Philippines,2015,10,12,-0.17
Philippines,2014,12,10,0.20
Philippines,2013,10,21,-0.52
Philippines,2012,21,144,-0.85
Philippines,2011,144,365,-0.61
Philippines,2010,365,14,25.07
Philippines,2009,14,163,-0.91
Philippines,2008,163,332,-0.51
Philippines,2007,332,0,0.00
Philippines,2006,0,423,-1.00
Philippines,2005,423,5,83.60
Philippines,2004,5,0,0.00
Philippines,2003,0,0,0.00
Philippines,2002,0,23,-1.00
Philippines,2001,23,0,0.00
Philippines,2000,0,0,0.00
Philippines,1999,0,0,0.00
Philippines,1998,0,0,0.00
Philippines,1997,0,1,-1.00
Philippines,1996,1,0,0.00
Philippines,1995,0,0,0.00
Philippines,1994,0,0,0.00
Philippines,1993,0,0,0.00
Philippines,1992,0,0,0.00
Philippines,1991,0,0,0.00
Philippines,1990,0,NULL,0.00
Poland,2021,21817,24262,-0.10
Poland,2020,24262,22892,0.06
Poland,2019,22892,19069,0.20
Poland,2018,19069,20109,-0.05
Poland,2017,20109,19686,0.02
Poland,2016,19686,19676,0.00
Poland,2015,19676,21639,-0.09
Poland,2014,21639,19180,0.13
Poland,2013,19180,16896,0.14
Poland,2012,16896,14151,0.19
Poland,2011,14151,10008,0.41
Poland,2010,10008,8609,0.16
Poland,2009,8609,7002,0.23
Poland,2008,7002,5690,0.23
Poland,2007,5690,4772,0.19
Poland,2006,4772,5534,-0.14
Poland,2005,5534,4887,0.13
Poland,2004,4887,3526,0.39
Poland,2003,3526,3199,0.10
Poland,2002,3199,2555,0.25
Poland,2001,2555,2900,-0.12
Poland,2000,2900,2701,0.07
Poland,1999,2701,3399,-0.21
Poland,1998,3399,2221,0.53
Poland,1997,2221,1603,0.39
Poland,1996,1603,1407,0.14
Poland,1995,1407,2287,-0.38
Poland,1994,2287,3243,-0.29
Poland,1993,3243,3197,0.01
Poland,1992,3197,0,0.00
Poland,1991,0,0,0.00
Poland,1990,0,NULL,0.00
Portugal,2021,132,121,0.09
Portugal,2020,121,170,-0.29
Portugal,2019,170,242,-0.30
Portugal,2018,242,178,0.36
Portugal,2017,178,199,-0.11
Portugal,2016,199,228,-0.13
Portugal,2015,228,195,0.17
Portugal,2014,195,135,0.44
Portugal,2013,135,146,-0.08
Portugal,2012,146,129,0.13
Portugal,2011,129,106,0.22
Portugal,2010,106,86,0.23
Portugal,2009,86,72,0.19
Portugal,2008,72,66,0.09
Portugal,2007,66,62,0.06
Portugal,2006,62,30,1.07
Portugal,2005,30,44,-0.32
Portugal,2004,44,29,0.52
Portugal,2003,29,51,-0.43
Portugal,2002,51,27,0.89
Portugal,2001,27,28,-0.04
Portugal,2000,28,40,-0.30
Portugal,1999,40,36,0.11
Portugal,1998,36,22,0.64
Portugal,1997,22,6,2.67
Portugal,1996,6,7,-0.14
Portugal,1995,7,20,-0.65
Portugal,1994,20,6,2.33
Portugal,1993,6,8,-0.25
Portugal,1992,8,44,-0.82
Portugal,1991,44,16,1.75
Portugal,1990,16,NULL,0.00
Qatar,2021,8,0,0.00
Qatar,2020,0,12,-1.00
Qatar,2019,12,20,-0.40
Qatar,2018,20,1,19.00
Qatar,2017,1,14,-0.93
Qatar,2016,14,34,-0.59
Qatar,2015,34,78,-0.56
Qatar,2014,78,1,77.00
Qatar,2013,1,1,0.00
Qatar,2012,1,2,-0.50
Qatar,2011,2,3,-0.33
Qatar,2010,3,29,-0.90
Qatar,2009,29,11,1.64
Qatar,2008,11,34,-0.68
Qatar,2007,34,17,1.00
Qatar,2006,17,14,0.21
Qatar,2005,14,17,-0.18
Qatar,2004,17,46,-0.63
Qatar,2003,46,108,-0.57
Qatar,2002,108,0,0.00
Qatar,2001,0,27,-1.00
Qatar,2000,27,157,-0.83
Qatar,1999,157,157,0.00
Qatar,1998,157,157,0.00
Qatar,1997,157,157,0.00
Qatar,1996,157,157,0.00
Qatar,1995,157,62,1.53
Qatar,1994,62,54,0.15
Qatar,1993,54,76,-0.29
Qatar,1992,76,71,0.07
Qatar,1991,71,98,-0.28
Qatar,1990,98,NULL,0.00
Réunion,2006,0,0,0.00
Réunion,2005,0,0,0.00
Réunion,2004,0,0,0.00
Réunion,2003,0,0,0.00
Réunion,2002,0,0,0.00
Réunion,2001,0,0,0.00
Réunion,2000,0,0,0.00
Réunion,1999,0,0,0.00
Réunion,1998,0,0,0.00
Réunion,1997,0,0,0.00
Réunion,1996,0,0,0.00
Réunion,1995,0,0,0.00
Réunion,1994,0,0,0.00
Réunion,1993,0,0,0.00
Réunion,1992,0,0,0.00
Réunion,1991,0,0,0.00
Réunion,1990,0,NULL,0.00
Romania,2021,68,148,-0.54
Romania,2020,148,171,-0.13
Romania,2019,171,235,-0.27
Romania,2018,235,238,-0.01
Romania,2017,238,155,0.54
Romania,2016,155,120,0.29
Romania,2015,120,57,1.11
Romania,2014,57,69,-0.17
Romania,2013,69,69,0.00
Romania,2012,69,100,-0.31
Romania,2011,100,106,-0.06
Romania,2010,106,689,-0.85
Romania,2009,689,297,1.32
Romania,2008,297,264,0.13
Romania,2007,264,541,-0.51
Romania,2006,541,68,6.96
Romania,2005,68,73,-0.07
Romania,2004,73,58,0.26
Romania,2003,58,25,1.32
Romania,2002,25,18,0.39
Romania,2001,18,39,-0.54
Romania,2000,39,82,-0.52
Romania,1999,82,12,5.83
Romania,1998,12,18,-0.33
Romania,1997,18,15,0.20
Romania,1996,15,4,2.75
Romania,1995,4,10,-0.60
Romania,1994,10,4,1.50
Romania,1993,4,8,-0.50
Romania,1992,8,2,3.00
Romania,1991,2,0,0.00
Romania,1990,0,NULL,0.00
Russia,2021,21853,20538,0.06
Russia,2020,20538,19851,0.03
Russia,2019,19851,18852,0.05
Russia,2018,18852,16863,0.12
Russia,2017,16863,14767,0.14
Russia,2016,14767,12517,0.18
Russia,2015,12517,12308,0.02
Russia,2014,12308,13578,-0.09
Russia,2013,13578,12538,0.08
Russia,2012,12538,7309,0.72
Russia,2011,7309,9170,-0.20
Russia,2010,9170,9713,-0.06
Russia,2009,9713,11464,-0.15
Russia,2008,11464,10298,0.11
Russia,2007,10298,8525,0.21
Russia,2006,8525,6686,0.28
Russia,2005,6686,5817,0.15
Russia,2004,5817,2959,0.97
Russia,2003,2959,1766,0.68
Russia,2002,1766,907,0.95
Russia,2001,907,2113,-0.57
Russia,2000,2113,1997,0.06
Russia,1999,1997,6756,-0.70
Russia,1998,6756,9832,-0.31
Russia,1997,9832,7451,0.32
Russia,1996,7451,6842,0.09
Russia,1995,6842,8361,-0.18
Russia,1994,8361,191,42.77
Russia,1993,191,174,0.10
Russia,1992,174,0,0.00
Russia,1991,0,0,0.00
Russia,1990,0,NULL,0.00
Rwanda,2021,38867,37033,0.05
Rwanda,2020,37033,31157,0.19
Rwanda,2019,31157,30946,0.01
Rwanda,2018,30946,26243,0.18
Rwanda,2017,26243,25416,0.03
Rwanda,2016,25416,25626,-0.01
Rwanda,2015,25626,24032,0.07
Rwanda,2014,24032,22344,0.08
Rwanda,2013,22344,23010,-0.03
Rwanda,2012,23010,21011,0.10
Rwanda,2011,21011,22143,-0.05
Rwanda,2010,22143,20624,0.07
Rwanda,2009,20624,20042,0.03
Rwanda,2008,20042,20056,0.00
Rwanda,2007,20056,16849,0.19
Rwanda,2006,16849,16661,0.01
Rwanda,2005,16661,1102,14.12
Rwanda,2004,1102,15170,-0.93
Rwanda,2003,15170,14658,0.03
Rwanda,2002,14658,17900,-0.18
Rwanda,2001,17900,11814,0.52
Rwanda,2000,11814,11886,-0.01
Rwanda,1999,11886,15042,-0.21
Rwanda,1998,15042,13249,0.14
Rwanda,1997,13249,3107,3.26
Rwanda,1996,3107,2500,0.24
Rwanda,1995,2500,5000,-0.50
Rwanda,1994,5000,11594,-0.57
Rwanda,1993,11594,13486,-0.14
Rwanda,1992,13486,13297,0.01
Rwanda,1991,13297,11759,0.13
Rwanda,1990,11759,NULL,0.00
"Saint Kitts and Nevis",2021,0,3,-1.00
"Saint Kitts and Nevis",2020,3,1,2.00
"Saint Kitts and Nevis",2019,1,1,0.00
"Saint Kitts and Nevis",2018,1,0,0.00
"Saint Kitts and Nevis",2017,0,0,0.00
"Saint Kitts and Nevis",2016,0,0,0.00
"Saint Kitts and Nevis",2015,0,1,-1.00
"Saint Kitts and Nevis",2014,1,0,0.00
"Saint Kitts and Nevis",2013,0,0,0.00
"Saint Kitts and Nevis",2012,0,0,0.00
"Saint Kitts and Nevis",2011,0,0,0.00
"Saint Kitts and Nevis",2010,0,0,0.00
"Saint Kitts and Nevis",2009,0,0,0.00
"Saint Kitts and Nevis",2008,0,0,0.00
"Saint Kitts and Nevis",2007,0,0,0.00
"Saint Kitts and Nevis",2006,0,0,0.00
"Saint Kitts and Nevis",2005,0,0,0.00
"Saint Kitts and Nevis",2004,0,0,0.00
"Saint Kitts and Nevis",2003,0,0,0.00
"Saint Kitts and Nevis",2002,0,0,0.00
"Saint Kitts and Nevis",2001,0,0,0.00
"Saint Kitts and Nevis",2000,0,0,0.00
"Saint Kitts and Nevis",1999,0,0,0.00
"Saint Kitts and Nevis",1998,0,0,0.00
"Saint Kitts and Nevis",1997,0,0,0.00
"Saint Kitts and Nevis",1996,0,0,0.00
"Saint Kitts and Nevis",1995,0,0,0.00
"Saint Kitts and Nevis",1994,0,0,0.00
"Saint Kitts and Nevis",1993,0,0,0.00
"Saint Kitts and Nevis",1992,0,0,0.00
"Saint Kitts and Nevis",1991,0,0,0.00
"Saint Kitts and Nevis",1990,0,NULL,0.00
"Saint Lucia",2021,0,1,-1.00
"Saint Lucia",2020,1,2,-0.50
"Saint Lucia",2019,2,2,0.00
"Saint Lucia",2018,2,2,0.00
"Saint Lucia",2017,2,2,0.00
"Saint Lucia",2016,2,0,0.00
"Saint Lucia",2015,0,2,-1.00
"Saint Lucia",2014,2,0,0.00
"Saint Lucia",2013,0,0,0.00
"Saint Lucia",2012,0,0,0.00
"Saint Lucia",2011,0,0,0.00
"Saint Lucia",2010,0,0,0.00
"Saint Lucia",2009,0,0,0.00
"Saint Lucia",2008,0,1,-1.00
"Saint Lucia",2007,1,1,0.00
"Saint Lucia",2006,1,1,0.00
"Saint Lucia",2005,1,1,0.00
"Saint Lucia",2004,1,0,0.00
"Saint Lucia",2003,0,4,-1.00
"Saint Lucia",2002,4,0,0.00
"Saint Lucia",2001,0,0,0.00
"Saint Lucia",2000,0,0,0.00
"Saint Lucia",1999,0,0,0.00
"Saint Lucia",1998,0,0,0.00
"Saint Lucia",1997,0,0,0.00
"Saint Lucia",1996,0,0,0.00
"Saint Lucia",1995,0,0,0.00
"Saint Lucia",1994,0,0,0.00
"Saint Lucia",1993,0,0,0.00
"Saint Lucia",1992,0,0,0.00
"Saint Lucia",1991,0,0,0.00
"Saint Lucia",1990,0,NULL,0.00
"Saint Vincent and the Grenadines",2021,0,0,0.00
"Saint Vincent and the Grenadines",2020,0,0,0.00
"Saint Vincent and the Grenadines",2019,0,0,0.00
"Saint Vincent and the Grenadines",2018,0,0,0.00
"Saint Vincent and the Grenadines",2017,0,0,0.00
"Saint Vincent and the Grenadines",2016,0,0,0.00
"Saint Vincent and the Grenadines",2015,0,0,0.00
"Saint Vincent and the Grenadines",2014,0,0,0.00
"Saint Vincent and the Grenadines",2013,0,0,0.00
"Saint Vincent and the Grenadines",2012,0,0,0.00
"Saint Vincent and the Grenadines",2011,0,0,0.00
"Saint Vincent and the Grenadines",2010,0,0,0.00
"Saint Vincent and the Grenadines",2009,0,1,-1.00
"Saint Vincent and the Grenadines",2008,1,0,0.00
"Saint Vincent and the Grenadines",2007,0,0,0.00
"Saint Vincent and the Grenadines",2006,0,0,0.00
"Saint Vincent and the Grenadines",2005,0,0,0.00
"Saint Vincent and the Grenadines",2004,0,0,0.00
"Saint Vincent and the Grenadines",2003,0,0,0.00
"Saint Vincent and the Grenadines",2002,0,0,0.00
"Saint Vincent and the Grenadines",2001,0,0,0.00
"Saint Vincent and the Grenadines",2000,0,0,0.00
"Saint Vincent and the Grenadines",1999,0,0,0.00
"Saint Vincent and the Grenadines",1998,0,0,0.00
"Saint Vincent and the Grenadines",1997,0,0,0.00
"Saint Vincent and the Grenadines",1996,0,0,0.00
"Saint Vincent and the Grenadines",1995,0,0,0.00
"Saint Vincent and the Grenadines",1994,0,0,0.00
"Saint Vincent and the Grenadines",1993,0,0,0.00
"Saint Vincent and the Grenadines",1992,0,0,0.00
"Saint Vincent and the Grenadines",1991,0,0,0.00
"Saint Vincent and the Grenadines",1990,0,NULL,0.00
Samoa,2021,2,0,0.00
Samoa,2020,0,0,0.00
Samoa,2019,0,1,-1.00
Samoa,2018,1,0,0.00
Samoa,2017,0,0,0.00
Samoa,2016,0,0,0.00
Samoa,2015,0,0,0.00
Samoa,2014,0,0,0.00
Samoa,2013,0,0,0.00
Samoa,2012,0,0,0.00
Samoa,2011,0,0,0.00
Samoa,2010,0,0,0.00
Samoa,2009,0,0,0.00
Samoa,2008,0,0,0.00
Samoa,2007,0,0,0.00
Samoa,2006,0,0,0.00
Samoa,2005,0,0,0.00
Samoa,2004,0,0,0.00
Samoa,2003,0,0,0.00
Samoa,2002,0,0,0.00
Samoa,2001,0,0,0.00
Samoa,2000,0,0,0.00
Samoa,1999,0,0,0.00
Samoa,1998,0,0,0.00
Samoa,1997,0,0,0.00
Samoa,1996,0,0,0.00
Samoa,1995,0,0,0.00
Samoa,1994,0,0,0.00
Samoa,1993,0,0,0.00
Samoa,1992,0,0,0.00
Samoa,1991,0,0,0.00
Samoa,1990,0,NULL,0.00
"Sao Tome and Principe",2021,0,0,0.00
"Sao Tome and Principe",2020,0,0,0.00
"Sao Tome and Principe",2019,0,0,0.00
"Sao Tome and Principe",2018,0,0,0.00
"Sao Tome and Principe",2017,0,0,0.00
"Sao Tome and Principe",2016,0,0,0.00
"Sao Tome and Principe",2015,0,0,0.00
"Sao Tome and Principe",2014,0,0,0.00
"Sao Tome and Principe",2013,0,0,0.00
"Sao Tome and Principe",2012,0,0,0.00
"Sao Tome and Principe",2011,0,0,0.00
"Sao Tome and Principe",2010,0,0,0.00
"Sao Tome and Principe",2009,0,0,0.00
"Sao Tome and Principe",2008,0,0,0.00
"Sao Tome and Principe",2007,0,0,0.00
"Sao Tome and Principe",2006,0,0,0.00
"Sao Tome and Principe",2005,0,0,0.00
"Sao Tome and Principe",2004,0,0,0.00
"Sao Tome and Principe",2003,0,0,0.00
"Sao Tome and Principe",2002,0,0,0.00
"Sao Tome and Principe",2001,0,0,0.00
"Sao Tome and Principe",2000,0,0,0.00
"Sao Tome and Principe",1999,0,0,0.00
"Sao Tome and Principe",1998,0,0,0.00
"Sao Tome and Principe",1997,0,0,0.00
"Sao Tome and Principe",1996,0,0,0.00
"Sao Tome and Principe",1995,0,0,0.00
"Sao Tome and Principe",1994,0,0,0.00
"Sao Tome and Principe",1993,0,0,0.00
"Sao Tome and Principe",1992,0,0,0.00
"Sao Tome and Principe",1991,0,0,0.00
"Sao Tome and Principe",1990,0,NULL,0.00
"Saudi Arabia",2021,1748,1828,-0.04
"Saudi Arabia",2020,1828,1247,0.47
"Saudi Arabia",2019,1247,2049,-0.39
"Saudi Arabia",2018,2049,1959,0.05
"Saudi Arabia",2017,1959,1668,0.17
"Saudi Arabia",2016,1668,1716,-0.03
"Saudi Arabia",2015,1716,1889,-0.09
"Saudi Arabia",2014,1889,1184,0.60
"Saudi Arabia",2013,1184,1746,-0.32
"Saudi Arabia",2012,1746,2330,-0.25
"Saudi Arabia",2011,2330,2232,0.04
"Saudi Arabia",2010,2232,675,2.31
"Saudi Arabia",2009,675,675,0.00
"Saudi Arabia",2008,675,1411,-0.52
"Saudi Arabia",2007,1411,1179,0.20
"Saudi Arabia",2006,1179,1002,0.18
"Saudi Arabia",2005,1002,933,0.07
"Saudi Arabia",2004,933,551,0.69
"Saudi Arabia",2003,551,366,0.51
"Saudi Arabia",2002,366,146,1.51
"Saudi Arabia",2001,146,187,-0.22
"Saudi Arabia",2000,187,120,0.56
"Saudi Arabia",1999,120,534,-0.78
"Saudi Arabia",1998,534,182,1.93
"Saudi Arabia",1997,182,194,-0.06
"Saudi Arabia",1996,194,68,1.85
"Saudi Arabia",1995,68,198,-0.66
"Saudi Arabia",1994,198,94,1.11
"Saudi Arabia",1993,94,54,0.74
"Saudi Arabia",1992,54,194,-0.72
"Saudi Arabia",1991,194,340,-0.43
"Saudi Arabia",1990,340,NULL,0.00
Senegal,2021,1239,1247,-0.01
Senegal,2020,1247,1072,0.16
Senegal,2019,1072,2742,-0.61
Senegal,2018,2742,1121,1.45
Senegal,2017,1121,434,1.58
Senegal,2016,434,2144,-0.80
Senegal,2015,2144,2667,-0.20
Senegal,2014,2667,1353,0.97
Senegal,2013,1353,247,4.48
Senegal,2012,247,13,18.00
Senegal,2011,13,26,-0.50
Senegal,2010,26,1,25.00
Senegal,2009,1,60,-0.98
Senegal,2008,60,102,-0.41
Senegal,2007,102,13,6.85
Senegal,2006,13,12,0.08
Senegal,2005,12,215,-0.94
Senegal,2004,215,67,2.21
Senegal,2003,67,2,32.50
Senegal,2002,2,0,0.00
Senegal,2001,0,4,-1.00
Senegal,2000,4,1,3.00
Senegal,1999,1,0,0.00
Senegal,1998,0,0,0.00
Senegal,1997,0,0,0.00
Senegal,1996,0,0,0.00
Senegal,1995,0,0,0.00
Senegal,1994,0,0,0.00
Senegal,1993,0,0,0.00
Senegal,1992,0,0,0.00
Senegal,1991,0,1029,-1.00
Senegal,1990,1029,NULL,0.00
Serbia,2021,51,52,-0.02
Serbia,2020,52,46,0.13
Serbia,2019,46,73,-0.37
Serbia,2018,73,58,0.26
Serbia,2017,58,75,-0.23
Serbia,2016,75,39,0.92
Serbia,2015,39,45,-0.13
Serbia,2014,45,52,-0.13
Serbia,2013,52,42,0.24
Serbia,2012,42,54,-0.22
Serbia,2011,54,48,0.13
Serbia,2010,48,45,0.07
Serbia,2009,45,44,0.02
Serbia,2008,44,91,-0.52
Serbia,2007,91,53,0.72
Serbia,2006,53,NULL,0.00
Seychelles,2021,0,0,0.00
Seychelles,2020,0,0,0.00
Seychelles,2019,0,0,0.00
Seychelles,2018,0,0,0.00
Seychelles,2017,0,0,0.00
Seychelles,2016,0,1,-1.00
Seychelles,2015,1,0,0.00
Seychelles,2014,0,0,0.00
Seychelles,2013,0,0,0.00
Seychelles,2012,0,0,0.00
Seychelles,2011,0,0,0.00
Seychelles,2010,0,2,-1.00
Seychelles,2009,2,2,0.00
Seychelles,2008,2,2,0.00
Seychelles,2007,2,0,0.00
Seychelles,2006,0,0,0.00
Seychelles,2005,0,0,0.00
Seychelles,2004,0,0,0.00
Seychelles,2003,0,0,0.00
Seychelles,2002,0,0,0.00
Seychelles,2001,0,0,0.00
Seychelles,2000,0,1,-1.00
Seychelles,1999,1,1,0.00
Seychelles,1998,1,1,0.00
Seychelles,1997,1,1,0.00
Seychelles,1996,1,1,0.00
Seychelles,1995,1,2,-0.50
Seychelles,1994,2,1,1.00
Seychelles,1993,1,0,0.00
Seychelles,1992,0,1,-1.00
Seychelles,1991,1,0,0.00
Seychelles,1990,0,NULL,0.00
"Sierra Leone",2021,34,32,0.06
"Sierra Leone",2020,32,172,-0.81
"Sierra Leone",2019,172,10,16.20
"Sierra Leone",2018,10,13,-0.23
"Sierra Leone",2017,13,14,-0.07
"Sierra Leone",2016,14,15,-0.07
"Sierra Leone",2015,15,17,-0.12
"Sierra Leone",2014,17,0,0.00
"Sierra Leone",2013,0,0,0.00
"Sierra Leone",2012,0,0,0.00
"Sierra Leone",2011,0,0,0.00
"Sierra Leone",2010,0,0,0.00
"Sierra Leone",2009,0,0,0.00
"Sierra Leone",2008,0,0,0.00
"Sierra Leone",2007,0,0,0.00
"Sierra Leone",2006,0,0,0.00
"Sierra Leone",2005,0,0,0.00
"Sierra Leone",2004,0,0,0.00
"Sierra Leone",2003,0,0,0.00
"Sierra Leone",2002,0,0,0.00
"Sierra Leone",2001,0,0,0.00
"Sierra Leone",2000,0,0,0.00
"Sierra Leone",1999,0,0,0.00
"Sierra Leone",1998,0,0,0.00
"Sierra Leone",1997,0,0,0.00
"Sierra Leone",1996,0,0,0.00
"Sierra Leone",1995,0,0,0.00
"Sierra Leone",1994,0,0,0.00
"Sierra Leone",1993,0,0,0.00
"Sierra Leone",1992,0,0,0.00
"Sierra Leone",1991,0,0,0.00
"Sierra Leone",1990,0,NULL,0.00
Singapore,2021,1568,2439,-0.36
Singapore,2020,2439,2181,0.12
Singapore,2019,2181,2449,-0.11
Singapore,2018,2449,2004,0.22
Singapore,2017,2004,2380,-0.16
Singapore,2016,2380,1798,0.32
Singapore,2015,1798,1387,0.30
Singapore,2014,1387,1404,-0.01
Singapore,2013,1404,1346,0.04
Singapore,2012,1346,1677,-0.20
Singapore,2011,1677,1085,0.55
Singapore,2010,1085,1397,-0.22
Singapore,2009,1397,1233,0.13
Singapore,2008,1233,1371,-0.10
Singapore,2007,1371,1715,-0.20
Singapore,2006,1715,2078,-0.17
Singapore,2005,2078,1570,0.32
Singapore,2004,1570,2439,-0.36
Singapore,2003,2439,3993,-0.39
Singapore,2002,3993,3592,0.11
Singapore,2001,3592,5256,-0.32
Singapore,2000,5256,4660,0.13
Singapore,1999,4660,5009,-0.07
Singapore,1998,5009,5247,-0.05
Singapore,1997,5247,6562,-0.20
Singapore,1996,6562,6791,-0.03
Singapore,1995,6791,8913,-0.24
Singapore,1994,8913,11230,-0.21
Singapore,1993,11230,6849,0.64
Singapore,1992,6849,9760,-0.30
Singapore,1991,9760,10882,-0.10
Singapore,1990,10882,NULL,0.00
Slovakia,2021,50,28,0.79
Slovakia,2020,28,22,0.27
Slovakia,2019,22,72,-0.69
Slovakia,2018,72,52,0.38
Slovakia,2017,52,35,0.49
Slovakia,2016,35,113,-0.69
Slovakia,2015,113,49,1.31
Slovakia,2014,49,270,-0.82
Slovakia,2013,270,398,-0.32
Slovakia,2012,398,317,0.26
Slovakia,2011,317,140,1.26
Slovakia,2010,140,184,-0.24
Slovakia,2009,184,168,0.10
Slovakia,2008,168,157,0.07
Slovakia,2007,157,271,-0.42
Slovakia,2006,271,295,-0.08
Slovakia,2005,295,324,-0.09
Slovakia,2004,324,214,0.51
Slovakia,2003,214,186,0.15
Slovakia,2002,186,162,0.15
Slovakia,2001,162,95,0.71
Slovakia,2000,95,70,0.36
Slovakia,1999,70,61,0.15
Slovakia,1998,61,88,-0.31
Slovakia,1997,88,146,-0.40
Slovakia,1996,146,171,-0.15
Slovakia,1995,171,79,1.16
Slovakia,1994,79,61,0.30
Slovakia,1993,61,NULL,0.00
Slovenia,2021,43,45,-0.04
Slovenia,2020,45,36,0.25
Slovenia,2019,36,35,0.03
Slovenia,2018,35,32,0.09
Slovenia,2017,32,39,-0.18
Slovenia,2016,39,19,1.05
Slovenia,2015,19,31,-0.39
Slovenia,2014,31,19,0.63
Slovenia,2013,19,11,0.73
Slovenia,2012,11,9,0.22
Slovenia,2011,9,20,-0.55
Slovenia,2010,20,83,-0.76
Slovenia,2009,83,91,-0.09
Slovenia,2008,91,73,0.25
Slovenia,2007,73,78,-0.06
Slovenia,2006,78,30,1.60
Slovenia,2005,30,22,0.36
Slovenia,2004,22,18,0.22
Slovenia,2003,18,7,1.57
Slovenia,2002,7,7,0.00
Slovenia,2001,7,95,-0.93
Slovenia,2000,95,107,-0.11
Slovenia,1999,107,6,16.83
Slovenia,1998,6,8,-0.25
Slovenia,1997,8,16,-0.50
Slovenia,1996,16,79,-0.80
Slovenia,1995,79,27,1.93
Slovenia,1994,27,22,0.23
Slovenia,1993,22,23,-0.04
Slovenia,1992,23,NULL,0.00
"Solomon Islands",2021,0,0,0.00
"Solomon Islands",2020,0,0,0.00
"Solomon Islands",2019,0,0,0.00
"Solomon Islands",2018,0,0,0.00
"Solomon Islands",2017,0,0,0.00
"Solomon Islands",2016,0,0,0.00
"Solomon Islands",2015,0,0,0.00
"Solomon Islands",2014,0,0,0.00
"Solomon Islands",2013,0,0,0.00
"Solomon Islands",2012,0,0,0.00
"Solomon Islands",2011,0,0,0.00
"Solomon Islands",2010,0,0,0.00
"Solomon Islands",2009,0,0,0.00
"Solomon Islands",2008,0,0,0.00
"Solomon Islands",2007,0,0,0.00
"Solomon Islands",2006,0,0,0.00
"Solomon Islands",2005,0,0,0.00
"Solomon Islands",2004,0,0,0.00
"Solomon Islands",2003,0,0,0.00
"Solomon Islands",2002,0,0,0.00
"Solomon Islands",2001,0,0,0.00
"Solomon Islands",2000,0,0,0.00
"Solomon Islands",1999,0,0,0.00
"Solomon Islands",1998,0,0,0.00
"Solomon Islands",1997,0,0,0.00
"Solomon Islands",1996,0,0,0.00
"Solomon Islands",1995,0,0,0.00
"Solomon Islands",1994,0,0,0.00
"Solomon Islands",1993,0,0,0.00
"Solomon Islands",1992,0,0,0.00
"Solomon Islands",1991,0,0,0.00
"Solomon Islands",1990,0,NULL,0.00
Somalia,2021,0,0,0.00
Somalia,2020,0,0,0.00
Somalia,2019,0,1,-1.00
Somalia,2018,1,0,0.00
Somalia,2017,0,0,0.00
Somalia,2016,0,0,0.00
Somalia,2015,0,0,0.00
Somalia,2014,0,0,0.00
Somalia,2013,0,0,0.00
Somalia,2012,0,18,-1.00
Somalia,2011,18,18,0.00
Somalia,2010,18,0,0.00
Somalia,2009,0,0,0.00
Somalia,2008,0,321,-1.00
Somalia,2007,321,0,0.00
Somalia,2006,0,16,-1.00
Somalia,2005,16,27,-0.41
Somalia,2004,27,1,26.00
Somalia,2003,1,0,0.00
Somalia,2002,0,0,0.00
Somalia,2001,0,0,0.00
Somalia,2000,0,0,0.00
Somalia,1999,0,0,0.00
Somalia,1998,0,0,0.00
Somalia,1997,0,0,0.00
Somalia,1996,0,0,0.00
Somalia,1995,0,0,0.00
Somalia,1994,0,0,0.00
Somalia,1993,0,0,0.00
Somalia,1992,0,0,0.00
Somalia,1991,0,0,0.00
Somalia,1990,0,NULL,0.00
"South Africa",2021,4437,5112,-0.13
"South Africa",2020,5112,5270,-0.03
"South Africa",2019,5270,5974,-0.12
"South Africa",2018,5974,5375,0.11
"South Africa",2017,5375,5136,0.05
"South Africa",2016,5136,6118,-0.16
"South Africa",2015,6118,7130,-0.14
"South Africa",2014,7130,7987,-0.11
"South Africa",2013,7987,2798,1.85
"South Africa",2012,2798,2542,0.10
"South Africa",2011,2542,4346,-0.42
"South Africa",2010,4346,5431,-0.20
"South Africa",2009,5431,9284,-0.42
"South Africa",2008,9284,5137,0.81
"South Africa",2007,5137,3505,0.47
"South Africa",2006,3505,2231,0.57
"South Africa",2005,2231,5701,-0.61
"South Africa",2004,5701,7617,-0.25
"South Africa",2003,7617,10922,-0.30
"South Africa",2002,10922,6450,0.69
"South Africa",2001,6450,10111,-0.36
"South Africa",2000,10111,4813,1.10
"South Africa",1999,4813,2752,0.75
"South Africa",1998,2752,1024,1.69
"South Africa",1997,1024,1043,-0.02
"South Africa",1996,1043,1338,-0.22
"South Africa",1995,1338,802,0.67
"South Africa",1994,802,1100,-0.27
"South Africa",1993,1100,994,0.11
"South Africa",1992,994,1050,-0.05
"South Africa",1991,1050,882,0.19
"South Africa",1990,882,NULL,0.00
"South Korea",2021,516,500,0.03
"South Korea",2020,500,366,0.37
"South Korea",2019,366,355,0.03
"South Korea",2018,355,512,-0.31
"South Korea",2017,512,376,0.36
"South Korea",2016,376,287,0.31
"South Korea",2015,287,452,-0.37
"South Korea",2014,452,558,-0.19
"South Korea",2013,558,569,-0.02
"South Korea",2012,569,507,0.12
"South Korea",2011,507,711,-0.29
"South Korea",2010,711,1204,-0.41
"South Korea",2009,1204,637,0.89
"South Korea",2008,637,814,-0.22
"South Korea",2007,814,1541,-0.47
"South Korea",2006,1541,1481,0.04
"South Korea",2005,1481,2046,-0.28
"South Korea",2004,2046,1612,0.27
"South Korea",2003,1612,1380,0.17
"South Korea",2002,1380,867,0.59
"South Korea",2001,867,372,1.33
"South Korea",2000,372,390,-0.05
"South Korea",1999,390,228,0.71
"South Korea",1998,228,274,-0.17
"South Korea",1997,274,252,0.09
"South Korea",1996,252,366,-0.31
"South Korea",1995,366,359,0.02
"South Korea",1994,359,247,0.45
"South Korea",1993,247,257,-0.04
"South Korea",1992,257,230,0.12
"South Korea",1991,230,248,-0.07
"South Korea",1990,248,NULL,0.00
Spain,2021,1372,1094,0.25
Spain,2020,1094,1206,-0.09
Spain,2019,1206,1411,-0.15
Spain,2018,1411,1231,0.15
Spain,2017,1231,914,0.35
Spain,2016,914,1145,-0.20
Spain,2015,1145,1329,-0.14
Spain,2014,1329,1144,0.16
Spain,2013,1144,1194,-0.04
Spain,2012,1194,619,0.93
Spain,2011,619,633,-0.02
Spain,2010,633,320,0.98
Spain,2009,320,352,-0.09
Spain,2008,352,226,0.56
Spain,2007,226,266,-0.15
Spain,2006,266,350,-0.24
Spain,2005,350,272,0.29
Spain,2004,272,230,0.18
Spain,2003,230,114,1.02
Spain,2002,114,147,-0.22
Spain,2001,147,150,-0.02
Spain,2000,150,74,1.03
Spain,1999,74,64,0.16
Spain,1998,64,42,0.52
Spain,1997,42,22,0.91
Spain,1996,22,82,-0.73
Spain,1995,82,40,1.05
Spain,1994,40,8,4.00
Spain,1993,8,274,-0.97
Spain,1992,274,71,2.86
Spain,1991,71,36,0.97
Spain,1990,36,NULL,0.00
"Sri Lanka",2021,282986,285087,-0.01
"Sri Lanka",2020,285087,289586,-0.02
"Sri Lanka",2019,289586,164709,0.76
"Sri Lanka",2018,164709,286863,-0.43
"Sri Lanka",2017,286863,286760,0.00
"Sri Lanka",2016,286760,304835,-0.06
"Sri Lanka",2015,304835,325141,-0.06
"Sri Lanka",2014,325141,317710,0.02
"Sri Lanka",2013,317710,318396,0.00
"Sri Lanka",2012,318396,321074,-0.01
"Sri Lanka",2011,321074,312908,0.03
"Sri Lanka",2010,312908,288528,0.08
"Sri Lanka",2009,288528,318329,-0.09
"Sri Lanka",2008,318329,190203,0.67
"Sri Lanka",2007,190203,204240,-0.07
"Sri Lanka",2006,204240,307793,-0.34
"Sri Lanka",2005,307793,298909,0.03
"Sri Lanka",2004,298909,297003,0.01
"Sri Lanka",2003,297003,290500,0.02
"Sri Lanka",2002,290500,293524,-0.01
"Sri Lanka",2001,293524,287005,0.02
"Sri Lanka",2000,287005,268330,0.07
"Sri Lanka",1999,268330,270938,-0.01
"Sri Lanka",1998,270938,267726,0.01
"Sri Lanka",1997,267726,218714,0.22
"Sri Lanka",1996,218714,178005,0.23
"Sri Lanka",1995,178005,115097,0.55
"Sri Lanka",1994,115097,134742,-0.15
"Sri Lanka",1993,134742,181259,-0.26
"Sri Lanka",1992,181259,212017,-0.15
"Sri Lanka",1991,212017,216033,-0.02
"Sri Lanka",1990,216033,NULL,0.00
Sudan,2021,395,18,20.94
Sudan,2020,18,0,0.00
Sudan,2019,0,0,0.00
Sudan,2018,0,11,-1.00
Sudan,2017,11,0,0.00
Sudan,2016,0,0,0.00
Sudan,2015,0,17,-1.00
Sudan,2014,17,2,7.50
Sudan,2013,2,6,-0.67
Sudan,2012,6,2,2.00
Sudan,2011,2,2,0.00
Sudan,2010,2,20,-0.90
Sudan,2009,20,0,0.00
Sudan,2008,0,0,0.00
Sudan,2007,0,0,0.00
Sudan,2006,0,0,0.00
Sudan,2005,0,21,-1.00
Sudan,2004,21,5,3.20
Sudan,2003,5,101,-0.95
Sudan,2002,101,0,0.00
Sudan,2001,0,0,0.00
Sudan,2000,0,0,0.00
Sudan,1999,0,0,0.00
Sudan,1998,0,0,0.00
Sudan,1997,0,0,0.00
Sudan,1996,0,0,0.00
Sudan,1995,0,0,0.00
Sudan,1994,0,0,0.00
Sudan,1993,0,0,0.00
Sudan,1992,0,0,0.00
Sudan,1991,0,0,0.00
Sudan,1990,0,NULL,0.00
Suriname,2021,11,0,0.00
Suriname,2020,0,0,0.00
Suriname,2019,0,0,0.00
Suriname,2018,0,0,0.00
Suriname,2017,0,112,-1.00
Suriname,2016,112,7,15.00
Suriname,2015,7,2,2.50
Suriname,2014,2,16,-0.88
Suriname,2013,16,0,0.00
Suriname,2012,0,0,0.00
Suriname,2011,0,0,0.00
Suriname,2010,0,0,0.00
Suriname,2009,0,0,0.00
Suriname,2008,0,0,0.00
Suriname,2007,0,0,0.00
Suriname,2006,0,0,0.00
Suriname,2005,0,0,0.00
Suriname,2004,0,0,0.00
Suriname,2003,0,0,0.00
Suriname,2002,0,0,0.00
Suriname,2001,0,0,0.00
Suriname,2000,0,0,0.00
Suriname,1999,0,0,0.00
Suriname,1998,0,0,0.00
Suriname,1997,0,0,0.00
Suriname,1996,0,0,0.00
Suriname,1995,0,0,0.00
Suriname,1994,0,0,0.00
Suriname,1993,0,0,0.00
Suriname,1992,0,0,0.00
Suriname,1991,0,0,0.00
Suriname,1990,0,NULL,0.00
Sweden,2021,375,339,0.11
Sweden,2020,339,443,-0.23
Sweden,2019,443,484,-0.08
Sweden,2018,484,370,0.31
Sweden,2017,370,401,-0.08
Sweden,2016,401,364,0.10
Sweden,2015,364,379,-0.04
Sweden,2014,379,414,-0.08
Sweden,2013,414,498,-0.17
Sweden,2012,498,723,-0.31
Sweden,2011,723,851,-0.15
Sweden,2010,851,911,-0.07
Sweden,2009,911,941,-0.03
Sweden,2008,941,869,0.08
Sweden,2007,869,1406,-0.38
Sweden,2006,1406,843,0.67
Sweden,2005,843,881,-0.04
Sweden,2004,881,839,0.05
Sweden,2003,839,835,0.00
Sweden,2002,835,1040,-0.20
Sweden,2001,1040,1137,-0.09
Sweden,2000,1137,782,0.45
Sweden,1999,782,683,0.14
Sweden,1998,683,644,0.06
Sweden,1997,644,579,0.11
Sweden,1996,579,586,-0.01
Sweden,1995,586,246,1.38
Sweden,1994,246,130,0.89
Sweden,1993,130,161,-0.19
Sweden,1992,161,50,2.22
Sweden,1991,50,68,-0.26
Sweden,1990,68,NULL,0.00
Switzerland,2021,6294,5909,0.07
Switzerland,2020,5909,5437,0.09
Switzerland,2019,5437,4871,0.12
Switzerland,2018,4871,4622,0.05
Switzerland,2017,4622,4252,0.09
Switzerland,2016,4252,4125,0.03
Switzerland,2015,4125,4160,-0.01
Switzerland,2014,4160,4075,0.02
Switzerland,2013,4075,2830,0.44
Switzerland,2012,2830,2677,0.06
Switzerland,2011,2677,1928,0.39
Switzerland,2010,1928,1375,0.40
Switzerland,2009,1375,1703,-0.19
Switzerland,2008,1703,723,1.36
Switzerland,2007,723,1276,-0.43
Switzerland,2006,1276,2432,-0.48
Switzerland,2005,2432,1928,0.26
Switzerland,2004,1928,1958,-0.02
Switzerland,2003,1958,2332,-0.16
Switzerland,2002,2332,1927,0.21
Switzerland,2001,1927,1776,0.09
Switzerland,2000,1776,1829,-0.03
Switzerland,1999,1829,1858,-0.02
Switzerland,1998,1858,1847,0.01
Switzerland,1997,1847,1632,0.13
Switzerland,1996,1632,1585,0.03
Switzerland,1995,1585,1774,-0.11
Switzerland,1994,1774,1818,-0.02
Switzerland,1993,1818,1719,0.06
Switzerland,1992,1719,1478,0.16
Switzerland,1991,1478,1061,0.39
Switzerland,1990,1061,NULL,0.00
Syria,2021,106,75,0.41
Syria,2020,75,87,-0.14
Syria,2019,87,111,-0.22
Syria,2018,111,153,-0.27
Syria,2017,153,75,1.04
Syria,2016,75,33,1.27
Syria,2015,33,17,0.94
Syria,2014,17,43,-0.60
Syria,2013,43,27,0.59
Syria,2012,27,72,-0.63
Syria,2011,72,109,-0.34
Syria,2010,109,109,0.00
Syria,2009,109,188,-0.42
Syria,2008,188,1056,-0.82
Syria,2007,1056,1520,-0.31
Syria,2006,1520,11,137.18
Syria,2005,11,0,0.00
Syria,2004,0,113,-1.00
Syria,2003,113,0,0.00
Syria,2002,0,0,0.00
Syria,2001,0,0,0.00
Syria,2000,0,0,0.00
Syria,1999,0,0,0.00
Syria,1998,0,0,0.00
Syria,1997,0,0,0.00
Syria,1996,0,0,0.00
Syria,1995,0,0,0.00
Syria,1994,0,0,0.00
Syria,1993,0,0,0.00
Syria,1992,0,0,0.00
Syria,1991,0,0,0.00
Syria,1990,0,NULL,0.00
Taiwan,2021,0,0,0.00
Taiwan,2020,0,0,0.00
Taiwan,2019,0,0,0.00
Taiwan,2018,0,0,0.00
Taiwan,2017,0,0,0.00
Taiwan,2016,0,0,0.00
Taiwan,2015,0,0,0.00
Taiwan,2014,0,0,0.00
Taiwan,2013,0,0,0.00
Taiwan,2012,0,0,0.00
Taiwan,2011,0,0,0.00
Taiwan,2010,0,0,0.00
Taiwan,2009,0,0,0.00
Taiwan,2008,0,0,0.00
Taiwan,2007,0,0,0.00
Taiwan,2006,0,0,0.00
Taiwan,2005,0,0,0.00
Taiwan,2004,0,0,0.00
Taiwan,2003,0,0,0.00
Taiwan,2002,0,0,0.00
Taiwan,2001,0,0,0.00
Taiwan,2000,0,0,0.00
Taiwan,1999,0,0,0.00
Taiwan,1998,0,0,0.00
Taiwan,1997,0,0,0.00
Taiwan,1996,0,0,0.00
Taiwan,1995,0,0,0.00
Taiwan,1994,0,0,0.00
Taiwan,1993,0,0,0.00
Taiwan,1992,0,0,0.00
Taiwan,1991,0,0,0.00
Taiwan,1990,0,NULL,0.00
Tajikistan,2021,0,25,-1.00
Tajikistan,2020,25,41,-0.39
Tajikistan,2019,41,0,0.00
Tajikistan,2018,0,21,-1.00
Tajikistan,2017,21,59,-0.64
Tajikistan,2016,59,0,0.00
Tajikistan,2015,0,0,0.00
Tajikistan,2014,0,0,0.00
Tajikistan,2013,0,0,0.00
Tajikistan,2012,0,0,0.00
Tajikistan,2011,0,2,-1.00
Tajikistan,2010,2,170,-0.99
Tajikistan,2009,170,171,-0.01
Tajikistan,2008,171,100,0.71
Tajikistan,2007,100,100,0.00
Tajikistan,2006,100,100,0.00
Tajikistan,2005,100,0,0.00
Tajikistan,2004,0,15,-1.00
Tajikistan,2003,15,0,0.00
Tajikistan,2002,0,15,-1.00
Tajikistan,2001,15,0,0.00
Tajikistan,2000,0,0,0.00
Tajikistan,1999,0,0,0.00
Tajikistan,1998,0,0,0.00
Tajikistan,1997,0,2,-1.00
Tajikistan,1996,2,0,0.00
Tajikistan,1995,0,0,0.00
Tajikistan,1994,0,0,0.00
Tajikistan,1993,0,NULL,0.00
Tanzania,2021,24239,24096,0.01
Tanzania,2020,24096,31655,-0.24
Tanzania,2019,31655,26909,0.18
Tanzania,2018,26909,27548,-0.02
Tanzania,2017,27548,26308,0.05
Tanzania,2016,26308,29293,-0.10
Tanzania,2015,29293,27808,0.05
Tanzania,2014,27808,26372,0.05
Tanzania,2013,26372,27784,-0.05
Tanzania,2012,27784,27114,0.02
Tanzania,2011,27114,26172,0.04
Tanzania,2010,26172,30438,-0.14
Tanzania,2009,30438,28103,0.08
Tanzania,2008,28103,30506,-0.08
Tanzania,2007,30506,24825,0.23
Tanzania,2006,24825,23259,0.07
Tanzania,2005,23259,24330,-0.04
Tanzania,2004,24330,20887,0.16
Tanzania,2003,20887,24306,-0.14
Tanzania,2002,24306,22981,0.06
Tanzania,2001,22981,22797,0.01
Tanzania,2000,22797,22126,0.03
Tanzania,1999,22126,21400,0.03
Tanzania,1998,21400,19324,0.11
Tanzania,1997,19324,22020,-0.12
Tanzania,1996,22020,21600,0.02
Tanzania,1995,21600,21670,0.00
Tanzania,1994,21670,19800,0.09
Tanzania,1993,19800,20400,-0.03
Tanzania,1992,20400,17549,0.16
Tanzania,1991,17549,14902,0.18
Tanzania,1990,14902,NULL,0.00
Thailand,2021,3482,2851,0.22
Thailand,2020,2851,3471,-0.18
Thailand,2019,3471,2743,0.27
Thailand,2018,2743,2709,0.01
Thailand,2017,2709,1825,0.48
Thailand,2016,1825,1840,-0.01
Thailand,2015,1840,1638,0.12
Thailand,2014,1638,1638,0.00
Thailand,2013,1638,1428,0.15
Thailand,2012,1428,1214,0.18
Thailand,2011,1214,2381,-0.49
Thailand,2010,2381,2958,-0.20
Thailand,2009,2958,2365,0.25
Thailand,2008,2365,2720,-0.13
Thailand,2007,2720,1472,0.85
Thailand,2006,1472,1249,0.18
Thailand,2005,1249,814,0.53
Thailand,2004,814,1072,-0.24
Thailand,2003,1072,1705,-0.37
Thailand,2002,1705,1249,0.37
Thailand,2001,1249,587,1.13
Thailand,2000,587,429,0.37
Thailand,1999,429,228,0.88
Thailand,1998,228,218,0.05
Thailand,1997,218,184,0.18
Thailand,1996,184,269,-0.32
Thailand,1995,269,233,0.15
Thailand,1994,233,151,0.54
Thailand,1993,151,216,-0.30
Thailand,1992,216,260,-0.17
Thailand,1991,260,284,-0.08
Thailand,1990,284,NULL,0.00
Timor-Leste,2021,0,0,0.00
Timor-Leste,2020,0,0,0.00
Timor-Leste,2019,0,0,0.00
Timor-Leste,2018,0,0,0.00
Timor-Leste,2017,0,0,0.00
Timor-Leste,2016,0,0,0.00
Timor-Leste,2015,0,0,0.00
Timor-Leste,2014,0,0,0.00
Timor-Leste,2013,0,0,0.00
Timor-Leste,2012,0,0,0.00
Timor-Leste,2011,0,0,0.00
Timor-Leste,2010,0,0,0.00
Timor-Leste,2009,0,0,0.00
Timor-Leste,2008,0,0,0.00
Timor-Leste,2007,0,0,0.00
Timor-Leste,2006,0,0,0.00
Timor-Leste,2005,0,0,0.00
Timor-Leste,2004,0,0,0.00
Timor-Leste,2003,0,0,0.00
Timor-Leste,2002,0,0,0.00
Timor-Leste,2001,0,0,0.00
Timor-Leste,2000,0,0,0.00
Timor-Leste,1999,0,0,0.00
Timor-Leste,1998,0,0,0.00
Timor-Leste,1997,0,0,0.00
Timor-Leste,1996,0,0,0.00
Timor-Leste,1995,0,0,0.00
Timor-Leste,1994,0,0,0.00
Timor-Leste,1993,0,0,0.00
Timor-Leste,1992,0,0,0.00
Timor-Leste,1991,0,0,0.00
Timor-Leste,1990,0,NULL,0.00
Togo,2021,12,51,-0.76
Togo,2020,51,90,-0.43
Togo,2019,90,96,-0.06
Togo,2018,96,32,2.00
Togo,2017,32,33,-0.03
Togo,2016,33,66,-0.50
Togo,2015,66,83,-0.20
Togo,2014,83,141,-0.41
Togo,2013,141,106,0.33
Togo,2012,106,92,0.15
Togo,2011,92,4,22.00
Togo,2010,4,18,-0.78
Togo,2009,18,266,-0.93
Togo,2008,266,3,87.67
Togo,2007,3,41,-0.93
Togo,2006,41,1,40.00
Togo,2005,1,3,-0.67
Togo,2004,3,4,-0.25
Togo,2003,4,0,0.00
Togo,2002,0,0,0.00
Togo,2001,0,0,0.00
Togo,2000,0,0,0.00
Togo,1999,0,4,-1.00
Togo,1998,4,0,0.00
Togo,1997,0,0,0.00
Togo,1996,0,0,0.00
Togo,1995,0,2,-1.00
Togo,1994,2,0,0.00
Togo,1993,0,0,0.00
Togo,1992,0,43,-1.00
Togo,1991,43,7,5.14
Togo,1990,7,NULL,0.00
Tonga,2021,0,0,0.00
Tonga,2020,0,0,0.00
Tonga,2019,0,0,0.00
Tonga,2018,0,0,0.00
Tonga,2017,0,0,0.00
Tonga,2016,0,0,0.00
Tonga,2015,0,0,0.00
Tonga,2014,0,0,0.00
Tonga,2013,0,0,0.00
Tonga,2012,0,0,0.00
Tonga,2011,0,0,0.00
Tonga,2010,0,0,0.00
Tonga,2009,0,0,0.00
Tonga,2008,0,0,0.00
Tonga,2007,0,0,0.00
Tonga,2006,0,0,0.00
Tonga,2005,0,0,0.00
Tonga,2004,0,0,0.00
Tonga,2003,0,0,0.00
Tonga,2002,0,0,0.00
Tonga,2001,0,0,0.00
Tonga,2000,0,0,0.00
Tonga,1999,0,0,0.00
Tonga,1998,0,0,0.00
Tonga,1997,0,0,0.00
Tonga,1996,0,0,0.00
Tonga,1995,0,0,0.00
Tonga,1994,0,0,0.00
Tonga,1993,0,0,0.00
Tonga,1992,0,0,0.00
Tonga,1991,0,0,0.00
Tonga,1990,0,NULL,0.00
"Trinidad and Tobago",2021,50,177,-0.72
"Trinidad and Tobago",2020,177,57,2.11
"Trinidad and Tobago",2019,57,73,-0.22
"Trinidad and Tobago",2018,73,53,0.38
"Trinidad and Tobago",2017,53,58,-0.09
"Trinidad and Tobago",2016,58,97,-0.40
"Trinidad and Tobago",2015,97,120,-0.19
"Trinidad and Tobago",2014,120,31,2.87
"Trinidad and Tobago",2013,31,31,0.00
"Trinidad and Tobago",2012,31,51,-0.39
"Trinidad and Tobago",2011,51,34,0.50
"Trinidad and Tobago",2010,34,33,0.03
"Trinidad and Tobago",2009,33,47,-0.30
"Trinidad and Tobago",2008,47,58,-0.19
"Trinidad and Tobago",2007,58,46,0.26
"Trinidad and Tobago",2006,46,55,-0.16
"Trinidad and Tobago",2005,55,117,-0.53
"Trinidad and Tobago",2004,117,89,0.31
"Trinidad and Tobago",2003,89,49,0.82
"Trinidad and Tobago",2002,49,22,1.23
"Trinidad and Tobago",2001,22,7,2.14
"Trinidad and Tobago",2000,7,8,-0.13
"Trinidad and Tobago",1999,8,3,1.67
"Trinidad and Tobago",1998,3,3,0.00
"Trinidad and Tobago",1997,3,2,0.50
"Trinidad and Tobago",1996,2,1,1.00
"Trinidad and Tobago",1995,1,0,0.00
"Trinidad and Tobago",1994,0,1,-1.00
"Trinidad and Tobago",1993,1,11,-0.91
"Trinidad and Tobago",1992,11,10,0.10
"Trinidad and Tobago",1991,10,1,9.00
"Trinidad and Tobago",1990,1,NULL,0.00
Tunisia,2021,0,1,-1.00
Tunisia,2020,1,0,0.00
Tunisia,2019,0,0,0.00
Tunisia,2018,0,1,-1.00
Tunisia,2017,1,2,-0.50
Tunisia,2016,2,3,-0.33
Tunisia,2015,3,21,-0.86
Tunisia,2014,21,27,-0.22
Tunisia,2013,27,15,0.80
Tunisia,2012,15,18,-0.17
Tunisia,2011,18,17,0.06
Tunisia,2010,17,7,1.43
Tunisia,2009,7,8,-0.13
Tunisia,2008,8,8,0.00
Tunisia,2007,8,6,0.33
Tunisia,2006,6,15,-0.60
Tunisia,2005,15,22,-0.32
Tunisia,2004,22,21,0.05
Tunisia,2003,21,6,2.50
Tunisia,2002,6,9,-0.33
Tunisia,2001,9,4,1.25
Tunisia,2000,4,2,1.00
Tunisia,1999,2,21,-0.90
Tunisia,1998,21,52,-0.60
Tunisia,1997,52,8,5.50
Tunisia,1996,8,132,-0.94
Tunisia,1995,132,92,0.43
Tunisia,1994,92,0,0.00
Tunisia,1993,0,0,0.00
Tunisia,1992,0,0,0.00
Tunisia,1991,0,0,0.00
Tunisia,1990,0,NULL,0.00
Türkiye,2021,5815,4918,0.18
Türkiye,2020,4918,4362,0.13
Türkiye,2019,4362,3556,0.23
Türkiye,2018,3556,5177,-0.31
Türkiye,2017,5177,6117,-0.15
Türkiye,2016,6117,5490,0.11
Türkiye,2015,5490,4631,0.19
Türkiye,2014,4631,4853,-0.05
Türkiye,2013,4853,3161,0.54
Türkiye,2012,3161,2242,0.41
Türkiye,2011,2242,2191,0.02
Türkiye,2010,2191,2135,0.03
Türkiye,2009,2135,3191,-0.33
Türkiye,2008,3191,3330,-0.04
Türkiye,2007,3330,2674,0.25
Türkiye,2006,2674,5769,-0.54
Türkiye,2005,5769,5929,-0.03
Türkiye,2004,5929,6711,-0.12
Türkiye,2003,6711,4852,0.38
Türkiye,2002,4852,4817,0.01
Türkiye,2001,4817,6381,-0.25
Türkiye,2000,6381,4522,0.41
Türkiye,1999,4522,17526,-0.74
Türkiye,1998,17526,19103,-0.08
Türkiye,1997,19103,4011,3.76
Türkiye,1996,4011,2302,0.74
Türkiye,1995,2302,5201,-0.56
Türkiye,1994,5201,39602,-0.87
Türkiye,1993,39602,5048,6.85
Türkiye,1992,5048,2314,1.18
Türkiye,1991,2314,27654,-0.92
Türkiye,1990,27654,NULL,0.00
Turkmenistan,2021,0,25,-1.00
Turkmenistan,2020,25,40,-0.38
Turkmenistan,2019,40,20,1.00
Turkmenistan,2018,20,0,0.00
Turkmenistan,2017,0,0,0.00
Turkmenistan,2016,0,0,0.00
Turkmenistan,2015,0,20,-1.00
Turkmenistan,2014,20,0,0.00
Turkmenistan,2013,0,0,0.00
Turkmenistan,2012,0,0,0.00
Turkmenistan,2011,0,0,0.00
Turkmenistan,2010,0,0,0.00
Turkmenistan,2009,0,0,0.00
Turkmenistan,2008,0,0,0.00
Turkmenistan,2007,0,0,0.00
Turkmenistan,2006,0,0,0.00
Turkmenistan,2005,0,0,0.00
Turkmenistan,2004,0,0,0.00
Turkmenistan,2003,0,0,0.00
Turkmenistan,2002,0,25,-1.00
Turkmenistan,2001,25,150,-0.83
Turkmenistan,2000,150,100,0.50
Turkmenistan,1999,100,0,0.00
Turkmenistan,1998,0,0,0.00
Turkmenistan,1997,0,0,0.00
Turkmenistan,1996,0,27,-1.00
Turkmenistan,1995,27,0,0.00
Turkmenistan,1994,0,0,0.00
Turkmenistan,1993,0,NULL,0.00
Tuvalu,2021,0,0,0.00
Tuvalu,2020,0,0,0.00
Tuvalu,2019,0,0,0.00
Tuvalu,2018,0,0,0.00
Tuvalu,2017,0,0,0.00
Tuvalu,2016,0,0,0.00
Tuvalu,2015,0,0,0.00
Tuvalu,2014,0,0,0.00
Tuvalu,2013,0,0,0.00
Tuvalu,2012,0,0,0.00
Tuvalu,2011,0,0,0.00
Tuvalu,2010,0,0,0.00
Tuvalu,2009,0,0,0.00
Tuvalu,2008,0,0,0.00
Tuvalu,2007,0,0,0.00
Tuvalu,2006,0,0,0.00
Tuvalu,2005,0,0,0.00
Tuvalu,2004,0,0,0.00
Tuvalu,2003,0,0,0.00
Tuvalu,2002,0,0,0.00
Tuvalu,2001,0,0,0.00
Tuvalu,2000,0,0,0.00
Tuvalu,1999,0,0,0.00
Tuvalu,1998,0,0,0.00
Tuvalu,1997,0,0,0.00
Tuvalu,1996,0,0,0.00
Tuvalu,1995,0,0,0.00
Tuvalu,1994,0,0,0.00
Tuvalu,1993,0,0,0.00
Tuvalu,1992,0,0,0.00
Tuvalu,1991,0,0,0.00
Tuvalu,1990,0,NULL,0.00
Uganda,2021,18064,72454,-0.75
Uganda,2020,72454,69095,0.05
Uganda,2019,69095,70101,-0.01
Uganda,2018,70101,59207,0.18
Uganda,2017,59207,56286,0.05
Uganda,2016,56286,53319,0.06
Uganda,2015,53319,59687,-0.11
Uganda,2014,59687,62018,-0.04
Uganda,2013,62018,55210,0.12
Uganda,2012,55210,55650,-0.01
Uganda,2011,55650,55079,0.01
Uganda,2010,55079,44446,0.24
Uganda,2009,44446,46022,-0.03
Uganda,2008,46022,44015,0.05
Uganda,2007,44015,30584,0.44
Uganda,2006,30584,36532,-0.16
Uganda,2005,36532,36856,-0.01
Uganda,2004,36856,8071,3.57
Uganda,2003,8071,30379,-0.73
Uganda,2002,30379,18220,0.67
Uganda,2001,18220,26388,-0.31
Uganda,2000,26388,22102,0.19
Uganda,1999,22102,22893,-0.03
Uganda,1998,22893,17342,0.32
Uganda,1997,17342,0,0.00
Uganda,1996,0,0,0.00
Uganda,1995,0,0,0.00
Uganda,1994,0,10175,-1.00
Uganda,1993,10175,7816,0.30
Uganda,1992,7816,7018,0.11
Uganda,1991,7018,4760,0.47
Uganda,1990,4760,NULL,0.00
Ukraine,2021,0,0,0.00
Ukraine,2020,0,0,0.00
Ukraine,2019,0,0,0.00
Ukraine,2018,0,0,0.00
Ukraine,2017,0,0,0.00
Ukraine,2016,0,0,0.00
Ukraine,2015,0,0,0.00
Ukraine,2014,0,0,0.00
Ukraine,2013,0,0,0.00
Ukraine,2012,0,0,0.00
Ukraine,2011,0,0,0.00
Ukraine,2010,0,0,0.00
Ukraine,2009,0,0,0.00
Ukraine,2008,0,0,0.00
Ukraine,2007,0,0,0.00
Ukraine,2006,0,0,0.00
Ukraine,2005,0,0,0.00
Ukraine,2004,0,0,0.00
Ukraine,2003,0,0,0.00
Ukraine,2002,0,0,0.00
Ukraine,2001,0,0,0.00
Ukraine,2000,0,0,0.00
Ukraine,1999,0,0,0.00
Ukraine,1998,0,0,0.00
Ukraine,1997,0,0,0.00
Ukraine,1996,0,0,0.00
Ukraine,1995,0,0,0.00
Ukraine,1994,0,0,0.00
Ukraine,1993,0,0,0.00
Ukraine,1992,0,NULL,0.00
"United Arab Emirates",2021,59510,57720,0.03
"United Arab Emirates",2020,57720,65799,-0.12
"United Arab Emirates",2019,65799,67492,-0.03
"United Arab Emirates",2018,67492,54613,0.24
"United Arab Emirates",2017,54613,31878,0.71
"United Arab Emirates",2016,31878,30301,0.05
"United Arab Emirates",2015,30301,71342,-0.58
"United Arab Emirates",2014,71342,45001,0.59
"United Arab Emirates",2013,45001,31040,0.45
"United Arab Emirates",2012,31040,24761,0.25
"United Arab Emirates",2011,24761,49819,-0.50
"United Arab Emirates",2010,49819,23681,1.10
"United Arab Emirates",2009,23681,45872,-0.48
"United Arab Emirates",2008,45872,37218,0.23
"United Arab Emirates",2007,37218,27411,0.36
"United Arab Emirates",2006,27411,38717,-0.29
"United Arab Emirates",2005,38717,14738,1.63
"United Arab Emirates",2004,14738,18973,-0.22
"United Arab Emirates",2003,18973,27212,-0.30
"United Arab Emirates",2002,27212,17400,0.56
"United Arab Emirates",2001,17400,12400,0.40
"United Arab Emirates",2000,12400,6000,1.07
"United Arab Emirates",1999,6000,4000,0.50
"United Arab Emirates",1998,4000,3500,0.14
"United Arab Emirates",1997,3500,20109,-0.83
"United Arab Emirates",1996,20109,21236,-0.05
"United Arab Emirates",1995,21236,22816,-0.07
"United Arab Emirates",1994,22816,3712,5.15
"United Arab Emirates",1993,3712,8634,-0.57
"United Arab Emirates",1992,8634,11528,-0.25
"United Arab Emirates",1991,11528,6510,0.77
"United Arab Emirates",1990,6510,NULL,0.00
"United Kingdom",2021,16463,19087,-0.14
"United Kingdom",2020,19087,19154,0.00
"United Kingdom",2019,19154,18107,0.06
"United Kingdom",2018,18107,18863,-0.04
"United Kingdom",2017,18863,18706,0.01
"United Kingdom",2016,18706,20095,-0.07
"United Kingdom",2015,20095,20744,-0.03
"United Kingdom",2014,20744,22370,-0.07
"United Kingdom",2013,22370,21258,0.05
"United Kingdom",2012,21258,26436,-0.20
"United Kingdom",2011,26436,30676,-0.14
"United Kingdom",2010,30676,27741,0.11
"United Kingdom",2009,27741,27652,0.00
"United Kingdom",2008,27652,25353,0.09
"United Kingdom",2007,25353,25905,-0.02
"United Kingdom",2006,25905,25163,0.03
"United Kingdom",2005,25163,28528,-0.12
"United Kingdom",2004,28528,37319,-0.24
"United Kingdom",2003,37319,29888,0.25
"United Kingdom",2002,29888,27282,0.10
"United Kingdom",2001,27282,22501,0.21
"United Kingdom",2000,22501,29509,-0.24
"United Kingdom",1999,29509,29564,0.00
"United Kingdom",1998,29564,31218,-0.05
"United Kingdom",1997,31218,33187,-0.06
"United Kingdom",1996,33187,33138,0.00
"United Kingdom",1995,33138,34205,-0.03
"United Kingdom",1994,34205,46673,-0.27
"United Kingdom",1993,46673,30950,0.51
"United Kingdom",1992,30950,32092,-0.04
"United Kingdom",1991,32092,36045,-0.11
"United Kingdom",1990,36045,NULL,0.00
"United States",2021,15239,14262,0.07
"United States",2020,14262,17187,-0.17
"United States",2019,17187,18275,-0.06
"United States",2018,18275,18497,-0.01
"United States",2017,18497,17718,0.04
"United States",2016,17718,16079,0.10
"United States",2015,16079,15388,0.04
"United States",2014,15388,13671,0.13
"United States",2013,13671,14196,-0.04
"United States",2012,14196,11326,0.25
"United States",2011,11326,10835,0.05
"United States",2010,10835,8530,0.27
"United States",2009,8530,9091,-0.06
"United States",2008,9091,8071,0.13
"United States",2007,8071,3899,1.07
"United States",2006,3899,5298,-0.26
"United States",2005,5298,5876,-0.10
"United States",2004,5876,7189,-0.18
"United States",2003,7189,6352,0.13
"United States",2002,6352,5963,0.07
"United States",2001,5963,6088,-0.02
"United States",2000,6088,6205,-0.02
"United States",1999,6205,4595,0.35
"United States",1998,4595,5114,-0.10
"United States",1997,5114,4075,0.25
"United States",1996,4075,3809,0.07
"United States",1995,3809,3487,0.09
"United States",1994,3487,3987,-0.13
"United States",1993,3987,3070,0.30
"United States",1992,3070,2679,0.15
"United States",1991,2679,2558,0.05
"United States",1990,2558,NULL,0.00
Uruguay,2021,0,0,0.00
Uruguay,2020,0,0,0.00
Uruguay,2019,0,0,0.00
Uruguay,2018,0,0,0.00
Uruguay,2017,0,2,-1.00
Uruguay,2016,2,12,-0.83
Uruguay,2015,12,19,-0.37
Uruguay,2014,19,9,1.11
Uruguay,2013,9,17,-0.47
Uruguay,2012,17,16,0.06
Uruguay,2011,16,29,-0.45
Uruguay,2010,29,1,28.00
Uruguay,2009,1,6,-0.83
Uruguay,2008,6,5,0.20
Uruguay,2007,5,1,4.00
Uruguay,2006,1,5,-0.80
Uruguay,2005,5,3,0.67
Uruguay,2004,3,7,-0.57
Uruguay,2003,7,9,-0.22
Uruguay,2002,9,2,3.50
Uruguay,2001,2,3,-0.33
Uruguay,2000,3,0,0.00
Uruguay,1999,0,0,0.00
Uruguay,1998,0,0,0.00
Uruguay,1997,0,0,0.00
Uruguay,1996,0,0,0.00
Uruguay,1995,0,0,0.00
Uruguay,1994,0,0,0.00
Uruguay,1993,0,1,-1.00
Uruguay,1992,1,0,0.00
Uruguay,1991,0,0,0.00
Uruguay,1990,0,NULL,0.00
USSR,1991,0,6915,-1.00
USSR,1990,6915,NULL,0.00
Uzbekistan,2021,176,134,0.31
Uzbekistan,2020,134,38,2.53
Uzbekistan,2019,38,20,0.90
Uzbekistan,2018,20,21,-0.05
Uzbekistan,2017,21,7,2.00
Uzbekistan,2016,7,0,0.00
Uzbekistan,2015,0,0,0.00
Uzbekistan,2014,0,0,0.00
Uzbekistan,2013,0,0,0.00
Uzbekistan,2012,0,0,0.00
Uzbekistan,2011,0,0,0.00
Uzbekistan,2010,0,0,0.00
Uzbekistan,2009,0,0,0.00
Uzbekistan,2008,0,0,0.00
Uzbekistan,2007,0,0,0.00
Uzbekistan,2006,0,9,-1.00
Uzbekistan,2005,9,9,0.00
Uzbekistan,2004,9,12,-0.25
Uzbekistan,2003,12,26,-0.54
Uzbekistan,2002,26,0,0.00
Uzbekistan,2001,0,17,-1.00
Uzbekistan,2000,17,0,0.00
Uzbekistan,1999,0,0,0.00
Uzbekistan,1998,0,0,0.00
Uzbekistan,1997,0,0,0.00
Uzbekistan,1996,0,0,0.00
Uzbekistan,1995,0,0,0.00
Uzbekistan,1994,0,0,0.00
Uzbekistan,1993,0,0,0.00
Uzbekistan,1992,0,NULL,0.00
Vanuatu,2021,0,0,0.00
Vanuatu,2020,0,0,0.00
Vanuatu,2019,0,10,-1.00
Vanuatu,2018,10,0,0.00
Vanuatu,2017,0,0,0.00
Vanuatu,2016,0,9,-1.00
Vanuatu,2015,9,0,0.00
Vanuatu,2014,0,0,0.00
Vanuatu,2013,0,0,0.00
Vanuatu,2012,0,0,0.00
Vanuatu,2011,0,5,-1.00
Vanuatu,2010,5,0,0.00
Vanuatu,2009,0,0,0.00
Vanuatu,2008,0,0,0.00
Vanuatu,2007,0,0,0.00
Vanuatu,2006,0,0,0.00
Vanuatu,2005,0,0,0.00
Vanuatu,2004,0,0,0.00
Vanuatu,2003,0,0,0.00
Vanuatu,2002,0,0,0.00
Vanuatu,2001,0,0,0.00
Vanuatu,2000,0,0,0.00
Vanuatu,1999,0,0,0.00
Vanuatu,1998,0,0,0.00
Vanuatu,1997,0,0,0.00
Vanuatu,1996,0,0,0.00
Vanuatu,1995,0,0,0.00
Vanuatu,1994,0,0,0.00
Vanuatu,1993,0,0,0.00
Vanuatu,1992,0,0,0.00
Vanuatu,1991,0,0,0.00
Vanuatu,1990,0,NULL,0.00
Venezuela,2021,3,0,0.00
Venezuela,2020,0,0,0.00
Venezuela,2019,0,0,0.00
Venezuela,2018,0,1,-1.00
Venezuela,2017,1,0,0.00
Venezuela,2016,0,0,0.00
Venezuela,2015,0,0,0.00
Venezuela,2014,0,0,0.00
Venezuela,2013,0,0,0.00
Venezuela,2012,0,0,0.00
Venezuela,2011,0,0,0.00
Venezuela,2010,0,0,0.00
Venezuela,2009,0,0,0.00
Venezuela,2008,0,0,0.00
Venezuela,2007,0,0,0.00
Venezuela,2006,0,0,0.00
Venezuela,2005,0,0,0.00
Venezuela,2004,0,0,0.00
Venezuela,2003,0,0,0.00
Venezuela,2002,0,0,0.00
Venezuela,2001,0,1,-1.00
Venezuela,2000,1,0,0.00
Venezuela,1999,0,0,0.00
Venezuela,1998,0,1,-1.00
Venezuela,1997,1,1,0.00
Venezuela,1996,1,0,0.00
Venezuela,1995,0,1,-1.00
Venezuela,1994,1,0,0.00
Venezuela,1993,0,0,0.00
Venezuela,1992,0,0,0.00
Venezuela,1991,0,1,-1.00
Venezuela,1990,1,NULL,0.00
Venzuela,2021,0,0,0.00
Venzuela,2020,0,0,0.00
Venzuela,2019,0,0,0.00
Venzuela,2018,0,0,0.00
Venzuela,2017,0,0,0.00
Venzuela,2016,0,0,0.00
Venzuela,2015,0,0,0.00
Venzuela,2014,0,0,0.00
Venzuela,2013,0,0,0.00
Venzuela,2012,0,0,0.00
Venzuela,2011,0,0,0.00
Venzuela,2010,0,0,0.00
Venzuela,2009,0,0,0.00
Venzuela,2008,0,0,0.00
Venzuela,2007,0,0,0.00
Venzuela,2006,0,0,0.00
Venzuela,2005,0,0,0.00
Venzuela,2004,0,0,0.00
Venzuela,2003,0,0,0.00
Venzuela,2002,0,0,0.00
Venzuela,2001,0,0,0.00
Venzuela,2000,0,0,0.00
Venzuela,1999,0,0,0.00
Venzuela,1998,0,0,0.00
Venzuela,1997,0,0,0.00
Venzuela,1996,0,0,0.00
Venzuela,1995,0,0,0.00
Venzuela,1994,0,0,0.00
Venzuela,1993,0,0,0.00
Venzuela,1992,0,0,0.00
Venzuela,1991,0,0,0.00
Venzuela,1990,0,NULL,0.00
Vietnam,2021,82470,126449,-0.35
Vietnam,2020,126449,134933,-0.06
Vietnam,2019,134933,77234,0.75
Vietnam,2018,77234,146441,-0.47
Vietnam,2017,146441,136362,0.07
Vietnam,2016,136362,125185,0.09
Vietnam,2015,125185,132252,-0.05
Vietnam,2014,132252,90296,0.46
Vietnam,2013,90296,146898,-0.39
Vietnam,2012,146898,133900,0.10
Vietnam,2011,133900,136515,-0.02
Vietnam,2010,136515,133000,0.03
Vietnam,2009,133000,104700,0.27
Vietnam,2008,104700,114000,-0.08
Vietnam,2007,114000,105000,0.09
Vietnam,2006,105000,88000,0.19
Vietnam,2005,88000,104000,-0.15
Vietnam,2004,104000,58600,0.77
Vietnam,2003,58600,77000,-0.24
Vietnam,2002,77000,67900,0.13
Vietnam,2001,67900,55600,0.22
Vietnam,2000,55600,36000,0.54
Vietnam,1999,36000,33000,0.09
Vietnam,1998,33000,32901,0.00
Vietnam,1997,32901,20800,0.58
Vietnam,1996,20800,18800,0.11
Vietnam,1995,18800,23500,-0.20
Vietnam,1994,23500,21200,0.11
Vietnam,1993,21200,12967,0.63
Vietnam,1992,12967,7953,0.63
Vietnam,1991,7953,16076,-0.51
Vietnam,1990,16076,NULL,0.00
Yemen,2021,1274,1372,-0.07
Yemen,2020,1372,1097,0.25
Yemen,2019,1097,1093,0.00
Yemen,2018,1093,751,0.46
Yemen,2017,751,66,10.38
Yemen,2016,66,1619,-0.96
Yemen,2015,1619,3479,-0.53
Yemen,2014,3479,3094,0.12
Yemen,2013,3094,2710,0.14
Yemen,2012,2710,2699,0.00
Yemen,2011,2699,1672,0.61
Yemen,2010,1672,2132,-0.22
Yemen,2009,2132,1935,0.10
Yemen,2008,1935,1468,0.32
Yemen,2007,1468,902,0.63
Yemen,2006,902,927,-0.03
Yemen,2005,927,676,0.37
Yemen,2004,676,245,1.76
Yemen,2003,245,62,2.95
Yemen,2002,62,7,7.86
Yemen,2001,7,23,-0.70
Yemen,2000,23,0,0.00
Yemen,1999,0,0,0.00
Yemen,1998,0,0,0.00
Yemen,1997,0,0,0.00
Yemen,1996,0,0,0.00
Yemen,1995,0,0,0.00
Yemen,1994,0,0,0.00
Yemen,1993,0,0,0.00
Yemen,1992,0,0,0.00
Yemen,1991,0,0,0.00
Yemen,1990,0,NULL,0.00
"Yugoslav SFR",1991,25,6,3.17
"Yugoslav SFR",1990,6,NULL,0.00
Zambia,2021,49,61,-0.20
Zambia,2020,61,11,4.55
Zambia,2019,11,5,1.20
Zambia,2018,5,36,-0.86
Zambia,2017,36,3,11.00
Zambia,2016,3,0,0.00
Zambia,2015,0,2,-1.00
Zambia,2014,2,23,-0.91
Zambia,2013,23,16,0.44
Zambia,2012,16,33,-0.52
Zambia,2011,33,76,-0.57
Zambia,2010,76,181,-0.58
Zambia,2009,181,174,0.04
Zambia,2008,174,664,-0.74
Zambia,2007,664,599,0.11
Zambia,2006,599,734,-0.18
Zambia,2005,734,917,-0.20
Zambia,2004,917,817,0.12
Zambia,2003,817,932,-0.12
Zambia,2002,932,895,0.04
Zambia,2001,895,932,-0.04
Zambia,2000,932,1254,-0.26
Zambia,1999,1254,108,10.61
Zambia,1998,108,166,-0.35
Zambia,1997,166,46,2.61
Zambia,1996,46,46,0.00
Zambia,1995,46,0,0.00
Zambia,1994,0,0,0.00
Zambia,1993,0,38,-1.00
Zambia,1992,38,333,-0.89
Zambia,1991,333,1,332.00
Zambia,1990,1,NULL,0.00
Zimbabwe,2021,11569,12138,-0.05
Zimbabwe,2020,12138,14534,-0.16
Zimbabwe,2019,14534,14229,0.02
Zimbabwe,2018,14229,13396,0.06
Zimbabwe,2017,13396,11083,0.21
Zimbabwe,2016,11083,13959,-0.21
Zimbabwe,2015,13959,12790,0.09
Zimbabwe,2014,12790,11863,0.08
Zimbabwe,2013,11863,11540,0.03
Zimbabwe,2012,11540,11221,0.03
Zimbabwe,2011,11221,10023,0.12
Zimbabwe,2010,10023,7874,0.27
Zimbabwe,2009,7874,5979,0.32
Zimbabwe,2008,5979,6840,-0.13
Zimbabwe,2007,6840,11532,-0.41
Zimbabwe,2006,11532,4825,1.39
Zimbabwe,2005,4825,14968,-0.68
Zimbabwe,2004,14968,13355,0.12
Zimbabwe,2003,13355,18855,-0.29
Zimbabwe,2002,18855,6162,2.06
Zimbabwe,2001,6162,16916,-0.64
Zimbabwe,2000,16916,15722,0.08
Zimbabwe,1999,15722,11076,0.42
Zimbabwe,1998,11076,13057,-0.15
Zimbabwe,1997,13057,11540,0.13
Zimbabwe,1996,11540,9156,0.26
Zimbabwe,1995,9156,9688,-0.05
Zimbabwe,1994,9688,8065,0.20
Zimbabwe,1993,8065,6088,0.32
Zimbabwe,1992,6088,11304,-0.46
Zimbabwe,1991,11304,11507,-0.02
Zimbabwe,1990,11507,NULL,0.00
