Country,Year,Value,Metric
Afghanistan,2015,0,Export Quantity
Albania,1997,0,Export Quantity
Albania,1999,0,Export Quantity
Albania,2000,0,Export Quantity
Albania,2001,0,Export Quantity
Albania,2002,0,Export Quantity
Albania,2003,0,Export Quantity
Albania,2004,0,Export Quantity
Albania,2007,0,Export Quantity
Albania,2009,0,Export Quantity
Albania,2011,0,Export Quantity
Albania,2016,0,Export Quantity
Algeria,1990,0,Export Quantity
Algeria,1991,0,Export Quantity
Algeria,1992,0,Export Quantity
Algeria,1993,0,Export Quantity
Algeria,1994,0,Export Quantity
Algeria,1995,0,Export Quantity
Algeria,1996,0,Export Quantity
Algeria,1997,0,Export Quantity
Algeria,1998,0,Export Quantity
Algeria,2001,0,Export Quantity
Algeria,2002,0,Export Quantity
Algeria,2004,0,Export Quantity
Algeria,2005,0,Export Quantity
Algeria,2007,0,Export Quantity
Algeria,2008,0,Export Quantity
Algeria,2009,0,Export Quantity
Algeria,2010,0,Export Quantity
Algeria,2011,0,Export Quantity
Algeria,2012,0,Export Quantity
Algeria,2015,0,Export Quantity
Algeria,2016,0,Export Quantity
Angola,1990,0,Export Quantity
Angola,1991,0,Export Quantity
Angola,1992,0,Export Quantity
Angola,1993,0,Export Quantity
Angola,1994,0,Export Quantity
Angola,1995,0,Export Quantity
Angola,1996,0,Export Quantity
Angola,1997,0,Export Quantity
Angola,1998,0,Export Quantity
Angola,1999,0,Export Quantity
Angola,2000,0,Export Quantity
Angola,2001,0,Export Quantity
Angola,2002,0,Export Quantity
Angola,2013,0,Export Quantity
Angola,2014,0,Export Quantity
Angola,2016,0,Export Quantity
Antigua and Barbuda,2011,0,Export Quantity
Antigua and Barbuda,2013,0,Export Quantity
Antigua and Barbuda,2015,0,Export Quantity
Antigua and Barbuda,2016,0,Export Quantity
Antigua and Barbuda,2019,0,Export Quantity
Antigua and Barbuda,2020,0,Export Quantity
Armenia,1996,0,Export Quantity
Armenia,2000,0,Export Quantity
Armenia,2001,0,Export Quantity
Armenia,2002,0,Export Quantity
Armenia,2003,0,Export Quantity
Armenia,2004,0,Export Quantity
Armenia,2007,0,Export Quantity
Armenia,2008,0,Export Quantity
Armenia,2009,0,Export Quantity
Armenia,2011,0,Export Quantity
Bahamas,2004,0,Export Quantity
Bahamas,2005,0,Export Quantity
Bahamas,2006,0,Export Quantity
Bahamas,2007,0,Export Quantity
Bahamas,2008,0,Export Quantity
Bahamas,2010,0,Export Quantity
Bahamas,2011,0,Export Quantity
Bahamas,2012,0,Export Quantity
Bahamas,2013,0,Export Quantity
Bahamas,2016,0,Export Quantity
Bahamas,2017,0,Export Quantity
Bahamas,2018,0,Export Quantity
Bahamas,2019,0,Export Quantity
Bahamas,2021,0,Export Quantity
Bahrain,1990,0,Export Quantity
Bahrain,1991,0,Export Quantity
Bahrain,1992,0,Export Quantity
Bahrain,1993,0,Export Quantity
Bahrain,1994,0,Export Quantity
Bahrain,1995,0,Export Quantity
Bahrain,1996,0,Export Quantity
Bahrain,1997,0,Export Quantity
Bahrain,1998,0,Export Quantity
Bahrain,1999,0,Export Quantity
Barbados,1990,0,Export Quantity
Barbados,1991,0,Export Quantity
Barbados,1992,0,Export Quantity
Barbados,1993,0,Export Quantity
Barbados,2003,0,Export Quantity
Barbados,2004,0,Export Quantity
Belize,1995,0,Export Quantity
Belize,1997,0,Export Quantity
Belize,1998,0,Export Quantity
Belize,1999,0,Export Quantity
Belize,2001,0,Export Quantity
Belize,2002,0,Export Quantity
Belize,2004,0,Export Quantity
Belize,2006,0,Export Quantity
Belize,2008,0,Export Quantity
Belize,2009,0,Export Quantity
Belize,2010,0,Export Quantity
Belize,2012,0,Export Quantity
Belize,2013,0,Export Quantity
Belize,2014,0,Export Quantity
Benin,2012,0,Export Quantity
Benin,2013,0,Export Quantity
Bhutan,2003,0,Export Quantity
Bhutan,2004,0,Export Quantity
Bhutan,2005,0,Export Quantity
Bhutan,2007,0,Export Quantity
Bhutan,2008,0,Export Quantity
Bhutan,2009,0,Export Quantity
Bhutan,2010,0,Export Quantity
Bhutan,2011,0,Export Quantity
Bhutan,2012,0,Export Quantity
Bhutan,2013,0,Export Quantity
Bhutan,2014,0,Export Quantity
Bhutan,2016,0,Export Quantity
Bhutan,2017,0,Export Quantity
Bhutan,2019,0,Export Quantity
Bhutan,2020,0,Export Quantity
Bhutan,2021,0,Export Quantity
Bolivia,2002,0,Export Quantity
Bolivia,2003,0,Export Quantity
Bolivia,2020,0,Export Quantity
Bolivia,2021,0,Export Quantity
Bosnia and Herzegovina,2014,0,Export Quantity
Botswana,2004,0,Export Quantity
Botswana,2005,0,Export Quantity
Botswana,2006,0,Export Quantity
Botswana,2019,0,Export Quantity
Botswana,2020,0,Export Quantity
Botswana,2021,0,Export Quantity
Brunei,1991,0,Export Quantity
Brunei,1992,0,Export Quantity
Brunei,1993,0,Export Quantity
Brunei,1994,0,Export Quantity
Brunei,1995,0,Export Quantity
Brunei,1996,0,Export Quantity
Brunei,1997,0,Export Quantity
Brunei,2002,0,Export Quantity
Brunei,2003,0,Export Quantity
Brunei,2004,0,Export Quantity
Brunei,2005,0,Export Quantity
Brunei,2014,0,Export Quantity
Brunei,2015,0,Export Quantity
Brunei,2016,0,Export Quantity
Burkina Faso,1990,0,Export Quantity
Burkina Faso,1991,0,Export Quantity
Burkina Faso,1992,0,Export Quantity
Burkina Faso,1993,0,Export Quantity
Burkina Faso,1994,0,Export Quantity
Burkina Faso,1995,0,Export Quantity
Burkina Faso,1996,0,Export Quantity
Burkina Faso,1997,0,Export Quantity
Burkina Faso,1998,0,Export Quantity
Burkina Faso,1999,0,Export Quantity
Burkina Faso,2000,0,Export Quantity
Burkina Faso,2001,0,Export Quantity
Burkina Faso,2002,0,Export Quantity
Burkina Faso,2004,0,Export Quantity
Burkina Faso,2009,0,Export Quantity
Burkina Faso,2011,0,Export Quantity
Burkina Faso,2012,0,Export Quantity
Burkina Faso,2017,0,Export Quantity
Burkina Faso,2018,0,Export Quantity
Burkina Faso,2019,0,Export Quantity
Cabo Verde,2005,0,Export Quantity
Cabo Verde,2006,0,Export Quantity
Cabo Verde,2007,0,Export Quantity
Cabo Verde,2008,0,Export Quantity
Cabo Verde,2009,0,Export Quantity
Cabo Verde,2010,0,Export Quantity
Cabo Verde,2011,0,Export Quantity
Cabo Verde,2012,0,Export Quantity
Cabo Verde,2013,0,Export Quantity
Cabo Verde,2014,0,Export Quantity
Cabo Verde,2015,0,Export Quantity
Cabo Verde,2021,0,Export Quantity
Cambodia,1990,0,Export Quantity
Cambodia,1991,0,Export Quantity
Cambodia,1992,0,Export Quantity
Cambodia,1993,0,Export Quantity
Cambodia,1994,0,Export Quantity
Cambodia,1995,0,Export Quantity
Cambodia,1996,0,Export Quantity
Cambodia,1997,0,Export Quantity
Cambodia,1998,0,Export Quantity
Cambodia,1999,0,Export Quantity
Cambodia,2000,0,Export Quantity
Cambodia,2001,0,Export Quantity
Cambodia,2002,0,Export Quantity
Cambodia,2004,0,Export Quantity
Cambodia,2005,0,Export Quantity
Cambodia,2006,0,Export Quantity
Cambodia,2007,0,Export Quantity
Cambodia,2008,0,Export Quantity
Cambodia,2009,0,Export Quantity
Cambodia,2010,0,Export Quantity
Cambodia,2011,0,Export Quantity
Cambodia,2012,0,Export Quantity
Cambodia,2013,0,Export Quantity
Cambodia,2015,0,Export Quantity
Cambodia,2016,0,Export Quantity
Cambodia,2017,0,Export Quantity
Cambodia,2018,0,Export Quantity
Cambodia,2020,0,Export Quantity
Cambodia,2021,0,Export Quantity
Cameroon,1992,0,Export Quantity
Cameroon,1994,0,Export Quantity
Cameroon,1997,0,Export Quantity
Cameroon,1998,0,Export Quantity
Cameroon,2000,0,Export Quantity
Cameroon,2001,0,Export Quantity
Cameroon,2002,0,Export Quantity
Cameroon,2004,0,Export Quantity
Cameroon,2007,0,Export Quantity
Cameroon,2012,0,Export Quantity
Cameroon,2013,0,Export Quantity
Central African Republic,1990,0,Export Quantity
Central African Republic,1991,0,Export Quantity
Central African Republic,1992,0,Export Quantity
Central African Republic,1993,0,Export Quantity
Central African Republic,1994,0,Export Quantity
Central African Republic,1995,0,Export Quantity
Central African Republic,1996,0,Export Quantity
Central African Republic,1997,0,Export Quantity
Central African Republic,1998,0,Export Quantity
Central African Republic,1999,0,Export Quantity
Central African Republic,2001,0,Export Quantity
Central African Republic,2002,0,Export Quantity
Central African Republic,2003,0,Export Quantity
Central African Republic,2004,0,Export Quantity
Central African Republic,2005,0,Export Quantity
Central African Republic,2006,0,Export Quantity
Central African Republic,2007,0,Export Quantity
Central African Republic,2008,0,Export Quantity
Central African Republic,2009,0,Export Quantity
Central African Republic,2010,0,Export Quantity
Central African Republic,2011,0,Export Quantity
Central African Republic,2012,0,Export Quantity
Central African Republic,2013,0,Export Quantity
Chad,1990,0,Export Quantity
Chad,1991,0,Export Quantity
Chad,1992,0,Export Quantity
Chad,1993,0,Export Quantity
Chad,1994,0,Export Quantity
Chad,1995,0,Export Quantity
Chad,1996,0,Export Quantity
Chad,1997,0,Export Quantity
Chad,1998,0,Export Quantity
Chad,2021,0,Export Quantity
"China, Macao SAR",2011,0,Export Quantity
Colombia,1990,0,Export Quantity
Colombia,1994,0,Export Quantity
Colombia,1995,0,Export Quantity
Colombia,1997,0,Export Quantity
Colombia,1998,0,Export Quantity
Colombia,2000,0,Export Quantity
Comoros,2001,0,Export Quantity
Comoros,2002,0,Export Quantity
Comoros,2003,0,Export Quantity
Comoros,2004,0,Export Quantity
Comoros,2005,0,Export Quantity
Comoros,2007,0,Export Quantity
Comoros,2008,0,Export Quantity
Comoros,2009,0,Export Quantity
Comoros,2010,0,Export Quantity
Comoros,2011,0,Export Quantity
Comoros,2012,0,Export Quantity
Comoros,2013,0,Export Quantity
Congo (Brazzaville),1990,0,Export Quantity
Congo (Brazzaville),1991,0,Export Quantity
Congo (Brazzaville),1992,0,Export Quantity
Congo (Brazzaville),1993,0,Export Quantity
Congo (Brazzaville),1994,0,Export Quantity
Congo (Brazzaville),1995,0,Export Quantity
Congo (Brazzaville),1996,0,Export Quantity
Congo (Brazzaville),1997,0,Export Quantity
Congo (Brazzaville),1998,0,Export Quantity
Congo (Brazzaville),1999,0,Export Quantity
Congo (Brazzaville),2003,0,Export Quantity
Congo (Brazzaville),2004,0,Export Quantity
Congo (Brazzaville),2007,0,Export Quantity
Congo (Brazzaville),2009,0,Export Quantity
Congo (Brazzaville),2010,0,Export Quantity
Congo (Brazzaville),2014,0,Export Quantity
Congo (Brazzaville),2016,0,Export Quantity
Congo (Brazzaville),2018,0,Export Quantity
Cook Islands,2014,0,Export Quantity
Cook Islands,2017,0,Export Quantity
Cook Islands,2018,0,Export Quantity
Cook Islands,2020,0,Export Quantity
Costa Rica,1990,0,Export Quantity
Costa Rica,1999,0,Export Quantity
Cuba,2014,0,Export Quantity
Cuba,2015,0,Export Quantity
Cuba,2016,0,Export Quantity
Cuba,2018,0,Export Quantity
Cuba,2019,0,Export Quantity
Cyprus,2000,0,Export Quantity
Cyprus,2001,0,Export Quantity
Cyprus,2002,0,Export Quantity
Cyprus,2006,0,Export Quantity
Cyprus,2009,0,Export Quantity
Cyprus,2012,0,Export Quantity
Cyprus,2014,0,Export Quantity
Cyprus,2015,0,Export Quantity
Cyprus,2016,0,Export Quantity
Czechoslovakia,1992,0,Export Quantity
Côte d'Ivoire,1990,0,Export Quantity
Côte d'Ivoire,1991,0,Export Quantity
Côte d'Ivoire,1992,0,Export Quantity
Côte d'Ivoire,1993,0,Export Quantity
Côte d'Ivoire,1994,0,Export Quantity
DR Congo (Brazzaville),2020,0,Export Quantity
Djibouti,1990,0,Export Quantity
Djibouti,1992,0,Export Quantity
Djibouti,1993,0,Export Quantity
Djibouti,1994,0,Export Quantity
Djibouti,1995,0,Export Quantity
Djibouti,1996,0,Export Quantity
Djibouti,1997,0,Export Quantity
Djibouti,1999,0,Export Quantity
Djibouti,2000,0,Export Quantity
Djibouti,2007,0,Export Quantity
Djibouti,2008,0,Export Quantity
Djibouti,2009,0,Export Quantity
Djibouti,2010,0,Export Quantity
Djibouti,2011,0,Export Quantity
Djibouti,2014,0,Export Quantity
Dominica,1996,0,Export Quantity
Dominica,1997,0,Export Quantity
Dominica,1998,0,Export Quantity
Dominica,1999,0,Export Quantity
Dominica,2000,0,Export Quantity
Dominica,2001,0,Export Quantity
Dominica,2002,0,Export Quantity
Dominica,2003,0,Export Quantity
Dominica,2004,0,Export Quantity
Dominica,2005,0,Export Quantity
Dominica,2006,0,Export Quantity
Dominica,2007,0,Export Quantity
Dominica,2008,0,Export Quantity
Dominica,2009,0,Export Quantity
Dominica,2010,0,Export Quantity
Dominica,2011,0,Export Quantity
Dominica,2012,0,Export Quantity
Dominica,2013,0,Export Quantity
Dominica,2014,0,Export Quantity
Dominica,2015,0,Export Quantity
Dominica,2017,0,Export Quantity
Dominica,2019,0,Export Quantity
Dominica,2020,0,Export Quantity
Equatorial Guinea,2014,0,Export Quantity
Eritrea,2015,0,Export Quantity
Eswatini,2017,0,Export Quantity
Eswatini,2018,0,Export Quantity
Eswatini,2019,0,Export Quantity
Eswatini,2020,0,Export Quantity
Ethiopia,1991,0,Export Quantity
Ethiopia,1992,0,Export Quantity
Faroe Islands,2015,0,Export Quantity
Faroe Islands,2018,0,Export Quantity
Faroe Islands,2020,0,Export Quantity
Faroe Islands,2021,0,Export Quantity
French Polynesia,2001,0,Export Quantity
French Polynesia,2002,0,Export Quantity
French Polynesia,2004,0,Export Quantity
French Polynesia,2011,0,Export Quantity
French Polynesia,2020,0,Export Quantity
French Polynesia,2021,0,Export Quantity
Gabon,1997,0,Export Quantity
Gabon,2006,0,Export Quantity
Gabon,2007,0,Export Quantity
Gabon,2008,0,Export Quantity
Gabon,2009,0,Export Quantity
Gabon,2010,0,Export Quantity
Gabon,2011,0,Export Quantity
Gabon,2012,0,Export Quantity
Gabon,2013,0,Export Quantity
Gabon,2014,0,Export Quantity
Gabon,2015,0,Export Quantity
Gabon,2018,0,Export Quantity
Gabon,2020,0,Export Quantity
Gabon,2021,0,Export Quantity
Gambia,2002,0,Export Quantity
Gambia,2005,0,Export Quantity
Gambia,2007,0,Export Quantity
Gambia,2008,0,Export Quantity
Ghana,1997,0,Export Quantity
Ghana,2010,0,Export Quantity
Grenada,2002,0,Export Quantity
Grenada,2003,0,Export Quantity
Grenada,2004,0,Export Quantity
Grenada,2005,0,Export Quantity
Grenada,2006,0,Export Quantity
Grenada,2007,0,Export Quantity
Grenada,2008,0,Export Quantity
Grenada,2009,0,Export Quantity
Grenada,2010,0,Export Quantity
Grenada,2011,0,Export Quantity
Grenada,2012,0,Export Quantity
Grenada,2013,0,Export Quantity
Grenada,2014,0,Export Quantity
Grenada,2015,0,Export Quantity
Grenada,2016,0,Export Quantity
Grenada,2017,0,Export Quantity
Grenada,2018,0,Export Quantity
Grenada,2019,0,Export Quantity
Grenada,2020,0,Export Quantity
Grenada,2021,0,Export Quantity
Guinea-Bissau,2015,0,Export Quantity
Guinea-Bissau,2016,0,Export Quantity
Guinea-Bissau,2017,0,Export Quantity
Guinea-Bissau,2018,0,Export Quantity
Guyana,2005,0,Export Quantity
Guyana,2007,0,Export Quantity
Guyana,2021,0,Export Quantity
Haiti,2014,0,Export Quantity
Haiti,2016,0,Export Quantity
Haiti,2017,0,Export Quantity
Haiti,2018,0,Export Quantity
Haiti,2019,0,Export Quantity
Honduras,1990,0,Export Quantity
Honduras,1991,0,Export Quantity
Honduras,1993,0,Export Quantity
Honduras,1994,0,Export Quantity
Honduras,1995,0,Export Quantity
Honduras,1996,0,Export Quantity
Honduras,1997,0,Export Quantity
Honduras,2001,0,Export Quantity
Honduras,2003,0,Export Quantity
Honduras,2004,0,Export Quantity
Honduras,2007,0,Export Quantity
Honduras,2008,0,Export Quantity
Honduras,2009,0,Export Quantity
Honduras,2010,0,Export Quantity
Honduras,2011,0,Export Quantity
Honduras,2012,0,Export Quantity
Honduras,2013,0,Export Quantity
Honduras,2019,0,Export Quantity
Iceland,2003,0,Export Quantity
Iceland,2004,0,Export Quantity
Iceland,2005,0,Export Quantity
Iceland,2006,0,Export Quantity
Iceland,2007,0,Export Quantity
Iceland,2008,0,Export Quantity
Iceland,2009,0,Export Quantity
Iceland,2010,0,Export Quantity
Iceland,2011,0,Export Quantity
Iceland,2012,0,Export Quantity
Iceland,2013,0,Export Quantity
Iceland,2014,0,Export Quantity
Iceland,2015,0,Export Quantity
Iceland,2016,0,Export Quantity
Iceland,2017,0,Export Quantity
Iceland,2018,0,Export Quantity
Iran,1991,0,Export Quantity
Iran,1992,0,Export Quantity
Iran,1993,0,Export Quantity
Iran,1995,0,Export Quantity
Iran,1996,0,Export Quantity
Iraq,2018,0,Export Quantity
Jamaica,1992,0,Export Quantity
Jamaica,1993,0,Export Quantity
Jamaica,1994,0,Export Quantity
Jamaica,1995,0,Export Quantity
Jamaica,1996,0,Export Quantity
Jamaica,1997,0,Export Quantity
Jamaica,1998,0,Export Quantity
Jamaica,2000,0,Export Quantity
Lebanon,1990,0,Export Quantity
Lebanon,1991,0,Export Quantity
Lebanon,1992,0,Export Quantity
Lebanon,1993,0,Export Quantity
Lebanon,1994,0,Export Quantity
Lebanon,1995,0,Export Quantity
Lebanon,1996,0,Export Quantity
Lesotho,2015,0,Export Quantity
Lesotho,2016,0,Export Quantity
Lesotho,2021,0,Export Quantity
Liberia,1990,0,Export Quantity
Liberia,1991,0,Export Quantity
Liberia,1992,0,Export Quantity
Liberia,1995,0,Export Quantity
Liberia,1996,0,Export Quantity
Liberia,1997,0,Export Quantity
Liberia,1998,0,Export Quantity
Liberia,1999,0,Export Quantity
Liberia,2000,0,Export Quantity
Liberia,2001,0,Export Quantity
Liberia,2008,0,Export Quantity
Liberia,2009,0,Export Quantity
Liberia,2010,0,Export Quantity
Liberia,2011,0,Export Quantity
Liberia,2012,0,Export Quantity
Liberia,2015,0,Export Quantity
Liberia,2017,0,Export Quantity
Liberia,2020,0,Export Quantity
Liberia,2021,0,Export Quantity
Libya,1990,0,Export Quantity
Libya,1991,0,Export Quantity
Libya,1992,0,Export Quantity
Libya,1993,0,Export Quantity
Libya,1994,0,Export Quantity
Libya,1995,0,Export Quantity
Libya,1996,0,Export Quantity
Libya,1997,0,Export Quantity
Libya,2002,0,Export Quantity
Libya,2003,0,Export Quantity
Libya,2004,0,Export Quantity
Libya,2005,0,Export Quantity
Libya,2006,0,Export Quantity
Libya,2007,0,Export Quantity
Libya,2008,0,Export Quantity
Libya,2009,0,Export Quantity
Libya,2011,0,Export Quantity
Libya,2012,0,Export Quantity
Libya,2015,0,Export Quantity
Libya,2020,0,Export Quantity
Libya,2021,0,Export Quantity
Maldives,2020,0,Export Quantity
Maldives,2021,0,Export Quantity
Mali,1990,0,Export Quantity
Mali,1991,0,Export Quantity
Mali,1992,0,Export Quantity
Mali,1993,0,Export Quantity
Mali,1994,0,Export Quantity
Mali,1995,0,Export Quantity
Mali,1997,0,Export Quantity
Mali,1998,0,Export Quantity
Mali,1999,0,Export Quantity
Mali,2000,0,Export Quantity
Mali,2004,0,Export Quantity
Malta,1990,0,Export Quantity
Malta,1991,0,Export Quantity
Malta,1995,0,Export Quantity
Malta,1996,0,Export Quantity
Malta,1997,0,Export Quantity
Malta,2004,0,Export Quantity
Malta,2005,0,Export Quantity
Malta,2006,0,Export Quantity
Malta,2007,0,Export Quantity
Malta,2009,0,Export Quantity
Malta,2010,0,Export Quantity
Malta,2013,0,Export Quantity
Malta,2016,0,Export Quantity
Malta,2017,0,Export Quantity
Malta,2018,0,Export Quantity
Malta,2019,0,Export Quantity
Malta,2020,0,Export Quantity
Malta,2021,0,Export Quantity
Mauritania,2004,0,Export Quantity
Mauritania,2010,0,Export Quantity
Mauritania,2011,0,Export Quantity
Mauritania,2012,0,Export Quantity
Mauritania,2013,0,Export Quantity
Mauritania,2018,0,Export Quantity
Mauritius,2010,0,Export Quantity
Moldova,2000,0,Export Quantity
Moldova,2012,0,Export Quantity
Mongolia,1999,0,Export Quantity
Mongolia,2002,0,Export Quantity
Mongolia,2003,0,Export Quantity
Mongolia,2008,0,Export Quantity
Mongolia,2009,0,Export Quantity
Mongolia,2010,0,Export Quantity
Mongolia,2011,0,Export Quantity
Mongolia,2012,0,Export Quantity
Montenegro,2021,0,Export Quantity
Myanmar,1990,0,Export Quantity
Myanmar,1992,0,Export Quantity
Myanmar,1993,0,Export Quantity
Myanmar,1994,0,Export Quantity
Myanmar,1995,0,Export Quantity
Myanmar,1996,0,Export Quantity
Myanmar,1997,0,Export Quantity
Myanmar,1998,0,Export Quantity
Myanmar,1999,0,Export Quantity
Myanmar,2000,0,Export Quantity
Myanmar,2001,0,Export Quantity
Namibia,2009,0,Export Quantity
Namibia,2011,0,Export Quantity
Namibia,2020,0,Export Quantity
Namibia,2021,0,Export Quantity
New Caledonia,2006,0,Export Quantity
New Caledonia,2007,0,Export Quantity
New Caledonia,2008,0,Export Quantity
New Caledonia,2009,0,Export Quantity
New Caledonia,2010,0,Export Quantity
New Caledonia,2011,0,Export Quantity
New Caledonia,2012,0,Export Quantity
New Caledonia,2013,0,Export Quantity
New Caledonia,2014,0,Export Quantity
New Caledonia,2015,0,Export Quantity
New Caledonia,2016,0,Export Quantity
New Caledonia,2019,0,Export Quantity
New Caledonia,2021,0,Export Quantity
Nicaragua,2000,0,Export Quantity
Nicaragua,2001,0,Export Quantity
Nicaragua,2002,0,Export Quantity
Nicaragua,2005,0,Export Quantity
Nicaragua,2006,0,Export Quantity
Nicaragua,2007,0,Export Quantity
Nicaragua,2008,0,Export Quantity
Nicaragua,2009,0,Export Quantity
Nicaragua,2010,0,Export Quantity
Nicaragua,2011,0,Export Quantity
Nicaragua,2012,0,Export Quantity
Nicaragua,2013,0,Export Quantity
Nicaragua,2018,0,Export Quantity
Niger,1990,0,Export Quantity
Niger,1991,0,Export Quantity
Niger,1992,0,Export Quantity
Niger,1993,0,Export Quantity
Niger,1994,0,Export Quantity
Niger,1996,0,Export Quantity
Nigeria,1993,0,Export Quantity
Nigeria,1994,0,Export Quantity
Nigeria,2000,0,Export Quantity
Pakistan,1991,0,Export Quantity
Pakistan,1997,0,Export Quantity
Palestine,2008,0,Export Quantity
Palestine,2009,0,Export Quantity
Palestine,2010,0,Export Quantity
Palestine,2011,0,Export Quantity
Palestine,2012,0,Export Quantity
Palestine,2013,0,Export Quantity
Panama,2002,0,Export Quantity
Panama,2003,0,Export Quantity
Panama,2004,0,Export Quantity
Panama,2005,0,Export Quantity
Panama,2006,0,Export Quantity
Panama,2007,0,Export Quantity
Panama,2008,0,Export Quantity
Panama,2009,0,Export Quantity
Panama,2010,0,Export Quantity
Panama,2011,0,Export Quantity
Panama,2012,0,Export Quantity
Panama,2013,0,Export Quantity
Panama,2014,0,Export Quantity
Paraguay,1995,0,Export Quantity
Paraguay,2012,0,Export Quantity
Paraguay,2013,0,Export Quantity
Philippines,1990,0,Export Quantity
Philippines,1991,0,Export Quantity
Philippines,1992,0,Export Quantity
Philippines,1993,0,Export Quantity
Philippines,1994,0,Export Quantity
Philippines,1995,0,Export Quantity
Philippines,1997,0,Export Quantity
Philippines,1998,0,Export Quantity
Philippines,1999,0,Export Quantity
Philippines,2000,0,Export Quantity
Philippines,2002,0,Export Quantity
Philippines,2003,0,Export Quantity
Philippines,2006,0,Export Quantity
Poland,1990,0,Export Quantity
Poland,1991,0,Export Quantity
Qatar,2001,0,Export Quantity
Romania,1990,0,Export Quantity
Saint Kitts and Nevis,2021,0,Export Quantity
Saint Lucia,2001,0,Export Quantity
Saint Lucia,2003,0,Export Quantity
Saint Lucia,2008,0,Export Quantity
Saint Lucia,2009,0,Export Quantity
Saint Lucia,2010,0,Export Quantity
Saint Lucia,2011,0,Export Quantity
Saint Lucia,2012,0,Export Quantity
Saint Lucia,2013,0,Export Quantity
Saint Lucia,2015,0,Export Quantity
Saint Lucia,2021,0,Export Quantity
Saint Vincent and the Grenadines,2009,0,Export Quantity
Saint Vincent and the Grenadines,2010,0,Export Quantity
Saint Vincent and the Grenadines,2011,0,Export Quantity
Saint Vincent and the Grenadines,2012,0,Export Quantity
Saint Vincent and the Grenadines,2013,0,Export Quantity
Saint Vincent and the Grenadines,2015,0,Export Quantity
Saint Vincent and the Grenadines,2016,0,Export Quantity
Saint Vincent and the Grenadines,2019,0,Export Quantity
Saint Vincent and the Grenadines,2021,0,Export Quantity
Samoa,2015,0,Export Quantity
Samoa,2017,0,Export Quantity
Samoa,2019,0,Export Quantity
Sao Tome and Principe,2015,0,Export Quantity
Sao Tome and Principe,2016,0,Export Quantity
Sao Tome and Principe,2017,0,Export Quantity
Sao Tome and Principe,2019,0,Export Quantity
Sao Tome and Principe,2020,0,Export Quantity
Senegal,1991,0,Export Quantity
Senegal,1992,0,Export Quantity
Senegal,1993,0,Export Quantity
Senegal,1994,0,Export Quantity
Senegal,1995,0,Export Quantity
Senegal,1996,0,Export Quantity
Senegal,1997,0,Export Quantity
Senegal,1998,0,Export Quantity
Senegal,2001,0,Export Quantity
Seychelles,1990,0,Export Quantity
Seychelles,1992,0,Export Quantity
Seychelles,2000,0,Export Quantity
Seychelles,2001,0,Export Quantity
Seychelles,2002,0,Export Quantity
Seychelles,2003,0,Export Quantity
Seychelles,2004,0,Export Quantity
Seychelles,2005,0,Export Quantity
Seychelles,2006,0,Export Quantity
Seychelles,2010,0,Export Quantity
Seychelles,2011,0,Export Quantity
Seychelles,2012,0,Export Quantity
Seychelles,2013,0,Export Quantity
Seychelles,2017,0,Export Quantity
Seychelles,2019,0,Export Quantity
Seychelles,2021,0,Export Quantity
Solomon Islands,2012,0,Export Quantity
Solomon Islands,2013,0,Export Quantity
Somalia,1990,0,Export Quantity
Somalia,1991,0,Export Quantity
Somalia,1992,0,Export Quantity
Somalia,1993,0,Export Quantity
Somalia,1994,0,Export Quantity
Somalia,1995,0,Export Quantity
Somalia,1996,0,Export Quantity
Somalia,1997,0,Export Quantity
Somalia,1998,0,Export Quantity
Somalia,1999,0,Export Quantity
Somalia,2000,0,Export Quantity
Somalia,2001,0,Export Quantity
Somalia,2002,0,Export Quantity
Somalia,2006,0,Export Quantity
Somalia,2008,0,Export Quantity
Somalia,2009,0,Export Quantity
Somalia,2012,0,Export Quantity
Somalia,2013,0,Export Quantity
Somalia,2014,0,Export Quantity
Somalia,2015,0,Export Quantity
Somalia,2017,0,Export Quantity
Somalia,2019,0,Export Quantity
Somalia,2020,0,Export Quantity
Sudan,2005,0,Export Quantity
Sudan,2006,0,Export Quantity
Sudan,2007,0,Export Quantity
Sudan,2008,0,Export Quantity
Sudan,2015,0,Export Quantity
Sudan,2016,0,Export Quantity
Sudan,2018,0,Export Quantity
Sudan,2019,0,Export Quantity
Suriname,2010,0,Export Quantity
Suriname,2011,0,Export Quantity
Suriname,2012,0,Export Quantity
Syria,1990,0,Export Quantity
Syria,1991,0,Export Quantity
Syria,1992,0,Export Quantity
Syria,1993,0,Export Quantity
Syria,1994,0,Export Quantity
Syria,1995,0,Export Quantity
Syria,1996,0,Export Quantity
Syria,1997,0,Export Quantity
Syria,1998,0,Export Quantity
Syria,1999,0,Export Quantity
Syria,2000,0,Export Quantity
Syria,2001,0,Export Quantity
Syria,2002,0,Export Quantity
Syria,2004,0,Export Quantity
Tajikistan,2002,0,Export Quantity
Tajikistan,2004,0,Export Quantity
Tajikistan,2011,0,Export Quantity
Tajikistan,2012,0,Export Quantity
Tajikistan,2013,0,Export Quantity
Tajikistan,2014,0,Export Quantity
Tajikistan,2018,0,Export Quantity
Timor-Leste,2017,0,Export Quantity
Timor-Leste,2020,0,Export Quantity
Togo,1992,0,Export Quantity
Togo,1993,0,Export Quantity
Togo,1995,0,Export Quantity
Togo,1996,0,Export Quantity
Togo,1997,0,Export Quantity
Togo,1999,0,Export Quantity
Togo,2000,0,Export Quantity
Togo,2001,0,Export Quantity
Togo,2002,0,Export Quantity
Tonga,2000,0,Export Quantity
Tonga,2012,0,Export Quantity
Tonga,2013,0,Export Quantity
Tonga,2014,0,Export Quantity
Trinidad and Tobago,1994,0,Export Quantity
Tunisia,1990,0,Export Quantity
Tunisia,1991,0,Export Quantity
Tunisia,1992,0,Export Quantity
Tunisia,1993,0,Export Quantity
Tunisia,2018,0,Export Quantity
Tunisia,2019,0,Export Quantity
Tunisia,2021,0,Export Quantity
Turkmenistan,1998,0,Export Quantity
Turkmenistan,2002,0,Export Quantity
Turkmenistan,2003,0,Export Quantity
Turkmenistan,2004,0,Export Quantity
Turkmenistan,2005,0,Export Quantity
Turkmenistan,2006,0,Export Quantity
Turkmenistan,2007,0,Export Quantity
Turkmenistan,2008,0,Export Quantity
Turkmenistan,2009,0,Export Quantity
Turkmenistan,2010,0,Export Quantity
Turkmenistan,2011,0,Export Quantity
Turkmenistan,2012,0,Export Quantity
Turkmenistan,2013,0,Export Quantity
Turkmenistan,2017,0,Export Quantity
Tuvalu,2021,0,Export Quantity
USSR,1991,0,Export Quantity
Uganda,1994,0,Export Quantity
Uganda,1995,0,Export Quantity
Uganda,1996,0,Export Quantity
Uruguay,1990,0,Export Quantity
Uruguay,1991,0,Export Quantity
Uruguay,1993,0,Export Quantity
Uruguay,1994,0,Export Quantity
Uruguay,1995,0,Export Quantity
Uruguay,1996,0,Export Quantity
Uruguay,1997,0,Export Quantity
Uruguay,1998,0,Export Quantity
Uruguay,1999,0,Export Quantity
Uruguay,2017,0,Export Quantity
Uruguay,2018,0,Export Quantity
Uruguay,2019,0,Export Quantity
Uruguay,2020,0,Export Quantity
Uruguay,2021,0,Export Quantity
Uzbekistan,2001,0,Export Quantity
Uzbekistan,2006,0,Export Quantity
Uzbekistan,2007,0,Export Quantity
Uzbekistan,2008,0,Export Quantity
Uzbekistan,2009,0,Export Quantity
Uzbekistan,2010,0,Export Quantity
Uzbekistan,2011,0,Export Quantity
Uzbekistan,2012,0,Export Quantity
Uzbekistan,2013,0,Export Quantity
Uzbekistan,2014,0,Export Quantity
Uzbekistan,2015,0,Export Quantity
Vanuatu,2011,0,Export Quantity
Vanuatu,2012,0,Export Quantity
Vanuatu,2013,0,Export Quantity
Vanuatu,2020,0,Export Quantity
Venezuela,1991,0,Export Quantity
Venezuela,1992,0,Export Quantity
Venezuela,1993,0,Export Quantity
Venezuela,1995,0,Export Quantity
Venezuela,1998,0,Export Quantity
Venezuela,1999,0,Export Quantity
Venezuela,2001,0,Export Quantity
Venezuela,2002,0,Export Quantity
Venezuela,2003,0,Export Quantity
Venezuela,2004,0,Export Quantity
Venezuela,2005,0,Export Quantity
Venezuela,2006,0,Export Quantity
Venezuela,2007,0,Export Quantity
Venezuela,2008,0,Export Quantity
Venezuela,2009,0,Export Quantity
Venezuela,2010,0,Export Quantity
Venezuela,2011,0,Export Quantity
Venezuela,2012,0,Export Quantity
Venezuela,2013,0,Export Quantity
Venezuela,2014,0,Export Quantity
Venezuela,2015,0,Export Quantity
Venezuela,2016,0,Export Quantity
Venezuela,2019,0,Export Quantity
Yemen,1990,0,Export Quantity
Yemen,1991,0,Export Quantity
Yemen,1992,0,Export Quantity
Yemen,1993,0,Export Quantity
Yemen,1994,0,Export Quantity
Yemen,1995,0,Export Quantity
Yemen,1996,0,Export Quantity
Yemen,1997,0,Export Quantity
Yemen,1998,0,Export Quantity
Yemen,1999,0,Export Quantity
Zambia,1993,0,Export Quantity
Zambia,1994,0,Export Quantity
Zambia,2015,0,Export Quantity
Albania,1997,0,Export Value
Albania,1999,0,Export Value
Albania,2000,0,Export Value
Albania,2001,0,Export Value
Albania,2002,0,Export Value
Albania,2003,0,Export Value
Albania,2004,0,Export Value
Albania,2009,0,Export Value
Albania,2011,0,Export Value
Algeria,2015,0,Export Value
Algeria,1996,0,Export Value
Algeria,1997,0,Export Value
Algeria,1998,0,Export Value
Algeria,2002,0,Export Value
Algeria,2004,0,Export Value
Algeria,2005,0,Export Value
Algeria,2008,0,Export Value
Algeria,2009,0,Export Value
Algeria,2010,0,Export Value
Algeria,2012,0,Export Value
Algeria,1990,0,Export Value
Algeria,1991,0,Export Value
Algeria,1992,0,Export Value
Algeria,1993,0,Export Value
Algeria,1994,0,Export Value
Algeria,1995,0,Export Value
Angola,2014,0,Export Value
Angola,1996,0,Export Value
Angola,1997,0,Export Value
Angola,1998,0,Export Value
Angola,1999,0,Export Value
Angola,2000,0,Export Value
Angola,2001,0,Export Value
Angola,2002,0,Export Value
Angola,2013,0,Export Value
Angola,1990,0,Export Value
Angola,1991,0,Export Value
Angola,1992,0,Export Value
Angola,1993,0,Export Value
Angola,1994,0,Export Value
Angola,1995,0,Export Value
Antigua and Barbuda,2014,0,Export Value
Antigua and Barbuda,2015,0,Export Value
Antigua and Barbuda,2016,0,Export Value
Antigua and Barbuda,2019,0,Export Value
Antigua and Barbuda,2011,0,Export Value
Antigua and Barbuda,2013,0,Export Value
Armenia,1996,0,Export Value
Armenia,1997,0,Export Value
Armenia,1998,0,Export Value
Armenia,2001,0,Export Value
Armenia,2002,0,Export Value
Armenia,2003,0,Export Value
Armenia,2004,0,Export Value
Armenia,2008,0,Export Value
Armenia,2009,0,Export Value
Bahamas,2016,0,Export Value
Bahamas,2019,0,Export Value
Bahamas,2004,0,Export Value
Bahamas,2005,0,Export Value
Bahamas,2006,0,Export Value
Bahamas,2010,0,Export Value
Bahamas,2011,0,Export Value
Bahamas,2012,0,Export Value
Bahamas,2013,0,Export Value
Bahamas,2017,0,Export Value
Bahrain,1996,0,Export Value
Bahrain,1997,0,Export Value
Bahrain,1998,0,Export Value
Bahrain,1999,0,Export Value
Bahrain,1990,0,Export Value
Bahrain,1991,0,Export Value
Bahrain,1992,0,Export Value
Bahrain,1993,0,Export Value
Bahrain,1994,0,Export Value
Bahrain,1995,0,Export Value
Barbados,2003,0,Export Value
Barbados,2004,0,Export Value
Barbados,1990,0,Export Value
Barbados,1991,0,Export Value
Barbados,1992,0,Export Value
Barbados,1993,0,Export Value
Belize,2014,0,Export Value
Belize,2001,0,Export Value
Belize,2002,0,Export Value
Belize,2004,0,Export Value
Belize,2006,0,Export Value
Belize,2008,0,Export Value
Belize,2009,0,Export Value
Belize,2010,0,Export Value
Belize,2012,0,Export Value
Belize,2013,0,Export Value
Belize,1995,0,Export Value
Benin,2016,0,Export Value
Benin,2012,0,Export Value
Benin,2013,0,Export Value
Bhutan,2003,0,Export Value
Bhutan,2004,0,Export Value
Bhutan,2005,0,Export Value
Bhutan,2008,0,Export Value
Bhutan,2009,0,Export Value
Bhutan,2010,0,Export Value
Bhutan,2011,0,Export Value
Bhutan,2017,0,Export Value
Bolivia,2020,0,Export Value
Bolivia,2002,0,Export Value
Botswana,2020,0,Export Value
Botswana,2004,0,Export Value
Botswana,2005,0,Export Value
Botswana,2006,0,Export Value
Brunei,2015,0,Export Value
Brunei,1996,0,Export Value
Brunei,1997,0,Export Value
Brunei,2002,0,Export Value
Brunei,2003,0,Export Value
Brunei,2004,0,Export Value
Brunei,2005,0,Export Value
Brunei,1991,0,Export Value
Brunei,1992,0,Export Value
Brunei,1993,0,Export Value
Brunei,1994,0,Export Value
Brunei,1995,0,Export Value
Burkina Faso,2019,0,Export Value
Burkina Faso,1996,0,Export Value
Burkina Faso,1997,0,Export Value
Burkina Faso,1998,0,Export Value
Burkina Faso,1999,0,Export Value
Burkina Faso,2000,0,Export Value
Burkina Faso,2001,0,Export Value
Burkina Faso,2004,0,Export Value
Burkina Faso,2009,0,Export Value
Burkina Faso,2011,0,Export Value
Burkina Faso,2012,0,Export Value
Burkina Faso,1990,0,Export Value
Burkina Faso,1991,0,Export Value
Burkina Faso,1992,0,Export Value
Burkina Faso,1993,0,Export Value
Burkina Faso,1994,0,Export Value
Burkina Faso,1995,0,Export Value
Cabo Verde,2021,0,Export Value
Cabo Verde,1998,0,Export Value
Cabo Verde,1999,0,Export Value
Cabo Verde,2000,0,Export Value
Cabo Verde,2001,0,Export Value
Cabo Verde,2002,0,Export Value
Cabo Verde,2003,0,Export Value
Cabo Verde,2004,0,Export Value
Cabo Verde,2008,0,Export Value
Cabo Verde,2009,0,Export Value
Cabo Verde,2010,0,Export Value
Cabo Verde,2011,0,Export Value
Cabo Verde,2012,0,Export Value
Cabo Verde,2013,0,Export Value
Cambodia,1996,0,Export Value
Cambodia,1997,0,Export Value
Cambodia,1998,0,Export Value
Cambodia,1999,0,Export Value
Cambodia,2000,0,Export Value
Cambodia,2001,0,Export Value
Cambodia,2004,0,Export Value
Cambodia,2005,0,Export Value
Cambodia,2006,0,Export Value
Cambodia,2008,0,Export Value
Cambodia,2009,0,Export Value
Cambodia,2012,0,Export Value
Cambodia,2013,0,Export Value
Cambodia,1990,0,Export Value
Cambodia,1991,0,Export Value
Cambodia,1992,0,Export Value
Cambodia,1993,0,Export Value
Cambodia,1994,0,Export Value
Cambodia,1995,0,Export Value
Cameroon,1997,0,Export Value
Cameroon,1998,0,Export Value
Cameroon,2001,0,Export Value
Cameroon,2002,0,Export Value
Cameroon,2004,0,Export Value
Cameroon,1992,0,Export Value
Central African Republic,1996,0,Export Value
Central African Republic,1997,0,Export Value
Central African Republic,1998,0,Export Value
Central African Republic,1999,0,Export Value
Central African Republic,2001,0,Export Value
Central African Republic,2002,0,Export Value
Central African Republic,2003,0,Export Value
Central African Republic,2004,0,Export Value
Central African Republic,2005,0,Export Value
Central African Republic,2006,0,Export Value
Central African Republic,2008,0,Export Value
Central African Republic,2009,0,Export Value
Central African Republic,2010,0,Export Value
Central African Republic,2011,0,Export Value
Central African Republic,2012,0,Export Value
Central African Republic,2013,0,Export Value
Central African Republic,1990,0,Export Value
Central African Republic,1991,0,Export Value
Central African Republic,1992,0,Export Value
Central African Republic,1993,0,Export Value
Central African Republic,1994,0,Export Value
Central African Republic,1995,0,Export Value
Chad,2021,0,Export Value
Chad,1996,0,Export Value
Chad,1997,0,Export Value
Chad,1998,0,Export Value
Chad,1990,0,Export Value
Chad,1991,0,Export Value
Chad,1992,0,Export Value
Chad,1993,0,Export Value
Chad,1994,0,Export Value
Chad,1995,0,Export Value
"China, Macao SAR",2011,0,Export Value
Colombia,1997,0,Export Value
Colombia,1998,0,Export Value
Colombia,2000,0,Export Value
Colombia,1990,0,Export Value
Colombia,1994,0,Export Value
Colombia,1995,0,Export Value
Comoros,2001,0,Export Value
Comoros,2002,0,Export Value
Comoros,2003,0,Export Value
Comoros,2004,0,Export Value
Comoros,2005,0,Export Value
Comoros,2008,0,Export Value
Comoros,2009,0,Export Value
Comoros,2010,0,Export Value
Comoros,2011,0,Export Value
Comoros,2012,0,Export Value
Comoros,2013,0,Export Value
Congo (Brazzaville),1996,0,Export Value
Congo (Brazzaville),1997,0,Export Value
Congo (Brazzaville),1998,0,Export Value
Congo (Brazzaville),1999,0,Export Value
Congo (Brazzaville),2003,0,Export Value
Congo (Brazzaville),2004,0,Export Value
Congo (Brazzaville),2009,0,Export Value
Congo (Brazzaville),2010,0,Export Value
Congo (Brazzaville),1990,0,Export Value
Congo (Brazzaville),1991,0,Export Value
Congo (Brazzaville),1992,0,Export Value
Congo (Brazzaville),1993,0,Export Value
Congo (Brazzaville),1994,0,Export Value
Congo (Brazzaville),1995,0,Export Value
Cook Islands,2014,0,Export Value
Cook Islands,2020,0,Export Value
Cook Islands,2017,0,Export Value
Costa Rica,1999,0,Export Value
Costa Rica,1990,0,Export Value
Cuba,2014,0,Export Value
Cuba,2015,0,Export Value
Cuba,2016,0,Export Value
Cuba,2018,0,Export Value
Cyprus,2014,0,Export Value
Cyprus,2001,0,Export Value
Cyprus,2002,0,Export Value
Cyprus,2006,0,Export Value
Czechoslovakia,1992,0,Export Value
Côte d'Ivoire,1990,0,Export Value
Côte d'Ivoire,1991,0,Export Value
Côte d'Ivoire,1992,0,Export Value
Côte d'Ivoire,1993,0,Export Value
Côte d'Ivoire,1994,0,Export Value
Djibouti,1996,0,Export Value
Djibouti,1997,0,Export Value
Djibouti,1999,0,Export Value
Djibouti,2000,0,Export Value
Djibouti,2008,0,Export Value
Djibouti,2009,0,Export Value
Djibouti,2010,0,Export Value
Djibouti,2011,0,Export Value
Djibouti,1990,0,Export Value
Djibouti,1992,0,Export Value
Djibouti,1993,0,Export Value
Djibouti,1994,0,Export Value
Djibouti,1995,0,Export Value
Dominica,2019,0,Export Value
Dominica,2020,0,Export Value
Dominica,2001,0,Export Value
Dominica,2003,0,Export Value
Dominica,2005,0,Export Value
Dominica,2011,0,Export Value
Dominica,2012,0,Export Value
Dominica,2013,0,Export Value
Equatorial Guinea,2014,0,Export Value
Equatorial Guinea,2018,0,Export Value
Eritrea,2015,0,Export Value
Eswatini,2018,0,Export Value
Eswatini,2019,0,Export Value
Eswatini,2017,0,Export Value
Ethiopia,1991,0,Export Value
Ethiopia,1992,0,Export Value
Faroe Islands,2015,0,Export Value
Faroe Islands,2018,0,Export Value
Faroe Islands,2020,0,Export Value
Faroe Islands,2021,0,Export Value
Gabon,2014,0,Export Value
Gabon,2018,0,Export Value
Gabon,2021,0,Export Value
Gabon,1997,0,Export Value
Gabon,2006,0,Export Value
Gabon,2008,0,Export Value
Gabon,2009,0,Export Value
Gabon,2010,0,Export Value
Gabon,2011,0,Export Value
Gabon,2012,0,Export Value
Gabon,2013,0,Export Value
Gambia,2008,0,Export Value
Ghana,1997,0,Export Value
Ghana,2000,0,Export Value
Ghana,2010,0,Export Value
Grenada,2014,0,Export Value
Grenada,2015,0,Export Value
Grenada,2016,0,Export Value
Grenada,2020,0,Export Value
Grenada,2002,0,Export Value
Grenada,2003,0,Export Value
Grenada,2004,0,Export Value
Grenada,2005,0,Export Value
Grenada,2010,0,Export Value
Grenada,2011,0,Export Value
Grenada,2012,0,Export Value
Grenada,2013,0,Export Value
Guinea-Bissau,2015,0,Export Value
Guinea-Bissau,2016,0,Export Value
Guinea-Bissau,2018,0,Export Value
Guinea-Bissau,2017,0,Export Value
Guyana,2021,0,Export Value
Guyana,2005,0,Export Value
Haiti,2018,0,Export Value
Haiti,2019,0,Export Value
Honduras,2019,0,Export Value
Honduras,2020,0,Export Value
Honduras,1996,0,Export Value
Honduras,1997,0,Export Value
Honduras,2008,0,Export Value
Honduras,2009,0,Export Value
Honduras,2010,0,Export Value
Honduras,2011,0,Export Value
Honduras,2012,0,Export Value
Honduras,2013,0,Export Value
Honduras,1990,0,Export Value
Honduras,1991,0,Export Value
Honduras,1993,0,Export Value
Honduras,1994,0,Export Value
Honduras,1995,0,Export Value
Iceland,1998,0,Export Value
Iceland,1999,0,Export Value
Iceland,2000,0,Export Value
Iceland,2001,0,Export Value
Iceland,2002,0,Export Value
Iceland,2003,0,Export Value
Iceland,2004,0,Export Value
Iceland,2005,0,Export Value
Iceland,2006,0,Export Value
Iceland,2009,0,Export Value
Iceland,2012,0,Export Value
Iceland,2013,0,Export Value
Iran,1996,0,Export Value
Iran,1991,0,Export Value
Iran,1992,0,Export Value
Iran,1993,0,Export Value
Iran,1995,0,Export Value
Iraq,2018,0,Export Value
Jamaica,1996,0,Export Value
Jamaica,1997,0,Export Value
Jamaica,1998,0,Export Value
Jamaica,2000,0,Export Value
Jamaica,1992,0,Export Value
Jamaica,1993,0,Export Value
Jamaica,1994,0,Export Value
Jamaica,1995,0,Export Value
Latvia,1992,0,Export Value
Lebanon,1996,0,Export Value
Lebanon,1990,0,Export Value
Lebanon,1991,0,Export Value
Lebanon,1992,0,Export Value
Lebanon,1993,0,Export Value
Lebanon,1994,0,Export Value
Lebanon,1995,0,Export Value
Lesotho,2021,0,Export Value
Liberia,2018,0,Export Value
Liberia,2021,0,Export Value
Liberia,1996,0,Export Value
Liberia,1997,0,Export Value
Liberia,1998,0,Export Value
Liberia,1999,0,Export Value
Liberia,2000,0,Export Value
Liberia,2001,0,Export Value
Liberia,2008,0,Export Value
Liberia,2009,0,Export Value
Liberia,2010,0,Export Value
Liberia,2011,0,Export Value
Liberia,2012,0,Export Value
Liberia,1990,0,Export Value
Liberia,1991,0,Export Value
Liberia,1992,0,Export Value
Liberia,1995,0,Export Value
Libya,2015,0,Export Value
Libya,2020,0,Export Value
Libya,1996,0,Export Value
Libya,1997,0,Export Value
Libya,2002,0,Export Value
Libya,2003,0,Export Value
Libya,2004,0,Export Value
Libya,2005,0,Export Value
Libya,2006,0,Export Value
Libya,2008,0,Export Value
Libya,2009,0,Export Value
Libya,2011,0,Export Value
Libya,2012,0,Export Value
Libya,1990,0,Export Value
Libya,1991,0,Export Value
Libya,1992,0,Export Value
Libya,1993,0,Export Value
Libya,1994,0,Export Value
Libya,1995,0,Export Value
Lithuania,1992,0,Export Value
Lithuania,1993,0,Export Value
Maldives,2020,0,Export Value
Maldives,2021,0,Export Value
Mali,1997,0,Export Value
Mali,1998,0,Export Value
Mali,1999,0,Export Value
Mali,2000,0,Export Value
Mali,2004,0,Export Value
Mali,1990,0,Export Value
Mali,1991,0,Export Value
Mali,1992,0,Export Value
Mali,1993,0,Export Value
Mali,1994,0,Export Value
Mali,1995,0,Export Value
Malta,2016,0,Export Value
Malta,2020,0,Export Value
Malta,2021,0,Export Value
Malta,1996,0,Export Value
Malta,1997,0,Export Value
Malta,2004,0,Export Value
Malta,2009,0,Export Value
Malta,2010,0,Export Value
Malta,2013,0,Export Value
Malta,1991,0,Export Value
Malta,1995,0,Export Value
Mauritania,2018,0,Export Value
Mauritania,2004,0,Export Value
Mauritania,2010,0,Export Value
Mauritania,2011,0,Export Value
Mauritania,2012,0,Export Value
Mauritania,2013,0,Export Value
Moldova,2000,0,Export Value
Moldova,1993,0,Export Value
Mongolia,2002,0,Export Value
Mongolia,2003,0,Export Value
Mongolia,2008,0,Export Value
Mongolia,2009,0,Export Value
Mongolia,2011,0,Export Value
Mongolia,2012,0,Export Value
Myanmar,1996,0,Export Value
Myanmar,1997,0,Export Value
Myanmar,1998,0,Export Value
Myanmar,1999,0,Export Value
Myanmar,2000,0,Export Value
Myanmar,2001,0,Export Value
Myanmar,1990,0,Export Value
Myanmar,1992,0,Export Value
Myanmar,1993,0,Export Value
Myanmar,1994,0,Export Value
Myanmar,1995,0,Export Value
Namibia,2009,0,Export Value
Namibia,2010,0,Export Value
Namibia,2011,0,Export Value
New Caledonia,2014,0,Export Value
New Caledonia,2016,0,Export Value
New Caledonia,2019,0,Export Value
New Caledonia,2021,0,Export Value
New Caledonia,1997,0,Export Value
New Caledonia,2002,0,Export Value
New Caledonia,2003,0,Export Value
New Caledonia,2004,0,Export Value
New Caledonia,2005,0,Export Value
Nicaragua,2000,0,Export Value
Nicaragua,2001,0,Export Value
Nicaragua,2002,0,Export Value
Nicaragua,2005,0,Export Value
Nicaragua,2006,0,Export Value
Nicaragua,2008,0,Export Value
Nicaragua,2009,0,Export Value
Nicaragua,2010,0,Export Value
Nicaragua,2011,0,Export Value
Nicaragua,2012,0,Export Value
Nicaragua,2013,0,Export Value
Niger,1996,0,Export Value
Niger,1990,0,Export Value
Niger,1991,0,Export Value
Niger,1992,0,Export Value
Niger,1993,0,Export Value
Niger,1994,0,Export Value
Nigeria,2000,0,Export Value
Nigeria,1993,0,Export Value
Nigeria,1994,0,Export Value
Pakistan,1997,0,Export Value
Pakistan,1991,0,Export Value
Palestine,2008,0,Export Value
Palestine,2009,0,Export Value
Palestine,2010,0,Export Value
Palestine,2011,0,Export Value
Palestine,2012,0,Export Value
Palestine,2013,0,Export Value
Panama,2014,0,Export Value
Panama,2002,0,Export Value
Panama,2003,0,Export Value
Panama,2005,0,Export Value
Panama,2006,0,Export Value
Panama,2008,0,Export Value
Panama,2009,0,Export Value
Panama,2010,0,Export Value
Panama,2011,0,Export Value
Panama,2012,0,Export Value
Panama,2013,0,Export Value
Paraguay,2013,0,Export Value
Paraguay,1995,0,Export Value
Philippines,1997,0,Export Value
Philippines,1998,0,Export Value
Philippines,1999,0,Export Value
Philippines,2000,0,Export Value
Philippines,2002,0,Export Value
Philippines,2003,0,Export Value
Philippines,1990,0,Export Value
Philippines,1991,0,Export Value
Philippines,1992,0,Export Value
Philippines,1993,0,Export Value
Philippines,1994,0,Export Value
Philippines,1995,0,Export Value
Poland,1990,0,Export Value
Poland,1991,0,Export Value
Qatar,2001,0,Export Value
Romania,1990,0,Export Value
Russia,1991,0,Export Value
Saint Lucia,2015,0,Export Value
Saint Lucia,2001,0,Export Value
Saint Vincent and the Grenadines,2016,0,Export Value
Saint Vincent and the Grenadines,2019,0,Export Value
Saint Vincent and the Grenadines,2021,0,Export Value
Saint Vincent and the Grenadines,2009,0,Export Value
Saint Vincent and the Grenadines,2010,0,Export Value
Saint Vincent and the Grenadines,2011,0,Export Value
Saint Vincent and the Grenadines,2012,0,Export Value
Saint Vincent and the Grenadines,2013,0,Export Value
Samoa,2015,0,Export Value
Samoa,2019,0,Export Value
Samoa,2021,0,Export Value
Samoa,2017,0,Export Value
Sao Tome and Principe,2015,0,Export Value
Sao Tome and Principe,2016,0,Export Value
Sao Tome and Principe,2019,0,Export Value
Sao Tome and Principe,2020,0,Export Value
Sao Tome and Principe,2017,0,Export Value
Senegal,1996,0,Export Value
Senegal,1997,0,Export Value
Senegal,1991,0,Export Value
Senegal,1992,0,Export Value
Senegal,1993,0,Export Value
Senegal,1995,0,Export Value
Seychelles,2019,0,Export Value
Seychelles,2021,0,Export Value
Seychelles,2000,0,Export Value
Seychelles,2003,0,Export Value
Seychelles,2004,0,Export Value
Seychelles,2010,0,Export Value
Seychelles,2011,0,Export Value
Seychelles,2012,0,Export Value
Seychelles,2013,0,Export Value
Seychelles,1990,0,Export Value
Seychelles,1992,0,Export Value
Seychelles,2017,0,Export Value
Sierra Leone,2018,0,Export Value
Solomon Islands,2012,0,Export Value
Solomon Islands,2013,0,Export Value
Somalia,2015,0,Export Value
Somalia,2020,0,Export Value
Somalia,1996,0,Export Value
Somalia,1997,0,Export Value
Somalia,1998,0,Export Value
Somalia,1999,0,Export Value
Somalia,2000,0,Export Value
Somalia,2001,0,Export Value
Somalia,2002,0,Export Value
Somalia,2006,0,Export Value
Somalia,2008,0,Export Value
Somalia,2009,0,Export Value
Somalia,2013,0,Export Value
Somalia,1990,0,Export Value
Somalia,1991,0,Export Value
Somalia,1992,0,Export Value
Somalia,1993,0,Export Value
Somalia,1994,0,Export Value
Somalia,1995,0,Export Value
Somalia,2017,0,Export Value
Sudan,2015,0,Export Value
Sudan,2005,0,Export Value
Sudan,2006,0,Export Value
Sudan,2008,0,Export Value
Syria,1996,0,Export Value
Syria,1997,0,Export Value
Syria,1998,0,Export Value
Syria,1999,0,Export Value
Syria,2000,0,Export Value
Syria,2001,0,Export Value
Syria,2002,0,Export Value
Syria,2004,0,Export Value
Syria,1990,0,Export Value
Syria,1991,0,Export Value
Syria,1992,0,Export Value
Syria,1993,0,Export Value
Syria,1994,0,Export Value
Syria,1995,0,Export Value
Tajikistan,2014,0,Export Value
Tajikistan,2002,0,Export Value
Tajikistan,2004,0,Export Value
Tajikistan,2011,0,Export Value
Tajikistan,2012,0,Export Value
Tajikistan,2013,0,Export Value
Togo,1996,0,Export Value
Togo,1999,0,Export Value
Togo,2000,0,Export Value
Togo,2001,0,Export Value
Togo,2002,0,Export Value
Togo,2005,0,Export Value
Togo,1993,0,Export Value
Togo,1995,0,Export Value
Tonga,2014,0,Export Value
Tonga,2000,0,Export Value
Tonga,2012,0,Export Value
Tonga,2013,0,Export Value
Trinidad and Tobago,1994,0,Export Value
Tunisia,1991,0,Export Value
Turkmenistan,1998,0,Export Value
Turkmenistan,2002,0,Export Value
Turkmenistan,2003,0,Export Value
Turkmenistan,2004,0,Export Value
Turkmenistan,2005,0,Export Value
Turkmenistan,2006,0,Export Value
Turkmenistan,2008,0,Export Value
Turkmenistan,2009,0,Export Value
Turkmenistan,2010,0,Export Value
Turkmenistan,2011,0,Export Value
Turkmenistan,2012,0,Export Value
Turkmenistan,2013,0,Export Value
Turkmenistan,2017,0,Export Value
Tuvalu,2021,0,Export Value
Uganda,1996,0,Export Value
Uganda,1994,0,Export Value
Uganda,1995,0,Export Value
Uruguay,1996,0,Export Value
Uruguay,1990,0,Export Value
Uruguay,1993,0,Export Value
Uruguay,1994,0,Export Value
Uruguay,1995,0,Export Value
Uzbekistan,2014,0,Export Value
Uzbekistan,2001,0,Export Value
Uzbekistan,2006,0,Export Value
Uzbekistan,2008,0,Export Value
Uzbekistan,2009,0,Export Value
Uzbekistan,2010,0,Export Value
Uzbekistan,2011,0,Export Value
Uzbekistan,2012,0,Export Value
Uzbekistan,2013,0,Export Value
Vanuatu,2020,0,Export Value
Vanuatu,2011,0,Export Value
Vanuatu,2012,0,Export Value
Vanuatu,2013,0,Export Value
Venezuela,2015,0,Export Value
Venezuela,2019,0,Export Value
Venezuela,1998,0,Export Value
Venezuela,1999,0,Export Value
Venezuela,2001,0,Export Value
Venezuela,2003,0,Export Value
Venezuela,2004,0,Export Value
Venezuela,2005,0,Export Value
Venezuela,2008,0,Export Value
Venezuela,2009,0,Export Value
Venezuela,2010,0,Export Value
Venezuela,2011,0,Export Value
Venezuela,2012,0,Export Value
Yemen,1996,0,Export Value
Yemen,1997,0,Export Value
Yemen,1998,0,Export Value
Yemen,1990,0,Export Value
Yemen,1991,0,Export Value
Yemen,1992,0,Export Value
Yemen,1993,0,Export Value
Yemen,1994,0,Export Value
Yemen,1995,0,Export Value
Zambia,1990,0,Export Value
Zambia,1993,0,Export Value
Zambia,1994,0,Export Value
Antigua and Barbuda,1998,0,Import Quantity
Bangladesh,1990,0,Import Quantity
Bangladesh,1991,0,Import Quantity
Bangladesh,1992,0,Import Quantity
Bangladesh,1993,0,Import Quantity
Benin,2011,0,Import Quantity
Bhutan,2006,0,Import Quantity
Bhutan,2009,0,Import Quantity
Bhutan,2011,0,Import Quantity
Burundi,1998,0,Import Quantity
Burundi,1999,0,Import Quantity
Burundi,2001,0,Import Quantity
Burundi,2002,0,Import Quantity
Burundi,2003,0,Import Quantity
Burundi,2005,0,Import Quantity
Cambodia,1990,0,Import Quantity
Cambodia,1991,0,Import Quantity
Cambodia,1992,0,Import Quantity
Cambodia,1993,0,Import Quantity
Cambodia,1994,0,Import Quantity
Cambodia,1995,0,Import Quantity
Cameroon,1992,0,Import Quantity
Central African Republic,1996,0,Import Quantity
Central African Republic,1997,0,Import Quantity
Chad,1991,0,Import Quantity
Chad,1992,0,Import Quantity
Chad,1993,0,Import Quantity
Comoros,1990,0,Import Quantity
Comoros,1991,0,Import Quantity
Comoros,1992,0,Import Quantity
Comoros,1993,0,Import Quantity
Comoros,1994,0,Import Quantity
Comoros,1998,0,Import Quantity
Comoros,2009,0,Import Quantity
Comoros,2010,0,Import Quantity
Comoros,2012,0,Import Quantity
Comoros,2015,0,Import Quantity
DR Congo (Brazzaville),1990,0,Import Quantity
DR Congo (Brazzaville),1991,0,Import Quantity
DR Congo (Brazzaville),1992,0,Import Quantity
DR Congo (Brazzaville),1993,0,Import Quantity
Dominica,2010,0,Import Quantity
Dominica,2011,0,Import Quantity
Eritrea,1995,0,Import Quantity
Eritrea,2011,0,Import Quantity
Georgia,1998,0,Import Quantity
Guinea-Bissau,1991,0,Import Quantity
Guinea-Bissau,1992,0,Import Quantity
Guinea-Bissau,1993,0,Import Quantity
Guinea-Bissau,1994,0,Import Quantity
Guinea-Bissau,1995,0,Import Quantity
Guinea-Bissau,1996,0,Import Quantity
Guinea-Bissau,1997,0,Import Quantity
Guinea-Bissau,1998,0,Import Quantity
Guinea-Bissau,2001,0,Import Quantity
Guinea-Bissau,2005,0,Import Quantity
Haiti,1990,0,Import Quantity
Haiti,1991,0,Import Quantity
Haiti,1992,0,Import Quantity
Haiti,1993,0,Import Quantity
Haiti,1994,0,Import Quantity
Haiti,1995,0,Import Quantity
Haiti,1996,0,Import Quantity
Haiti,1997,0,Import Quantity
Haiti,1998,0,Import Quantity
Haiti,2000,0,Import Quantity
Haiti,2001,0,Import Quantity
Haiti,2003,0,Import Quantity
India,1990,0,Import Quantity
India,1991,0,Import Quantity
Laos,1990,0,Import Quantity
Laos,1991,0,Import Quantity
Laos,1992,0,Import Quantity
Laos,1993,0,Import Quantity
Laos,1994,0,Import Quantity
Laos,2002,0,Import Quantity
Laos,2003,0,Import Quantity
Lesotho,2003,0,Import Quantity
Lesotho,2004,0,Import Quantity
Lesotho,2005,0,Import Quantity
Lesotho,2006,0,Import Quantity
Lesotho,2007,0,Import Quantity
Lesotho,2008,0,Import Quantity
Lesotho,2009,0,Import Quantity
Lesotho,2010,0,Import Quantity
Lesotho,2011,0,Import Quantity
Lesotho,2012,0,Import Quantity
Malawi,1995,0,Import Quantity
Malawi,1996,0,Import Quantity
Mozambique,1990,0,Import Quantity
Mozambique,1991,0,Import Quantity
Mozambique,1992,0,Import Quantity
Mozambique,1993,0,Import Quantity
Mozambique,1994,0,Import Quantity
Mozambique,1995,0,Import Quantity
Mozambique,1996,0,Import Quantity
Mozambique,1997,0,Import Quantity
Mozambique,1998,0,Import Quantity
Mozambique,1999,0,Import Quantity
Mozambique,2000,0,Import Quantity
Mozambique,2001,0,Import Quantity
Myanmar,1990,0,Import Quantity
Myanmar,1992,0,Import Quantity
Myanmar,1993,0,Import Quantity
Myanmar,1994,0,Import Quantity
Myanmar,1995,0,Import Quantity
Nauru,1990,0,Import Quantity
Nauru,1991,0,Import Quantity
Nauru,1992,0,Import Quantity
Nauru,1993,0,Import Quantity
Nauru,1994,0,Import Quantity
Nauru,1995,0,Import Quantity
Nauru,1996,0,Import Quantity
Nauru,1997,0,Import Quantity
Nauru,1998,0,Import Quantity
Nauru,1999,0,Import Quantity
Nauru,2000,0,Import Quantity
Nauru,2001,0,Import Quantity
Nauru,2005,0,Import Quantity
Nicaragua,1990,0,Import Quantity
Niue,1990,0,Import Quantity
Niue,1991,0,Import Quantity
Niue,1992,0,Import Quantity
Niue,1993,0,Import Quantity
Niue,1994,0,Import Quantity
Niue,1995,0,Import Quantity
Niue,1996,0,Import Quantity
Niue,1997,0,Import Quantity
Niue,1998,0,Import Quantity
Niue,1999,0,Import Quantity
Niue,2000,0,Import Quantity
Niue,2001,0,Import Quantity
Niue,2002,0,Import Quantity
Niue,2003,0,Import Quantity
Niue,2004,0,Import Quantity
Niue,2005,0,Import Quantity
Niue,2006,0,Import Quantity
Niue,2019,0,Import Quantity
Peru,1997,0,Import Quantity
Rwanda,2001,0,Import Quantity
Rwanda,2002,0,Import Quantity
Rwanda,2003,0,Import Quantity
Sao Tome and Principe,1990,0,Import Quantity
Sao Tome and Principe,1991,0,Import Quantity
Sao Tome and Principe,1992,0,Import Quantity
Sao Tome and Principe,1993,0,Import Quantity
Sao Tome and Principe,1994,0,Import Quantity
Sao Tome and Principe,1995,0,Import Quantity
Sao Tome and Principe,1996,0,Import Quantity
Sao Tome and Principe,1997,0,Import Quantity
Sao Tome and Principe,1998,0,Import Quantity
Sao Tome and Principe,1999,0,Import Quantity
Sao Tome and Principe,2000,0,Import Quantity
Sao Tome and Principe,2001,0,Import Quantity
Sao Tome and Principe,2004,0,Import Quantity
Tanzania,1990,0,Import Quantity
Tanzania,1991,0,Import Quantity
Tanzania,1992,0,Import Quantity
Tanzania,1993,0,Import Quantity
Tanzania,1994,0,Import Quantity
Timor-Leste,2007,0,Import Quantity
Tuvalu,1990,0,Import Quantity
Tuvalu,1992,0,Import Quantity
Tuvalu,1997,0,Import Quantity
Tuvalu,2012,0,Import Quantity
Uganda,1990,0,Import Quantity
Uganda,1991,0,Import Quantity
Uganda,1992,0,Import Quantity
Uganda,1993,0,Import Quantity
Zambia,1993,0,Import Quantity
Bangladesh,1990,0,Import Value
Bangladesh,1991,0,Import Value
Bangladesh,1992,0,Import Value
Bangladesh,1993,0,Import Value
Benin,2011,0,Import Value
Bhutan,2009,0,Import Value
Bhutan,2011,0,Import Value
Burundi,2000,0,Import Value
Burundi,2002,0,Import Value
Burundi,2003,0,Import Value
Cambodia,1990,0,Import Value
Cambodia,1991,0,Import Value
Cambodia,1992,0,Import Value
Cambodia,1993,0,Import Value
Cambodia,1994,0,Import Value
Cambodia,1995,0,Import Value
Cameroon,1992,0,Import Value
Central African Republic,1996,0,Import Value
Central African Republic,1997,0,Import Value
Chad,1991,0,Import Value
Chad,1992,0,Import Value
Chad,1993,0,Import Value
Comoros,1990,0,Import Value
Comoros,1991,0,Import Value
Comoros,1992,0,Import Value
Comoros,1993,0,Import Value
Comoros,1994,0,Import Value
Comoros,2009,0,Import Value
Comoros,2010,0,Import Value
Comoros,2012,0,Import Value
DR Congo,1990,0,Import Value
DR Congo,1991,0,Import Value
DR Congo,1992,0,Import Value
DR Congo,1993,0,Import Value
Eritrea,1995,0,Import Value
Eritrea,2011,0,Import Value
Georgia,1998,0,Import Value
Guinea-Bissau,1991,0,Import Value
Guinea-Bissau,1992,0,Import Value
Guinea-Bissau,1993,0,Import Value
Guinea-Bissau,1994,0,Import Value
Guinea-Bissau,1995,0,Import Value
Guinea-Bissau,1996,0,Import Value
Guinea-Bissau,1997,0,Import Value
Guinea-Bissau,1998,0,Import Value
Guinea-Bissau,2001,0,Import Value
Haiti,1990,0,Import Value
Haiti,1991,0,Import Value
Haiti,1992,0,Import Value
Haiti,1993,0,Import Value
Haiti,1994,0,Import Value
Haiti,1995,0,Import Value
Haiti,1996,0,Import Value
Haiti,1997,0,Import Value
Haiti,1998,0,Import Value
Haiti,2001,0,Import Value
Haiti,2003,0,Import Value
India,1990,0,Import Value
India,1991,0,Import Value
Laos,1990,0,Import Value
Laos,1991,0,Import Value
Laos,1992,0,Import Value
Laos,1993,0,Import Value
Laos,2003,0,Import Value
Lesotho,2012,0,Import Value
Moldova,1993,0,Import Value
Mozambique,1990,0,Import Value
Mozambique,1991,0,Import Value
Mozambique,1992,0,Import Value
Mozambique,1993,0,Import Value
Mozambique,1994,0,Import Value
Mozambique,1995,0,Import Value
Mozambique,1996,0,Import Value
Mozambique,1997,0,Import Value
Mozambique,1998,0,Import Value
Mozambique,1999,0,Import Value
Mozambique,2000,0,Import Value
Mozambique,2001,0,Import Value
Myanmar,1990,0,Import Value
Myanmar,1992,0,Import Value
Myanmar,1993,0,Import Value
Myanmar,1994,0,Import Value
Myanmar,1995,0,Import Value
Nauru,1990,0,Import Value
Nauru,1991,0,Import Value
Nauru,1992,0,Import Value
Nauru,1993,0,Import Value
Nauru,1994,0,Import Value
Nauru,1995,0,Import Value
Nauru,1996,0,Import Value
Nauru,1997,0,Import Value
Nauru,1998,0,Import Value
Nauru,1999,0,Import Value
Nauru,2000,0,Import Value
Nauru,2001,0,Import Value
Nicaragua,1990,0,Import Value
Niue,1990,0,Import Value
Niue,1991,0,Import Value
Niue,1992,0,Import Value
Niue,1993,0,Import Value
Niue,1994,0,Import Value
Niue,1995,0,Import Value
Niue,1996,0,Import Value
Niue,1997,0,Import Value
Niue,1998,0,Import Value
Niue,1999,0,Import Value
Niue,2000,0,Import Value
Niue,2001,0,Import Value
Peru,1997,0,Import Value
Rwanda,2002,0,Import Value
Rwanda,2003,0,Import Value
Sao Tome and Principe,1990,0,Import Value
Sao Tome and Principe,1991,0,Import Value
Sao Tome and Principe,1992,0,Import Value
Sao Tome and Principe,1993,0,Import Value
Sao Tome and Principe,1994,0,Import Value
Sao Tome and Principe,1995,0,Import Value
Sao Tome and Principe,1996,0,Import Value
Sao Tome and Principe,1997,0,Import Value
Sao Tome and Principe,1998,0,Import Value
Sao Tome and Principe,1999,0,Import Value
Sao Tome and Principe,2000,0,Import Value
Sao Tome and Principe,2001,0,Import Value
Tanzania,1990,0,Import Value
Tanzania,1991,0,Import Value
Tanzania,1992,0,Import Value
Tanzania,1993,0,Import Value
Tanzania,1994,0,Import Value
Timor-Leste,2007,0,Import Value
Tuvalu,1990,0,Import Value
Tuvalu,1992,0,Import Value
Tuvalu,1997,0,Import Value
Uganda,1990,0,Import Value
Uganda,1991,0,Import Value
Uganda,1992,0,Import Value
Uganda,1993,0,Import Value
Zambia,1993,0,Import Value
Colombia,1991,0,Primary Production Quantity
Colombia,1992,0,Primary Production Quantity
Colombia,1993,0,Primary Production Quantity
Colombia,1994,0,Primary Production Quantity
Colombia,1995,0,Primary Production Quantity
Colombia,1996,0,Primary Production Quantity
Colombia,1997,0,Primary Production Quantity
Colombia,1998,0,Primary Production Quantity
Panama,1991,0,Primary Production Quantity
Panama,1992,0,Primary Production Quantity
Panama,1993,0,Primary Production Quantity
Panama,1994,0,Primary Production Quantity
Panama,1995,0,Primary Production Quantity
Panama,1996,0,Primary Production Quantity
Panama,1997,0,Primary Production Quantity
Panama,1998,0,Primary Production Quantity
Panama,1999,0,Primary Production Quantity
Panama,2000,0,Primary Production Quantity
Panama,2001,0,Primary Production Quantity
Panama,2002,0,Primary Production Quantity
Panama,2003,0,Primary Production Quantity
Panama,2004,0,Primary Production Quantity
Panama,2005,0,Primary Production Quantity
Panama,2006,0,Primary Production Quantity
Panama,2007,0,Primary Production Quantity
Panama,2008,0,Primary Production Quantity
Panama,2009,0,Primary Production Quantity
Panama,2010,0,Primary Production Quantity
Panama,2011,0,Primary Production Quantity
Panama,2012,0,Primary Production Quantity
Panama,2013,0,Primary Production Quantity
Panama,2014,0,Primary Production Quantity
Panama,2015,0,Primary Production Quantity
Panama,2016,0,Primary Production Quantity
Panama,2017,0,Primary Production Quantity
Panama,2018,0,Primary Production Quantity
Panama,2019,0,Primary Production Quantity
Panama,2020,0,Primary Production Quantity
Panama,2021,0,Primary Production Quantity
Argentina,2010,92417,Processed Production Quantity
Argentina,2011,92892,Processed Production Quantity
Argentina,2012,82813,Processed Production Quantity
Argentina,2013,80423,Processed Production Quantity
Argentina,2014,83043,Processed Production Quantity
Argentina,2015,82492,Processed Production Quantity
Argentina,2016,85015,Processed Production Quantity
Argentina,2017,81476,Processed Production Quantity
Argentina,2018,82781,Processed Production Quantity
Argentina,2019,83241,Processed Production Quantity
Argentina,2020,73890,Processed Production Quantity
Bangladesh,2010,60000,Processed Production Quantity
Bangladesh,2011,60500,Processed Production Quantity
Bangladesh,2012,62524,Processed Production Quantity
Bangladesh,2013,66259,Processed Production Quantity
Bangladesh,2014,63780,Processed Production Quantity
Bangladesh,2015,66101,Processed Production Quantity
Bangladesh,2016,64500,Processed Production Quantity
Bangladesh,2017,81850,Processed Production Quantity
Bangladesh,2018,78150,Processed Production Quantity
Bangladesh,2019,90685,Processed Production Quantity
Bangladesh,2020,89931,Processed Production Quantity
Burundi,2010,6740,Processed Production Quantity
Burundi,2011,7000,Processed Production Quantity
Burundi,2012,8700,Processed Production Quantity
Burundi,2013,9000,Processed Production Quantity
Burundi,2014,10000,Processed Production Quantity
Burundi,2015,10900,Processed Production Quantity
Burundi,2016,11000,Processed Production Quantity
Burundi,2017,10657,Processed Production Quantity
Burundi,2018,11367,Processed Production Quantity
Burundi,2019,11383,Processed Production Quantity
Burundi,2020,11300,Processed Production Quantity
China,2010,1450000,Processed Production Quantity
China,2011,1623000,Processed Production Quantity
China,2012,1789753,Processed Production Quantity
China,2013,1924457,Processed Production Quantity
China,2014,2095570,Processed Production Quantity
China,2015,2277000,Processed Production Quantity
China,2016,2313000,Processed Production Quantity
China,2017,2460400,Processed Production Quantity
China,2018,2610400,Processed Production Quantity
China,2019,2777200,Processed Production Quantity
China,2020,2931800,Processed Production Quantity
India,2010,991182,Processed Production Quantity
India,2011,1095460,Processed Production Quantity
India,2012,1135070,Processed Production Quantity
India,2013,1208780,Processed Production Quantity
India,2014,1207310,Processed Production Quantity
India,2015,1233140,Processed Production Quantity
India,2016,1250490,Processed Production Quantity
India,2017,1325050,Processed Production Quantity
India,2018,1338630,Processed Production Quantity
India,2019,1390080,Processed Production Quantity
India,2020,1260911,Processed Production Quantity
Indonesia,2010,150342,Processed Production Quantity
Indonesia,2011,146603,Processed Production Quantity
Indonesia,2012,143413,Processed Production Quantity
Indonesia,2013,145855,Processed Production Quantity
Indonesia,2014,154369,Processed Production Quantity
Indonesia,2015,132615,Processed Production Quantity
Indonesia,2016,144015,Processed Production Quantity
Indonesia,2017,146251,Processed Production Quantity
Indonesia,2018,140237,Processed Production Quantity
Indonesia,2019,128724,Processed Production Quantity
Indonesia,2020,144064,Processed Production Quantity
Iran,2010,28000,Processed Production Quantity
Iran,2011,29475,Processed Production Quantity
Iran,2012,26500,Processed Production Quantity
Iran,2013,26500,Processed Production Quantity
Iran,2014,26500,Processed Production Quantity
Iran,2015,26500,Processed Production Quantity
Iran,2016,31500,Processed Production Quantity
Iran,2017,33123,Processed Production Quantity
Iran,2018,34200,Processed Production Quantity
Iran,2019,35000,Processed Production Quantity
Iran,2020,34000,Processed Production Quantity
Japan,2010,85000,Processed Production Quantity
Japan,2011,82100,Processed Production Quantity
Japan,2012,85900,Processed Production Quantity
Japan,2013,84800,Processed Production Quantity
Japan,2014,83600,Processed Production Quantity
Japan,2015,79500,Processed Production Quantity
Japan,2016,80200,Processed Production Quantity
Japan,2017,82000,Processed Production Quantity
Japan,2018,86300,Processed Production Quantity
Japan,2019,81700,Processed Production Quantity
Japan,2020,69800,Processed Production Quantity
Kenya,2010,399006,Processed Production Quantity
Kenya,2011,377912,Processed Production Quantity
Kenya,2012,369400,Processed Production Quantity
Kenya,2013,432400,Processed Production Quantity
Kenya,2014,445105,Processed Production Quantity
Kenya,2015,399100,Processed Production Quantity
Kenya,2016,473000,Processed Production Quantity
Kenya,2017,439857,Processed Production Quantity
Kenya,2018,492990,Processed Production Quantity
Kenya,2019,458850,Processed Production Quantity
Kenya,2020,569500,Processed Production Quantity
Malawi,2010,51589,Processed Production Quantity
Malawi,2011,47006,Processed Production Quantity
Malawi,2012,42490,Processed Production Quantity
Malawi,2013,46460,Processed Production Quantity
Malawi,2014,45480,Processed Production Quantity
Malawi,2015,39447,Processed Production Quantity
Malawi,2016,43127,Processed Production Quantity
Malawi,2017,45582,Processed Production Quantity
Malawi,2018,50588,Processed Production Quantity
Malawi,2019,48193,Processed Production Quantity
Malawi,2020,45173,Processed Production Quantity
Mozambique,2010,6380,Processed Production Quantity
Mozambique,2011,6700,Processed Production Quantity
Mozambique,2012,5000,Processed Production Quantity
Mozambique,2013,6400,Processed Production Quantity
Mozambique,2014,6600,Processed Production Quantity
Mozambique,2015,6600,Processed Production Quantity
Mozambique,2016,6700,Processed Production Quantity
Mozambique,2017,6800,Processed Production Quantity
Mozambique,2018,7000,Processed Production Quantity
Mozambique,2019,7100,Processed Production Quantity
Mozambique,2020,6800,Processed Production Quantity
Myanmar,2010,21930,Processed Production Quantity
Myanmar,2011,23000,Processed Production Quantity
Myanmar,2012,23000,Processed Production Quantity
Myanmar,2013,23000,Processed Production Quantity
Myanmar,2014,23000,Processed Production Quantity
Myanmar,2015,23035,Processed Production Quantity
Myanmar,2016,23553,Processed Production Quantity
Myanmar,2017,24091,Processed Production Quantity
Myanmar,2018,24091,Processed Production Quantity
Myanmar,2019,24091,Processed Production Quantity
Myanmar,2020,23000,Processed Production Quantity
Nepal,2010,16607,Processed Production Quantity
Nepal,2011,17438,Processed Production Quantity
Nepal,2012,18726,Processed Production Quantity
Nepal,2013,20588,Processed Production Quantity
Nepal,2014,21394,Processed Production Quantity
Nepal,2015,21394,Processed Production Quantity
Nepal,2016,23821,Processed Production Quantity
Nepal,2017,24653,Processed Production Quantity
Nepal,2018,24803,Processed Production Quantity
Nepal,2019,25206,Processed Production Quantity
Nepal,2020,24118,Processed Production Quantity
Rwanda,2010,22249,Processed Production Quantity
Rwanda,2011,24066,Processed Production Quantity
Rwanda,2012,22503,Processed Production Quantity
Rwanda,2013,22185,Processed Production Quantity
Rwanda,2014,24751,Processed Production Quantity
Rwanda,2015,25410,Processed Production Quantity
Rwanda,2016,25628,Processed Production Quantity
Rwanda,2017,27887,Processed Production Quantity
Rwanda,2018,31068,Processed Production Quantity
Rwanda,2019,30444,Processed Production Quantity
Rwanda,2020,33645,Processed Production Quantity
Sri Lanka,2010,331400,Processed Production Quantity
Sri Lanka,2011,327500,Processed Production Quantity
Sri Lanka,2012,330000,Processed Production Quantity
Sri Lanka,2013,340230,Processed Production Quantity
Sri Lanka,2014,338032,Processed Production Quantity
Sri Lanka,2015,332090,Processed Production Quantity
Sri Lanka,2016,292574,Processed Production Quantity
Sri Lanka,2017,307720,Processed Production Quantity
Sri Lanka,2018,303840,Processed Production Quantity
Sri Lanka,2019,300120,Processed Production Quantity
Sri Lanka,2020,278489,Processed Production Quantity
Thailand,2010,14500,Processed Production Quantity
Thailand,2011,14664,Processed Production Quantity
Thailand,2012,14700,Processed Production Quantity
Thailand,2013,14900,Processed Production Quantity
Thailand,2014,15000,Processed Production Quantity
Thailand,2015,15000,Processed Production Quantity
Thailand,2016,15000,Processed Production Quantity
Thailand,2017,15000,Processed Production Quantity
Thailand,2018,15000,Processed Production Quantity
Thailand,2019,15000,Processed Production Quantity
Thailand,2020,15000,Processed Production Quantity
Türkiye,2010,235000,Processed Production Quantity
Türkiye,2011,221600,Processed Production Quantity
Türkiye,2012,225000,Processed Production Quantity
Türkiye,2013,236000,Processed Production Quantity
Türkiye,2014,253300,Processed Production Quantity
Türkiye,2015,265600,Processed Production Quantity
Türkiye,2016,270000,Processed Production Quantity
Türkiye,2017,260000,Processed Production Quantity
Türkiye,2018,296100,Processed Production Quantity
Türkiye,2019,281500,Processed Production Quantity
Türkiye,2020,283500,Processed Production Quantity
Uganda,2010,49182,Processed Production Quantity
Uganda,2011,35194,Processed Production Quantity
Uganda,2012,57939,Processed Production Quantity
Uganda,2013,60969,Processed Production Quantity
Uganda,2014,65373,Processed Production Quantity
Uganda,2015,58588,Processed Production Quantity
Uganda,2016,53887,Processed Production Quantity
Uganda,2017,50055,Processed Production Quantity
Uganda,2018,74247,Processed Production Quantity
Uganda,2019,60337,Processed Production Quantity
Uganda,2020,75692,Processed Production Quantity
Tanzania,2010,33160,Processed Production Quantity
Tanzania,2011,32000,Processed Production Quantity
Tanzania,2012,32812,Processed Production Quantity
Tanzania,2013,33700,Processed Production Quantity
Tanzania,2014,33500,Processed Production Quantity
Tanzania,2015,35749,Processed Production Quantity
Tanzania,2016,29571,Processed Production Quantity
Tanzania,2017,31814,Processed Production Quantity
Tanzania,2018,35170,Processed Production Quantity
Tanzania,2019,33664,Processed Production Quantity
Tanzania,2020,28715,Processed Production Quantity
Vietnam,2010,194000,Processed Production Quantity
Vietnam,2011,204400,Processed Production Quantity
Vietnam,2012,211500,Processed Production Quantity
Vietnam,2013,217700,Processed Production Quantity
Vietnam,2014,228400,Processed Production Quantity
Vietnam,2015,235500,Processed Production Quantity
Vietnam,2016,240400,Processed Production Quantity
Vietnam,2017,260600,Processed Production Quantity
Vietnam,2018,251400,Processed Production Quantity
Vietnam,2019,236600,Processed Production Quantity
Vietnam,2020,243100,Processed Production Quantity
Zimbabwe,2010,14000,Processed Production Quantity
Zimbabwe,2011,14293,Processed Production Quantity
Zimbabwe,2012,14622,Processed Production Quantity
Zimbabwe,2013,13500,Processed Production Quantity
Zimbabwe,2014,13500,Processed Production Quantity
Zimbabwe,2015,14000,Processed Production Quantity
Zimbabwe,2016,15200,Processed Production Quantity
Zimbabwe,2017,15500,Processed Production Quantity
Zimbabwe,2018,15700,Processed Production Quantity
Zimbabwe,2019,15200,Processed Production Quantity
Zimbabwe,2020,15000,Processed Production Quantity
Argentina,1991,50,Producer Price
Argentina,1992,50,Producer Price
Argentina,1993,63,Producer Price
Argentina,1994,56,Producer Price
Argentina,1995,42,Producer Price
Argentina,1996,53,Producer Price
Argentina,1997,51,Producer Price
Argentina,1998,70,Producer Price
Argentina,1999,47,Producer Price
Argentina,2000,46,Producer Price
Argentina,2001,40,Producer Price
Argentina,2006,70,Producer Price
Argentina,2007,69,Producer Price
Argentina,2008,67,Producer Price
Argentina,2009,56,Producer Price
Argentina,2010,92,Producer Price
Argentina,2011,108,Producer Price
Argentina,2012,128,Producer Price
Argentina,2013,137,Producer Price
Argentina,2014,104,Producer Price
Argentina,2015,100,Producer Price
Argentina,2016,78,Producer Price
Argentina,2017,91,Producer Price
Argentina,2018,59,Producer Price
Azerbaijan,1994,289,Producer Price
Azerbaijan,1995,285,Producer Price
Azerbaijan,1996,228,Producer Price
Azerbaijan,1997,235,Producer Price
Azerbaijan,1998,187,Producer Price
Azerbaijan,1999,103,Producer Price
Azerbaijan,2000,116,Producer Price
Azerbaijan,2001,157,Producer Price
Azerbaijan,2002,195,Producer Price
Azerbaijan,2003,221,Producer Price
Azerbaijan,2004,235,Producer Price
Azerbaijan,2005,284,Producer Price
Azerbaijan,2006,310,Producer Price
Azerbaijan,2007,382,Producer Price
Azerbaijan,2008,539,Producer Price
Azerbaijan,2009,622,Producer Price
Azerbaijan,2010,872,Producer Price
Azerbaijan,2011,1013,Producer Price
Azerbaijan,2012,1018,Producer Price
Azerbaijan,2013,1092,Producer Price
Azerbaijan,2014,1132,Producer Price
Azerbaijan,2015,921,Producer Price
Azerbaijan,2016,592,Producer Price
Azerbaijan,2017,552,Producer Price
Azerbaijan,2018,541,Producer Price
Azerbaijan,2019,600,Producer Price
Azerbaijan,2020,665,Producer Price
Bolivia,1991,204,Producer Price
Bolivia,1992,217,Producer Price
Bolivia,1993,206,Producer Price
Bolivia,1994,205,Producer Price
Bolivia,1995,214,Producer Price
Bolivia,1996,211,Producer Price
Bolivia,1997,213,Producer Price
Bolivia,1998,207,Producer Price
Bolivia,1999,202,Producer Price
Bolivia,2000,194,Producer Price
Bolivia,2001,183,Producer Price
Bolivia,2002,170,Producer Price
Bolivia,2003,161,Producer Price
Bolivia,2004,158,Producer Price
Bolivia,2005,158,Producer Price
Bolivia,2006,167,Producer Price
Bolivia,2007,180,Producer Price
Bolivia,2008,220,Producer Price
Bolivia,2009,238,Producer Price
Bolivia,2010,262,Producer Price
Bolivia,2011,252,Producer Price
Bolivia,2012,261,Producer Price
Bolivia,2013,267,Producer Price
Brazil,1991,75,Producer Price
Brazil,1992,31,Producer Price
Brazil,1993,80,Producer Price
Brazil,1994,92,Producer Price
Brazil,1995,776,Producer Price
Brazil,1996,777,Producer Price
Brazil,1997,725,Producer Price
Brazil,1998,125,Producer Price
Brazil,1999,71,Producer Price
Brazil,2000,88,Producer Price
Brazil,2001,75,Producer Price
Brazil,2018,208,Producer Price
Brazil,2019,198,Producer Price
Brazil,2020,158,Producer Price
Burundi,1991,143,Producer Price
Burundi,1992,125,Producer Price
Burundi,1993,107,Producer Price
Burundi,1994,103,Producer Price
Burundi,1995,132,Producer Price
Burundi,1996,116,Producer Price
Burundi,1997,99,Producer Price
Burundi,1998,78,Producer Price
Burundi,1999,115,Producer Price
Burundi,2000,104,Producer Price
Burundi,2001,90,Producer Price
Burundi,2002,81,Producer Price
Burundi,2003,92,Producer Price
Burundi,2004,91,Producer Price
Burundi,2005,102,Producer Price
Burundi,2006,107,Producer Price
Burundi,2007,102,Producer Price
Burundi,2008,93,Producer Price
Burundi,2009,106,Producer Price
Burundi,2010,114,Producer Price
Burundi,2011,174,Producer Price
Burundi,2012,173,Producer Price
Burundi,2013,161,Producer Price
Burundi,2014,162,Producer Price
Burundi,2015,197,Producer Price
Burundi,2017,174,Producer Price
Burundi,2018,157,Producer Price
Burundi,2019,136,Producer Price
"China, Mainland",1991,1253,Producer Price
"China, Mainland",1992,1362,Producer Price
"China, Mainland",1993,1449,Producer Price
"China, Mainland",1994,1078,Producer Price
"China, Mainland",1995,1340,Producer Price
"China, Mainland",1996,1376,Producer Price
"China, Mainland",1997,1254,Producer Price
"China, Mainland",1998,1256,Producer Price
"China, Mainland",1999,1218,Producer Price
"China, Mainland",2000,1222,Producer Price
"China, Mainland",2001,1098,Producer Price
"China, Mainland",2002,1273,Producer Price
"China, Mainland",2008,3640,Producer Price
"China, Mainland",2009,3880,Producer Price
"China, Mainland",2010,4077,Producer Price
"China, Mainland",2011,4404,Producer Price
"China, Mainland",2012,4382,Producer Price
"China, Mainland",2013,4820,Producer Price
"China, Mainland",2017,4662,Producer Price
"China, Mainland",2018,4782,Producer Price
Ecuador,2016,10000,Producer Price
Ecuador,2017,10000,Producer Price
Georgia,2006,151,Producer Price
Georgia,2007,36,Producer Price
Georgia,2008,90,Producer Price
Georgia,2009,140,Producer Price
India,2001,229,Producer Price
Indonesia,1991,658,Producer Price
Indonesia,1992,672,Producer Price
Indonesia,1993,660,Producer Price
Indonesia,1994,673,Producer Price
Indonesia,1995,765,Producer Price
Indonesia,1996,819,Producer Price
Indonesia,1997,713,Producer Price
Indonesia,1998,271,Producer Price
Indonesia,1999,400,Producer Price
Indonesia,2000,453,Producer Price
Indonesia,2001,385,Producer Price
Indonesia,2005,526,Producer Price
Indonesia,2006,517,Producer Price
Indonesia,2007,517,Producer Price
Indonesia,2008,516,Producer Price
Indonesia,2009,574,Producer Price
Indonesia,2010,656,Producer Price
Iran,1991,625,Producer Price
Iran,1992,588,Producer Price
Iran,1993,562,Producer Price
Iran,1994,467,Producer Price
Iran,1998,237,Producer Price
Iran,1999,228,Producer Price
Iran,2000,218,Producer Price
Iran,2001,221,Producer Price
Iran,2002,219,Producer Price
Iran,2003,187,Producer Price
Iran,2004,102,Producer Price
Iran,2005,201,Producer Price
Iran,2006,232,Producer Price
Iran,2007,236,Producer Price
Iran,2008,286,Producer Price
Iran,2009,328,Producer Price
Iran,2010,309,Producer Price
Iran,2011,364,Producer Price
Iran,2012,350,Producer Price
Iran,2013,476,Producer Price
Iran,2014,548,Producer Price
Iran,2015,603,Producer Price
Iran,2016,512,Producer Price
Iran,2017,552,Producer Price
Iran,2018,486,Producer Price
Iran,2019,672,Producer Price
Iran,2020,938,Producer Price
Japan,1991,12078,Producer Price
Japan,1992,15073,Producer Price
Japan,1993,18714,Producer Price
Japan,1994,15684,Producer Price
Japan,1995,26547,Producer Price
Japan,1996,26862,Producer Price
Japan,1997,17944,Producer Price
Japan,1998,14690,Producer Price
Japan,1999,26460,Producer Price
Japan,2000,23477,Producer Price
Japan,2001,19008,Producer Price
Japan,2002,14427,Producer Price
Japan,2003,16699,Producer Price
Japan,2004,18902,Producer Price
Japan,2005,17747,Producer Price
Japan,2006,15804,Producer Price
Japan,2007,15218,Producer Price
Japan,2008,14793,Producer Price
Japan,2009,14866,Producer Price
Japan,2010,18170,Producer Price
Japan,2011,21251,Producer Price
Japan,2012,19313,Producer Price
Japan,2013,16179,Producer Price
Japan,2014,14206,Producer Price
Japan,2015,12120,Producer Price
Japan,2016,13907,Producer Price
Japan,2017,16529,Producer Price
Japan,2018,14454,Producer Price
Japan,2019,13980,Producer Price
Japan,2020,12391,Producer Price
Kenya,1991,1399,Producer Price
Kenya,1992,908,Producer Price
Kenya,1993,1593,Producer Price
Kenya,1994,1561,Producer Price
Kenya,1995,1320,Producer Price
Kenya,1996,1385,Producer Price
Kenya,1997,1818,Producer Price
Kenya,1998,2203,Producer Price
Kenya,1999,1777,Producer Price
Kenya,2000,1998,Producer Price
Kenya,2001,1666,Producer Price
Kenya,2002,1478,Producer Price
Kenya,2003,1553,Producer Price
Kenya,2004,1604,Producer Price
Kenya,2005,1564,Producer Price
Kenya,2006,2017,Producer Price
Kenya,2007,1764,Producer Price
Kenya,2008,2315,Producer Price
Kenya,2009,2749,Producer Price
Kenya,2010,2782,Producer Price
Kenya,2011,2984,Producer Price
Kenya,2012,3210,Producer Price
Kenya,2013,2543,Producer Price
Kenya,2014,2168,Producer Price
Kenya,2015,3021,Producer Price
Kenya,2016,2437,Producer Price
Laos,1997,1349,Producer Price
Laos,1998,606,Producer Price
Laos,2011,2802,Producer Price
Laos,2012,2835,Producer Price
Laos,2013,2595,Producer Price
Madagascar,1992,59,Producer Price
Madagascar,1993,73,Producer Price
Madagascar,1994,57,Producer Price
Madagascar,1995,49,Producer Price
Madagascar,1999,80,Producer Price
Mali,1996,733,Producer Price
Mali,1997,900,Producer Price
Mali,1998,890,Producer Price
Mali,2004,2945,Producer Price
Mauritius,1992,257,Producer Price
Mauritius,1993,227,Producer Price
Mauritius,1994,223,Producer Price
Mauritius,1995,230,Producer Price
Mauritius,1996,310,Producer Price
Mauritius,1997,351,Producer Price
Mauritius,1998,368,Producer Price
Mauritius,1999,371,Producer Price
Mauritius,2000,366,Producer Price
Mauritius,2001,337,Producer Price
Mauritius,2002,332,Producer Price
Mauritius,2003,358,Producer Price
Mauritius,2004,362,Producer Price
Mauritius,2005,337,Producer Price
Mauritius,2006,338,Producer Price
Mauritius,2007,349,Producer Price
Mauritius,2008,440,Producer Price
Mauritius,2009,392,Producer Price
Mauritius,2010,407,Producer Price
Mauritius,2011,447,Producer Price
Mauritius,2012,431,Producer Price
Mauritius,2013,433,Producer Price
Mauritius,2014,434,Producer Price
Mauritius,2015,395,Producer Price
Mauritius,2016,409,Producer Price
Mauritius,2017,471,Producer Price
Mauritius,2018,524,Producer Price
Mauritius,2019,528,Producer Price
Mauritius,2020,495,Producer Price
Mexico,1991,195,Producer Price
Mexico,1992,181,Producer Price
Mexico,1993,207,Producer Price
Mexico,1994,178,Producer Price
Mexico,1995,94,Producer Price
Mexico,1996,92,Producer Price
Mexico,1998,110,Producer Price
Mexico,1999,105,Producer Price
Mexico,2000,123,Producer Price
Mexico,2001,207,Producer Price
Mexico,2002,212,Producer Price
Mexico,2003,214,Producer Price
Mexico,2004,214,Producer Price
Mexico,2005,239,Producer Price
Mexico,2006,252,Producer Price
Mexico,2007,305,Producer Price
Mexico,2008,226,Producer Price
Mexico,2009,241,Producer Price
Mexico,2010,250,Producer Price
Mexico,2011,114,Producer Price
Mexico,2012,494,Producer Price
Mexico,2014,123,Producer Price
Mexico,2015,95,Producer Price
Mexico,2016,80,Producer Price
Mexico,2017,72,Producer Price
Mexico,2018,69,Producer Price
Mexico,2019,81,Producer Price
Mexico,2020,67,Producer Price
Mozambique,1997,87,Producer Price
Mozambique,1998,84,Producer Price
Mozambique,1999,4820,Producer Price
Mozambique,2000,3995,Producer Price
Mozambique,2001,3065,Producer Price
Mozambique,2002,2609,Producer Price
Mozambique,2003,2583,Producer Price
Nepal,2001,220,Producer Price
Nepal,2002,270,Producer Price
Nepal,2003,260,Producer Price
Nepal,2004,246,Producer Price
Nepal,2005,311,Producer Price
Nepal,2006,330,Producer Price
Nepal,2007,383,Producer Price
Nepal,2008,382,Producer Price
Nepal,2009,348,Producer Price
Nepal,2010,396,Producer Price
Nepal,2011,438,Producer Price
Nepal,2012,393,Producer Price
Nepal,2013,371,Producer Price
Nepal,2014,401,Producer Price
Nepal,2015,451,Producer Price
Nepal,2016,447,Producer Price
Nepal,2017,475,Producer Price
Nepal,2018,407,Producer Price
Nepal,2019,454,Producer Price
Nepal,2020,508,Producer Price
Peru,1991,168,Producer Price
Peru,1992,193,Producer Price
Peru,1993,156,Producer Price
Peru,1994,196,Producer Price
Peru,1995,257,Producer Price
Peru,1996,139,Producer Price
Peru,1997,199,Producer Price
Peru,1998,212,Producer Price
Peru,1999,228,Producer Price
Peru,2000,244,Producer Price
Peru,2001,177,Producer Price
Peru,2002,128,Producer Price
Peru,2003,112,Producer Price
Peru,2004,120,Producer Price
Peru,2005,130,Producer Price
Peru,2006,147,Producer Price
Peru,2007,147,Producer Price
Peru,2008,168,Producer Price
Peru,2009,186,Producer Price
Peru,2010,184,Producer Price
Peru,2011,240,Producer Price
Peru,2012,265,Producer Price
Peru,2013,285,Producer Price
Peru,2014,303,Producer Price
Peru,2015,235,Producer Price
Peru,2016,201,Producer Price
Peru,2017,206,Producer Price
Peru,2018,196,Producer Price
Peru,2019,196,Producer Price
Peru,2020,191,Producer Price
Russia,2017,72627,Producer Price
Russia,2018,67615,Producer Price
Russia,2019,64362,Producer Price
Rwanda,1999,111,Producer Price
Rwanda,2000,95,Producer Price
Rwanda,2001,84,Producer Price
Rwanda,2002,95,Producer Price
Rwanda,2003,84,Producer Price
Rwanda,2004,97,Producer Price
Rwanda,2005,100,Producer Price
Rwanda,2006,122,Producer Price
Rwanda,2007,123,Producer Price
Rwanda,2008,123,Producer Price
Rwanda,2009,151,Producer Price
Rwanda,2010,154,Producer Price
Rwanda,2015,179,Producer Price
Seychelles,2014,12900,Producer Price
South Africa,1993,3868,Producer Price
South Africa,1994,3610,Producer Price
South Africa,1995,3802,Producer Price
South Africa,1996,3412,Producer Price
South Africa,1997,3184,Producer Price
South Africa,1998,2708,Producer Price
South Africa,1999,2074,Producer Price
South Africa,2000,1788,Producer Price
South Africa,2001,1703,Producer Price
South Africa,2002,1406,Producer Price
South Africa,2003,1600,Producer Price
South Africa,2004,1972,Producer Price
South Africa,2005,1977,Producer Price
South Africa,2006,1822,Producer Price
South Africa,2007,1778,Producer Price
South Africa,2008,1769,Producer Price
South Africa,2009,2260,Producer Price
South Africa,2010,2500,Producer Price
South Africa,2011,2658,Producer Price
South Africa,2012,2435,Producer Price
South Africa,2013,2014,Producer Price
South Africa,2014,1749,Producer Price
South Africa,2015,150,Producer Price
South Africa,2016,130,Producer Price
South Africa,2017,153,Producer Price
South Africa,2018,196,Producer Price
Sri Lanka,1991,1128,Producer Price
Sri Lanka,1992,1133,Producer Price
Sri Lanka,1993,1043,Producer Price
Sri Lanka,1994,1051,Producer Price
Sri Lanka,1995,1074,Producer Price
Sri Lanka,1996,1137,Producer Price
Sri Lanka,1997,1254,Producer Price
Sri Lanka,1998,1492,Producer Price
Sri Lanka,1999,254,Producer Price
Sri Lanka,2000,274,Producer Price
Sri Lanka,2001,236,Producer Price
Sri Lanka,2002,228,Producer Price
Sri Lanka,2003,218,Producer Price
Sri Lanka,2004,261,Producer Price
Sri Lanka,2005,270,Producer Price
Sri Lanka,2006,281,Producer Price
Sri Lanka,2007,369,Producer Price
Sri Lanka,2008,420,Producer Price
Sri Lanka,2009,459,Producer Price
Sri Lanka,2016,441,Producer Price
Sri Lanka,2017,598,Producer Price
Sri Lanka,2018,554,Producer Price
Sri Lanka,2019,468,Producer Price
Sri Lanka,2020,509,Producer Price
Türkiye,1991,258,Producer Price
Türkiye,1992,296,Producer Price
Türkiye,1993,296,Producer Price
Türkiye,1994,181,Producer Price
Türkiye,1995,225,Producer Price
Türkiye,1996,256,Producer Price
Türkiye,1997,288,Producer Price
Türkiye,1998,345,Producer Price
Türkiye,1999,310,Producer Price
Türkiye,2000,260,Producer Price
Türkiye,2001,204,Producer Price
Türkiye,2002,212,Producer Price
Türkiye,2003,266,Producer Price
Türkiye,2004,368,Producer Price
Türkiye,2005,387,Producer Price
Türkiye,2006,399,Producer Price
Türkiye,2007,491,Producer Price
Türkiye,2008,566,Producer Price
Türkiye,2009,510,Producer Price
Türkiye,2010,589,Producer Price
Türkiye,2011,585,Producer Price
Türkiye,2012,612,Producer Price
Türkiye,2013,646,Producer Price
Türkiye,2014,602,Producer Price
Türkiye,2015,581,Producer Price
Türkiye,2016,586,Producer Price
Türkiye,2017,548,Producer Price
Türkiye,2018,480,Producer Price
Türkiye,2019,511,Producer Price
Türkiye,2020,467,Producer Price
Vietnam,2000,1791,Producer Price
Vietnam,2001,1280,Producer Price
Vietnam,2002,1211,Producer Price
Vietnam,2003,1207,Producer Price
Vietnam,2004,1844,Producer Price
Vietnam,2005,2096,Producer Price
Vietnam,2006,1915,Producer Price
Vietnam,2007,153,Producer Price
Vietnam,2008,219,Producer Price
Vietnam,2009,247,Producer Price
Vietnam,2010,248,Producer Price
Vietnam,2011,276,Producer Price
Vietnam,2012,311,Producer Price
Vietnam,2013,318,Producer Price
Vietnam,2014,335,Producer Price
Vietnam,2015,343,Producer Price
Vietnam,2016,355,Producer Price
Vietnam,2017,365,Producer Price
Vietnam,2018,377,Producer Price
Vietnam,2019,417,Producer Price
Vietnam,2020,482,Producer Price
Argentina,1990,50505,Primary Production Quantity
Argentina,1991,200000,Primary Production Quantity
Argentina,1992,202000,Primary Production Quantity
Argentina,1993,238000,Primary Production Quantity
Argentina,1994,222000,Primary Production Quantity
Argentina,1995,224000,Primary Production Quantity
Argentina,1996,205000,Primary Production Quantity
Argentina,1997,235000,Primary Production Quantity
Argentina,1998,248000,Primary Production Quantity
Argentina,1999,243000,Primary Production Quantity
Argentina,2000,323000,Primary Production Quantity
Argentina,2001,309000,Primary Production Quantity
Argentina,2002,306000,Primary Production Quantity
Argentina,2003,304000,Primary Production Quantity
Argentina,2004,306000,Primary Production Quantity
Argentina,2005,295000,Primary Production Quantity
Argentina,2006,314000,Primary Production Quantity
Argentina,2007,330000,Primary Production Quantity
Argentina,2008,348000,Primary Production Quantity
Argentina,2009,312000,Primary Production Quantity
Argentina,2010,402000,Primary Production Quantity
Argentina,2011,404000,Primary Production Quantity
Argentina,2012,360000,Primary Production Quantity
Argentina,2013,350000,Primary Production Quantity
Argentina,2014,361000,Primary Production Quantity
Argentina,2015,359000,Primary Production Quantity
Argentina,2016,370000,Primary Production Quantity
Argentina,2017,354000,Primary Production Quantity
Argentina,2018,360000,Primary Production Quantity
Argentina,2019,362000,Primary Production Quantity
Argentina,2020,321000,Primary Production Quantity
Argentina,2021,339288,Primary Production Quantity
Azerbaijan,1992,22600,Primary Production Quantity
Azerbaijan,1993,24000,Primary Production Quantity
Azerbaijan,1994,19400,Primary Production Quantity
Azerbaijan,1995,9410,Primary Production Quantity
Azerbaijan,1996,3030,Primary Production Quantity
Azerbaijan,1997,1634,Primary Production Quantity
Azerbaijan,1998,863,Primary Production Quantity
Azerbaijan,1999,2730,Primary Production Quantity
Azerbaijan,2000,1082,Primary Production Quantity
Azerbaijan,2001,1424,Primary Production Quantity
Azerbaijan,2002,1440,Primary Production Quantity
Azerbaijan,2003,944,Primary Production Quantity
Azerbaijan,2004,1048,Primary Production Quantity
Azerbaijan,2005,737,Primary Production Quantity
Azerbaijan,2006,655,Primary Production Quantity
Azerbaijan,2007,484,Primary Production Quantity
Azerbaijan,2008,323,Primary Production Quantity
Azerbaijan,2009,447,Primary Production Quantity
Azerbaijan,2010,545,Primary Production Quantity
Azerbaijan,2011,534,Primary Production Quantity
Azerbaijan,2012,568,Primary Production Quantity
Azerbaijan,2013,568,Primary Production Quantity
Azerbaijan,2014,474,Primary Production Quantity
Azerbaijan,2015,579,Primary Production Quantity
Azerbaijan,2016,1016,Primary Production Quantity
Azerbaijan,2017,775,Primary Production Quantity
Azerbaijan,2018,869,Primary Production Quantity
Azerbaijan,2019,929,Primary Production Quantity
Azerbaijan,2020,932,Primary Production Quantity
Azerbaijan,2021,1178,Primary Production Quantity
Bangladesh,1990,39075,Primary Production Quantity
Bangladesh,1991,196000,Primary Production Quantity
Bangladesh,1992,198000,Primary Production Quantity
Bangladesh,1993,213000,Primary Production Quantity
Bangladesh,1994,220000,Primary Production Quantity
Bangladesh,1995,226000,Primary Production Quantity
Bangladesh,1996,207000,Primary Production Quantity
Bangladesh,1997,232000,Primary Production Quantity
Bangladesh,1998,220000,Primary Production Quantity
Bangladesh,1999,243000,Primary Production Quantity
Bangladesh,2000,200000,Primary Production Quantity
Bangladesh,2001,226000,Primary Production Quantity
Bangladesh,2002,252000,Primary Production Quantity
Bangladesh,2003,250000,Primary Production Quantity
Bangladesh,2004,250000,Primary Production Quantity
Bangladesh,2005,250000,Primary Production Quantity
Bangladesh,2006,252000,Primary Production Quantity
Bangladesh,2007,254000,Primary Production Quantity
Bangladesh,2008,257000,Primary Production Quantity
Bangladesh,2009,259000,Primary Production Quantity
Bangladesh,2010,261000,Primary Production Quantity
Bangladesh,2011,263000,Primary Production Quantity
Bangladesh,2012,272000,Primary Production Quantity
Bangladesh,2013,288000,Primary Production Quantity
Bangladesh,2014,277000,Primary Production Quantity
Bangladesh,2015,287000,Primary Production Quantity
Bangladesh,2016,280000,Primary Production Quantity
Bangladesh,2017,356000,Primary Production Quantity
Bangladesh,2018,340000,Primary Production Quantity
Bangladesh,2019,394000,Primary Production Quantity
Bangladesh,2020,391000,Primary Production Quantity
Bangladesh,2021,393000,Primary Production Quantity
Bolivia,1990,500,Primary Production Quantity
Bolivia,1991,540,Primary Production Quantity
Bolivia,1992,550,Primary Production Quantity
Bolivia,1993,590,Primary Production Quantity
Bolivia,1994,675,Primary Production Quantity
Bolivia,1995,690,Primary Production Quantity
Bolivia,1996,710,Primary Production Quantity
Bolivia,1997,735,Primary Production Quantity
Bolivia,1998,735,Primary Production Quantity
Bolivia,1999,810,Primary Production Quantity
Bolivia,2000,840,Primary Production Quantity
Bolivia,2001,840,Primary Production Quantity
Bolivia,2002,850,Primary Production Quantity
Bolivia,2003,850,Primary Production Quantity
Bolivia,2004,847,Primary Production Quantity
Bolivia,2005,866,Primary Production Quantity
Bolivia,2006,872,Primary Production Quantity
Bolivia,2007,889,Primary Production Quantity
Bolivia,2008,904,Primary Production Quantity
Bolivia,2009,1245,Primary Production Quantity
Bolivia,2010,1339,Primary Production Quantity
Bolivia,2011,1356,Primary Production Quantity
Bolivia,2012,1358,Primary Production Quantity
Bolivia,2013,1339,Primary Production Quantity
Bolivia,2014,1196,Primary Production Quantity
Bolivia,2015,1243,Primary Production Quantity
Bolivia,2016,1251,Primary Production Quantity
Bolivia,2017,1177,Primary Production Quantity
Bolivia,2018,1192,Primary Production Quantity
Bolivia,2019,1203,Primary Production Quantity
Bolivia,2020,1212,Primary Production Quantity
Bolivia,2021,1209,Primary Production Quantity
Brazil,1990,9813,Primary Production Quantity
Brazil,1991,10389,Primary Production Quantity
Brazil,1992,6019,Primary Production Quantity
Brazil,1993,10587,Primary Production Quantity
Brazil,1994,9807,Primary Production Quantity
Brazil,1995,8607,Primary Production Quantity
Brazil,1996,6181,Primary Production Quantity
Brazil,1997,6156,Primary Production Quantity
Brazil,1998,5807,Primary Production Quantity
Brazil,1999,7020,Primary Production Quantity
Brazil,2000,8400,Primary Production Quantity
Brazil,2001,8337,Primary Production Quantity
Brazil,2002,8687,Primary Production Quantity
Brazil,2003,5559,Primary Production Quantity
Brazil,2004,5347,Primary Production Quantity
Brazil,2005,4473,Primary Production Quantity
Brazil,2006,4052,Primary Production Quantity
Brazil,2007,1083,Primary Production Quantity
Brazil,2008,4752,Primary Production Quantity
Brazil,2009,4686,Primary Production Quantity
Brazil,2010,4278,Primary Production Quantity
Brazil,2011,3520,Primary Production Quantity
Brazil,2012,1496,Primary Production Quantity
Brazil,2013,763,Primary Production Quantity
Brazil,2014,1421,Primary Production Quantity
Brazil,2015,633,Primary Production Quantity
Brazil,2016,459,Primary Production Quantity
Brazil,2017,459,Primary Production Quantity
Brazil,2018,483,Primary Production Quantity
Brazil,2019,475,Primary Production Quantity
Brazil,2020,467,Primary Production Quantity
Brazil,2021,469,Primary Production Quantity
Burundi,1990,4040,Primary Production Quantity
Burundi,1991,23100,Primary Production Quantity
Burundi,1992,26000,Primary Production Quantity
Burundi,1993,24000,Primary Production Quantity
Burundi,1994,30000,Primary Production Quantity
Burundi,1995,30400,Primary Production Quantity
Burundi,1996,24500,Primary Production Quantity
Burundi,1997,18000,Primary Production Quantity
Burundi,1998,29000,Primary Production Quantity
Burundi,1999,30000,Primary Production Quantity
Burundi,2000,34060,Primary Production Quantity
Burundi,2001,44400,Primary Production Quantity
Burundi,2002,33234,Primary Production Quantity
Burundi,2003,35225,Primary Production Quantity
Burundi,2004,37523,Primary Production Quantity
Burundi,2005,39335,Primary Production Quantity
Burundi,2006,30836,Primary Production Quantity
Burundi,2007,33676,Primary Production Quantity
Burundi,2008,31787,Primary Production Quantity
Burundi,2009,31828,Primary Production Quantity
Burundi,2010,37875,Primary Production Quantity
Burundi,2011,40853,Primary Production Quantity
Burundi,2012,42147,Primary Production Quantity
Burundi,2013,41817,Primary Production Quantity
Burundi,2014,53893,Primary Production Quantity
Burundi,2015,53802,Primary Production Quantity
Burundi,2016,52701,Primary Production Quantity
Burundi,2017,46300,Primary Production Quantity
Burundi,2018,49500,Primary Production Quantity
Burundi,2019,49500,Primary Production Quantity
Burundi,2020,49000,Primary Production Quantity
Burundi,2021,50357,Primary Production Quantity
Cameroon,1990,2900,Primary Production Quantity
Cameroon,1991,3000,Primary Production Quantity
Cameroon,1992,3416,Primary Production Quantity
Cameroon,1993,3902,Primary Production Quantity
Cameroon,1994,3567,Primary Production Quantity
Cameroon,1995,3873,Primary Production Quantity
Cameroon,1996,3581,Primary Production Quantity
Cameroon,1997,4190,Primary Production Quantity
Cameroon,1998,3944,Primary Production Quantity
Cameroon,1999,4597,Primary Production Quantity
Cameroon,2000,4004,Primary Production Quantity
Cameroon,2001,4200,Primary Production Quantity
Cameroon,2002,4000,Primary Production Quantity
Cameroon,2003,3401,Primary Production Quantity
Cameroon,2004,4000,Primary Production Quantity
Cameroon,2005,4354,Primary Production Quantity
Cameroon,2006,4678,Primary Production Quantity
Cameroon,2007,4903,Primary Production Quantity
Cameroon,2008,5128,Primary Production Quantity
Cameroon,2009,6000,Primary Production Quantity
Cameroon,2010,5532,Primary Production Quantity
Cameroon,2011,5052,Primary Production Quantity
Cameroon,2012,5082,Primary Production Quantity
Cameroon,2013,5161,Primary Production Quantity
Cameroon,2014,5240,Primary Production Quantity
Cameroon,2015,5319,Primary Production Quantity
Cameroon,2016,5398,Primary Production Quantity
Cameroon,2017,5485,Primary Production Quantity
Cameroon,2018,5583,Primary Production Quantity
Cameroon,2019,5554,Primary Production Quantity
Cameroon,2020,5541,Primary Production Quantity
Cameroon,2021,5559,Primary Production Quantity
China,1990,540070,Primary Production Quantity
China,1991,2354700,Primary Production Quantity
China,1992,2434000,Primary Production Quantity
China,1993,2609000,Primary Production Quantity
China,1994,2558500,Primary Production Quantity
China,1995,2559000,Primary Production Quantity
China,1996,2580000,Primary Production Quantity
China,1997,2667000,Primary Production Quantity
China,1998,2891000,Primary Production Quantity
China,1999,2939000,Primary Production Quantity
China,2000,2971000,Primary Production Quantity
China,2001,3051000,Primary Production Quantity
China,2002,3241000,Primary Production Quantity
China,2003,3340000,Primary Production Quantity
China,2004,3631000,Primary Production Quantity
China,2005,4065000,Primary Production Quantity
China,2006,4470000,Primary Production Quantity
China,2007,5067000,Primary Production Quantity
China,2008,5468000,Primary Production Quantity
China,2009,5909000,Primary Production Quantity
China,2010,6304000,Primary Production Quantity
China,2011,7057000,Primary Production Quantity
China,2012,7782000,Primary Production Quantity
China,2013,8367000,Primary Production Quantity
China,2014,9111000,Primary Production Quantity
China,2015,9900000,Primary Production Quantity
China,2016,10057000,Primary Production Quantity
China,2017,10697000,Primary Production Quantity
China,2018,11350000,Primary Production Quantity
China,2019,12075000,Primary Production Quantity
China,2020,12747000,Primary Production Quantity
China,2021,13757000,Primary Production Quantity
Colombia,1999,100,Primary Production Quantity
Colombia,2000,72,Primary Production Quantity
Colombia,2001,120,Primary Production Quantity
Colombia,2002,120,Primary Production Quantity
Colombia,2003,120,Primary Production Quantity
Colombia,2004,120,Primary Production Quantity
Colombia,2005,120,Primary Production Quantity
Colombia,2006,120,Primary Production Quantity
Colombia,2007,120,Primary Production Quantity
Colombia,2008,120,Primary Production Quantity
Colombia,2009,134,Primary Production Quantity
Colombia,2010,134,Primary Production Quantity
Colombia,2011,134,Primary Production Quantity
Colombia,2012,134,Primary Production Quantity
Colombia,2013,125,Primary Production Quantity
Colombia,2014,144,Primary Production Quantity
Colombia,2015,149,Primary Production Quantity
Colombia,2016,149,Primary Production Quantity
Colombia,2017,132,Primary Production Quantity
Colombia,2018,157,Primary Production Quantity
Colombia,2019,159,Primary Production Quantity
Colombia,2020,170,Primary Production Quantity
Colombia,2021,223,Primary Production Quantity
DR Congo,1990,3114,Primary Production Quantity
DR Congo,1991,3250,Primary Production Quantity
DR Congo,1992,3120,Primary Production Quantity
DR Congo,1993,3352,Primary Production Quantity
DR Congo,1994,3405,Primary Production Quantity
DR Congo,1995,3418,Primary Production Quantity
DR Congo,1996,3431,Primary Production Quantity
DR Congo,1997,3433,Primary Production Quantity
DR Congo,1998,3328,Primary Production Quantity
DR Congo,1999,2183,Primary Production Quantity
DR Congo,2000,1879,Primary Production Quantity
DR Congo,2001,1615,Primary Production Quantity
DR Congo,2002,1389,Primary Production Quantity
DR Congo,2003,1560,Primary Production Quantity
DR Congo,2004,1560,Primary Production Quantity
DR Congo,2005,1570,Primary Production Quantity
DR Congo,2006,1760,Primary Production Quantity
DR Congo,2007,1760,Primary Production Quantity
DR Congo,2008,2220,Primary Production Quantity
DR Congo,2009,2489,Primary Production Quantity
DR Congo,2010,2479,Primary Production Quantity
DR Congo,2011,3129,Primary Production Quantity
DR Congo,2012,2889,Primary Production Quantity
DR Congo,2013,1911,Primary Production Quantity
DR Congo,2014,1656,Primary Production Quantity
DR Congo,2015,1447,Primary Production Quantity
DR Congo,2016,1272,Primary Production Quantity
DR Congo,2017,1152,Primary Production Quantity
DR Congo,2018,4407,Primary Production Quantity
DR Congo,2019,4427,Primary Production Quantity
DR Congo,2020,4446,Primary Production Quantity
DR Congo,2021,4055,Primary Production Quantity
Ecuador,1990,2428,Primary Production Quantity
Ecuador,1991,2036,Primary Production Quantity
Ecuador,1992,1574,Primary Production Quantity
Ecuador,1993,1489,Primary Production Quantity
Ecuador,1994,1762,Primary Production Quantity
Ecuador,1995,1836,Primary Production Quantity
Ecuador,1996,2228,Primary Production Quantity
Ecuador,1997,1866,Primary Production Quantity
Ecuador,1998,1572,Primary Production Quantity
Ecuador,1999,1572,Primary Production Quantity
Ecuador,2000,1211,Primary Production Quantity
Ecuador,2001,1320,Primary Production Quantity
Ecuador,2002,815,Primary Production Quantity
Ecuador,2003,1086,Primary Production Quantity
Ecuador,2004,1166,Primary Production Quantity
Ecuador,2005,1855,Primary Production Quantity
Ecuador,2006,1870,Primary Production Quantity
Ecuador,2007,1925,Primary Production Quantity
Ecuador,2008,1950,Primary Production Quantity
Ecuador,2009,1819,Primary Production Quantity
Ecuador,2010,1608,Primary Production Quantity
Ecuador,2011,1605,Primary Production Quantity
Ecuador,2012,1596,Primary Production Quantity
Ecuador,2013,1598,Primary Production Quantity
Ecuador,2014,1609,Primary Production Quantity
Ecuador,2015,1624,Primary Production Quantity
Ecuador,2016,1642,Primary Production Quantity
Ecuador,2017,1606,Primary Production Quantity
Ecuador,2018,1624,Primary Production Quantity
Ecuador,2019,1624,Primary Production Quantity
Ecuador,2020,1618,Primary Production Quantity
Ecuador,2021,1622,Primary Production Quantity
El Salvador,1990,20,Primary Production Quantity
El Salvador,1991,20,Primary Production Quantity
El Salvador,1992,10,Primary Production Quantity
El Salvador,1993,20,Primary Production Quantity
El Salvador,1994,50,Primary Production Quantity
El Salvador,1995,50,Primary Production Quantity
El Salvador,1996,70,Primary Production Quantity
El Salvador,1997,130,Primary Production Quantity
El Salvador,1998,200,Primary Production Quantity
El Salvador,1999,200,Primary Production Quantity
El Salvador,2000,300,Primary Production Quantity
El Salvador,2001,350,Primary Production Quantity
El Salvador,2002,250,Primary Production Quantity
El Salvador,2003,250,Primary Production Quantity
El Salvador,2004,260,Primary Production Quantity
El Salvador,2005,270,Primary Production Quantity
El Salvador,2006,270,Primary Production Quantity
El Salvador,2007,500,Primary Production Quantity
El Salvador,2008,2200,Primary Production Quantity
El Salvador,2009,500,Primary Production Quantity
El Salvador,2010,450,Primary Production Quantity
El Salvador,2011,450,Primary Production Quantity
El Salvador,2012,460,Primary Production Quantity
El Salvador,2013,475,Primary Production Quantity
El Salvador,2014,646,Primary Production Quantity
El Salvador,2015,718,Primary Production Quantity
El Salvador,2016,620,Primary Production Quantity
El Salvador,2017,693,Primary Production Quantity
El Salvador,2018,677,Primary Production Quantity
El Salvador,2019,629,Primary Production Quantity
El Salvador,2020,631,Primary Production Quantity
El Salvador,2021,632,Primary Production Quantity
Ethiopia,1990,500,Primary Production Quantity
Ethiopia,1991,550,Primary Production Quantity
Ethiopia,1992,600,Primary Production Quantity
Ethiopia,1993,1700,Primary Production Quantity
Ethiopia,1994,1800,Primary Production Quantity
Ethiopia,1995,1900,Primary Production Quantity
Ethiopia,1996,1954,Primary Production Quantity
Ethiopia,1997,2000,Primary Production Quantity
Ethiopia,1998,2700,Primary Production Quantity
Ethiopia,1999,3608,Primary Production Quantity
Ethiopia,2000,3776,Primary Production Quantity
Ethiopia,2001,3973,Primary Production Quantity
Ethiopia,2002,3900,Primary Production Quantity
Ethiopia,2003,4360,Primary Production Quantity
Ethiopia,2004,4400,Primary Production Quantity
Ethiopia,2005,4800,Primary Production Quantity
Ethiopia,2006,5330,Primary Production Quantity
Ethiopia,2007,5700,Primary Production Quantity
Ethiopia,2008,5400,Primary Production Quantity
Ethiopia,2009,6534,Primary Production Quantity
Ethiopia,2010,7566,Primary Production Quantity
Ethiopia,2011,8974,Primary Production Quantity
Ethiopia,2012,9933,Primary Production Quantity
Ethiopia,2013,9930,Primary Production Quantity
Ethiopia,2014,10137,Primary Production Quantity
Ethiopia,2015,10420,Primary Production Quantity
Ethiopia,2016,10647,Primary Production Quantity
Ethiopia,2017,10401,Primary Production Quantity
Ethiopia,2018,10489,Primary Production Quantity
Ethiopia,2019,10512,Primary Production Quantity
Ethiopia,2020,10468,Primary Production Quantity
Ethiopia,2021,10490,Primary Production Quantity
Georgia,1992,50000,Primary Production Quantity
Georgia,1993,77000,Primary Production Quantity
Georgia,1994,61700,Primary Production Quantity
Georgia,1995,38500,Primary Production Quantity
Georgia,1996,34000,Primary Production Quantity
Georgia,1997,33200,Primary Production Quantity
Georgia,1998,47234,Primary Production Quantity
Georgia,1999,60330,Primary Production Quantity
Georgia,2000,24000,Primary Production Quantity
Georgia,2001,23000,Primary Production Quantity
Georgia,2002,24000,Primary Production Quantity
Georgia,2003,24457,Primary Production Quantity
Georgia,2004,20000,Primary Production Quantity
Georgia,2005,22755,Primary Production Quantity
Georgia,2006,6600,Primary Production Quantity
Georgia,2007,7500,Primary Production Quantity
Georgia,2008,5400,Primary Production Quantity
Georgia,2009,5800,Primary Production Quantity
Georgia,2010,3500,Primary Production Quantity
Georgia,2011,2900,Primary Production Quantity
Georgia,2012,2600,Primary Production Quantity
Georgia,2013,3300,Primary Production Quantity
Georgia,2014,1800,Primary Production Quantity
Georgia,2015,2100,Primary Production Quantity
Georgia,2016,3000,Primary Production Quantity
Georgia,2017,2300,Primary Production Quantity
Georgia,2018,1700,Primary Production Quantity
Georgia,2019,2000,Primary Production Quantity
Georgia,2020,2400,Primary Production Quantity
Georgia,2021,2900,Primary Production Quantity
Guatemala,1990,460,Primary Production Quantity
Guatemala,1991,450,Primary Production Quantity
Guatemala,1992,432,Primary Production Quantity
Guatemala,1993,440,Primary Production Quantity
Guatemala,1994,432,Primary Production Quantity
Guatemala,1995,450,Primary Production Quantity
Guatemala,1996,429,Primary Production Quantity
Guatemala,1997,425,Primary Production Quantity
Guatemala,1998,433,Primary Production Quantity
Guatemala,1999,460,Primary Production Quantity
Guatemala,2000,450,Primary Production Quantity
Guatemala,2001,103,Primary Production Quantity
Guatemala,2002,143,Primary Production Quantity
Guatemala,2003,176,Primary Production Quantity
Guatemala,2004,147,Primary Production Quantity
Guatemala,2005,266,Primary Production Quantity
Guatemala,2006,281,Primary Production Quantity
Guatemala,2007,649,Primary Production Quantity
Guatemala,2008,679,Primary Production Quantity
Guatemala,2009,639,Primary Production Quantity
Guatemala,2010,628,Primary Production Quantity
Guatemala,2011,432,Primary Production Quantity
Guatemala,2012,420,Primary Production Quantity
Guatemala,2013,437,Primary Production Quantity
Guatemala,2014,526,Primary Production Quantity
Guatemala,2015,553,Primary Production Quantity
Guatemala,2016,558,Primary Production Quantity
Guatemala,2017,546,Primary Production Quantity
Guatemala,2018,552,Primary Production Quantity
Guatemala,2019,552,Primary Production Quantity
Guatemala,2020,550,Primary Production Quantity
Guatemala,2021,552,Primary Production Quantity
India,1990,688100,Primary Production Quantity
India,1991,3132000,Primary Production Quantity
India,1992,3279000,Primary Production Quantity
India,1993,3060000,Primary Production Quantity
India,1994,3274000,Primary Production Quantity
India,1995,3278000,Primary Production Quantity
India,1996,3287000,Primary Production Quantity
India,1997,3391000,Primary Production Quantity
India,1998,3522000,Primary Production Quantity
India,1999,3800000,Primary Production Quantity
India,2000,3591000,Primary Production Quantity
India,2001,3683000,Primary Production Quantity
India,2002,3713000,Primary Production Quantity
India,2003,3678000,Primary Production Quantity
India,2004,3822000,Primary Production Quantity
India,2005,3943000,Primary Production Quantity
India,2006,4126000,Primary Production Quantity
India,2007,4230000,Primary Production Quantity
India,2008,4291000,Primary Production Quantity
India,2009,4229000,Primary Production Quantity
India,2010,4309000,Primary Production Quantity
India,2011,4763000,Primary Production Quantity
India,2012,4935000,Primary Production Quantity
India,2013,5256000,Primary Production Quantity
India,2014,5249000,Primary Production Quantity
India,2015,5361000,Primary Production Quantity
India,2016,5437000,Primary Production Quantity
India,2017,5761000,Primary Production Quantity
India,2018,5820000,Primary Production Quantity
India,2019,6044000,Primary Production Quantity
India,2020,5482000,Primary Production Quantity
India,2021,5482186,Primary Production Quantity
Indonesia,1990,155919,Primary Production Quantity
Indonesia,1991,607000,Primary Production Quantity
Indonesia,1992,668000,Primary Production Quantity
Indonesia,1993,717000,Primary Production Quantity
Indonesia,1994,605000,Primary Production Quantity
Indonesia,1995,670000,Primary Production Quantity
Indonesia,1996,723000,Primary Production Quantity
Indonesia,1997,668000,Primary Production Quantity
Indonesia,1998,725000,Primary Production Quantity
Indonesia,1999,700000,Primary Production Quantity
Indonesia,2000,707000,Primary Production Quantity
Indonesia,2001,726000,Primary Production Quantity
Indonesia,2002,718000,Primary Production Quantity
Indonesia,2003,738000,Primary Production Quantity
Indonesia,2004,727000,Primary Production Quantity
Indonesia,2005,727000,Primary Production Quantity
Indonesia,2006,639000,Primary Production Quantity
Indonesia,2007,655000,Primary Production Quantity
Indonesia,2008,669000,Primary Production Quantity
Indonesia,2009,682000,Primary Production Quantity
Indonesia,2010,654000,Primary Production Quantity
Indonesia,2011,637000,Primary Production Quantity
Indonesia,2012,624000,Primary Production Quantity
Indonesia,2013,634000,Primary Production Quantity
Indonesia,2014,671000,Primary Production Quantity
Indonesia,2015,577000,Primary Production Quantity
Indonesia,2016,626000,Primary Production Quantity
Indonesia,2017,636000,Primary Production Quantity
Indonesia,2018,610000,Primary Production Quantity
Indonesia,2019,560000,Primary Production Quantity
Indonesia,2020,626000,Primary Production Quantity
Indonesia,2021,563000,Primary Production Quantity
Iran,1990,37091,Primary Production Quantity
Iran,1991,248234,Primary Production Quantity
Iran,1992,245338,Primary Production Quantity
Iran,1993,254288,Primary Production Quantity
Iran,1994,248228,Primary Production Quantity
Iran,1995,242642,Primary Production Quantity
Iran,1996,277188,Primary Production Quantity
Iran,1997,309342,Primary Production Quantity
Iran,1998,270443,Primary Production Quantity
Iran,1999,275381,Primary Production Quantity
Iran,2000,222652,Primary Production Quantity
Iran,2001,228393,Primary Production Quantity
Iran,2002,212538,Primary Production Quantity
Iran,2003,212168,Primary Production Quantity
Iran,2004,134179,Primary Production Quantity
Iran,2005,197270,Primary Production Quantity
Iran,2006,112802,Primary Production Quantity
Iran,2007,162737,Primary Production Quantity
Iran,2008,141160,Primary Production Quantity
Iran,2009,130714,Primary Production Quantity
Iran,2010,121041,Primary Production Quantity
Iran,2011,112084,Primary Production Quantity
Iran,2012,103890,Primary Production Quantity
Iran,2013,97475,Primary Production Quantity
Iran,2014,72277,Primary Production Quantity
Iran,2015,196957,Primary Production Quantity
Iran,2016,123662,Primary Production Quantity
Iran,2017,100580,Primary Production Quantity
Iran,2018,99245,Primary Production Quantity
Iran,2019,90832,Primary Production Quantity
Iran,2020,84966,Primary Production Quantity
Iran,2021,83473,Primary Production Quantity
Japan,1990,89900,Primary Production Quantity
Japan,1991,87800,Primary Production Quantity
Japan,1992,92100,Primary Production Quantity
Japan,1993,92100,Primary Production Quantity
Japan,1994,86300,Primary Production Quantity
Japan,1995,84800,Primary Production Quantity
Japan,1996,88600,Primary Production Quantity
Japan,1997,91200,Primary Production Quantity
Japan,1998,82600,Primary Production Quantity
Japan,1999,88500,Primary Production Quantity
Japan,2000,85000,Primary Production Quantity
Japan,2001,85000,Primary Production Quantity
Japan,2002,84000,Primary Production Quantity
Japan,2003,91900,Primary Production Quantity
Japan,2004,100700,Primary Production Quantity
Japan,2005,100000,Primary Production Quantity
Japan,2006,91800,Primary Production Quantity
Japan,2007,94100,Primary Production Quantity
Japan,2008,96500,Primary Production Quantity
Japan,2009,86000,Primary Production Quantity
Japan,2010,85000,Primary Production Quantity
Japan,2011,82100,Primary Production Quantity
Japan,2012,85900,Primary Production Quantity
Japan,2013,84800,Primary Production Quantity
Japan,2014,83600,Primary Production Quantity
Japan,2015,79500,Primary Production Quantity
Japan,2016,80200,Primary Production Quantity
Japan,2017,82000,Primary Production Quantity
Japan,2018,86300,Primary Production Quantity
Japan,2019,81700,Primary Production Quantity
Japan,2020,69800,Primary Production Quantity
Japan,2021,78100,Primary Production Quantity
Kenya,1990,197000,Primary Production Quantity
Kenya,1991,885000,Primary Production Quantity
Kenya,1992,818000,Primary Production Quantity
Kenya,1993,918000,Primary Production Quantity
Kenya,1994,911000,Primary Production Quantity
Kenya,1995,1063000,Primary Production Quantity
Kenya,1996,1118000,Primary Production Quantity
Kenya,1997,960000,Primary Production Quantity
Kenya,1998,1279000,Primary Production Quantity
Kenya,1999,1081000,Primary Production Quantity
Kenya,2000,1027000,Primary Production Quantity
Kenya,2001,1281000,Primary Production Quantity
Kenya,2002,1248000,Primary Production Quantity
Kenya,2003,1277000,Primary Production Quantity
Kenya,2004,1411000,Primary Production Quantity
Kenya,2005,1428000,Primary Production Quantity
Kenya,2006,1350000,Primary Production Quantity
Kenya,2007,1607000,Primary Production Quantity
Kenya,2008,1503000,Primary Production Quantity
Kenya,2009,1366000,Primary Production Quantity
Kenya,2010,1735000,Primary Production Quantity
Kenya,2011,1643000,Primary Production Quantity
Kenya,2012,1606000,Primary Production Quantity
Kenya,2013,1880000,Primary Production Quantity
Kenya,2014,1935000,Primary Production Quantity
Kenya,2015,1735000,Primary Production Quantity
Kenya,2016,2057000,Primary Production Quantity
Kenya,2017,1912000,Primary Production Quantity
Kenya,2018,2143000,Primary Production Quantity
Kenya,2019,1995000,Primary Production Quantity
Kenya,2020,2476000,Primary Production Quantity
Kenya,2021,2338000,Primary Production Quantity
Laos,1990,1616,Primary Production Quantity
Laos,1991,1705,Primary Production Quantity
Laos,1992,1000,Primary Production Quantity
Laos,1993,1475,Primary Production Quantity
Laos,1994,1943,Primary Production Quantity
Laos,1995,764,Primary Production Quantity
Laos,1996,101,Primary Production Quantity
Laos,1997,110,Primary Production Quantity
Laos,1998,260,Primary Production Quantity
Laos,1999,350,Primary Production Quantity
Laos,2000,307,Primary Production Quantity
Laos,2001,160,Primary Production Quantity
Laos,2002,172,Primary Production Quantity
Laos,2003,225,Primary Production Quantity
Laos,2004,320,Primary Production Quantity
Laos,2005,300,Primary Production Quantity
Laos,2006,153,Primary Production Quantity
Laos,2007,260,Primary Production Quantity
Laos,2008,560,Primary Production Quantity
Laos,2009,1165,Primary Production Quantity
Laos,2010,2600,Primary Production Quantity
Laos,2011,3580,Primary Production Quantity
Laos,2012,3975,Primary Production Quantity
Laos,2013,6105,Primary Production Quantity
Laos,2014,7935,Primary Production Quantity
Laos,2015,6295,Primary Production Quantity
Laos,2016,7300,Primary Production Quantity
Laos,2017,7660,Primary Production Quantity
Laos,2018,8055,Primary Production Quantity
Laos,2019,8496,Primary Production Quantity
Laos,2020,9984,Primary Production Quantity
Laos,2021,10719,Primary Production Quantity
Madagascar,1990,280,Primary Production Quantity
Madagascar,1991,333,Primary Production Quantity
Madagascar,1992,290,Primary Production Quantity
Madagascar,1993,400,Primary Production Quantity
Madagascar,1994,300,Primary Production Quantity
Madagascar,1995,337,Primary Production Quantity
Madagascar,1996,340,Primary Production Quantity
Madagascar,1997,320,Primary Production Quantity
Madagascar,1998,312,Primary Production Quantity
Madagascar,1999,400,Primary Production Quantity
Madagascar,2000,490,Primary Production Quantity
Madagascar,2001,441,Primary Production Quantity
Madagascar,2002,516,Primary Production Quantity
Madagascar,2003,570,Primary Production Quantity
Madagascar,2004,365,Primary Production Quantity
Madagascar,2005,351,Primary Production Quantity
Madagascar,2006,353,Primary Production Quantity
Madagascar,2007,374,Primary Production Quantity
Madagascar,2008,246,Primary Production Quantity
Madagascar,2009,309,Primary Production Quantity
Madagascar,2010,381,Primary Production Quantity
Madagascar,2011,380,Primary Production Quantity
Madagascar,2012,382,Primary Production Quantity
Madagascar,2013,383,Primary Production Quantity
Madagascar,2014,384,Primary Production Quantity
Madagascar,2015,385,Primary Production Quantity
Madagascar,2016,386,Primary Production Quantity
Madagascar,2017,390,Primary Production Quantity
Madagascar,2018,394,Primary Production Quantity
Madagascar,2019,397,Primary Production Quantity
Madagascar,2020,400,Primary Production Quantity
Madagascar,2021,403,Primary Production Quantity
Malawi,1990,38921,Primary Production Quantity
Malawi,1991,176000,Primary Production Quantity
Malawi,1992,122000,Primary Production Quantity
Malawi,1993,172000,Primary Production Quantity
Malawi,1994,153000,Primary Production Quantity
Malawi,1995,149000,Primary Production Quantity
Malawi,1996,151000,Primary Production Quantity
Malawi,1997,129000,Primary Production Quantity
Malawi,1998,175000,Primary Production Quantity
Malawi,1999,167000,Primary Production Quantity
Malawi,2000,184000,Primary Production Quantity
Malawi,2001,160000,Primary Production Quantity
Malawi,2002,170000,Primary Production Quantity
Malawi,2003,181000,Primary Production Quantity
Malawi,2004,218000,Primary Production Quantity
Malawi,2005,165000,Primary Production Quantity
Malawi,2006,196000,Primary Production Quantity
Malawi,2007,209000,Primary Production Quantity
Malawi,2008,181000,Primary Production Quantity
Malawi,2009,229000,Primary Production Quantity
Malawi,2010,224000,Primary Production Quantity
Malawi,2011,204000,Primary Production Quantity
Malawi,2012,185000,Primary Production Quantity
Malawi,2013,202000,Primary Production Quantity
Malawi,2014,198000,Primary Production Quantity
Malawi,2015,172000,Primary Production Quantity
Malawi,2016,188000,Primary Production Quantity
Malawi,2017,198000,Primary Production Quantity
Malawi,2018,220000,Primary Production Quantity
Malawi,2019,210000,Primary Production Quantity
Malawi,2020,196000,Primary Production Quantity
Malawi,2021,205351,Primary Production Quantity
Malaysia,1990,6200,Primary Production Quantity
Malaysia,1991,7000,Primary Production Quantity
Malaysia,1992,5900,Primary Production Quantity
Malaysia,1993,6000,Primary Production Quantity
Malaysia,1994,5400,Primary Production Quantity
Malaysia,1995,6000,Primary Production Quantity
Malaysia,1996,6000,Primary Production Quantity
Malaysia,1997,6000,Primary Production Quantity
Malaysia,1998,4600,Primary Production Quantity
Malaysia,1999,5900,Primary Production Quantity
Malaysia,2000,5642,Primary Production Quantity
Malaysia,2001,5413,Primary Production Quantity
Malaysia,2002,5100,Primary Production Quantity
Malaysia,2003,4125,Primary Production Quantity
Malaysia,2004,3900,Primary Production Quantity
Malaysia,2005,2850,Primary Production Quantity
Malaysia,2006,6213,Primary Production Quantity
Malaysia,2007,5540,Primary Production Quantity
Malaysia,2008,9548,Primary Production Quantity
Malaysia,2009,7223,Primary Production Quantity
Malaysia,2010,19738,Primary Production Quantity
Malaysia,2011,16632,Primary Production Quantity
Malaysia,2012,14711,Primary Production Quantity
Malaysia,2013,12094,Primary Production Quantity
Malaysia,2014,11923,Primary Production Quantity
Malaysia,2015,11130,Primary Production Quantity
Malaysia,2016,11708,Primary Production Quantity
Malaysia,2017,10385,Primary Production Quantity
Malaysia,2018,10808,Primary Production Quantity
Malaysia,2019,6621,Primary Production Quantity
Malaysia,2020,9395,Primary Production Quantity
Malaysia,2021,7078,Primary Production Quantity
Mali,1990,159,Primary Production Quantity
Mali,1991,92,Primary Production Quantity
Mali,1992,115,Primary Production Quantity
Mali,1993,277,Primary Production Quantity
Mali,1994,196,Primary Production Quantity
Mali,1995,202,Primary Production Quantity
Mali,1996,69,Primary Production Quantity
Mali,1997,50,Primary Production Quantity
Mali,1998,60,Primary Production Quantity
Mali,1999,76,Primary Production Quantity
Mali,2000,75,Primary Production Quantity
Mali,2001,50,Primary Production Quantity
Mali,2002,70,Primary Production Quantity
Mali,2003,90,Primary Production Quantity
Mali,2004,110,Primary Production Quantity
Mali,2005,135,Primary Production Quantity
Mali,2006,135,Primary Production Quantity
Mali,2007,135,Primary Production Quantity
Mali,2008,122,Primary Production Quantity
Mali,2009,119,Primary Production Quantity
Mali,2010,109,Primary Production Quantity
Mali,2011,104,Primary Production Quantity
Mali,2012,99,Primary Production Quantity
Mali,2013,89,Primary Production Quantity
Mali,2014,89,Primary Production Quantity
Mali,2015,89,Primary Production Quantity
Mali,2016,96,Primary Production Quantity
Mali,2017,91,Primary Production Quantity
Mali,2018,92,Primary Production Quantity
Mali,2019,93,Primary Production Quantity
Mali,2020,92,Primary Production Quantity
Mali,2021,92,Primary Production Quantity
Mauritius,1990,5751,Primary Production Quantity
Mauritius,1991,5918,Primary Production Quantity
Mauritius,1992,5845,Primary Production Quantity
Mauritius,1993,5931,Primary Production Quantity
Mauritius,1994,5089,Primary Production Quantity
Mauritius,1995,3785,Primary Production Quantity
Mauritius,1996,2497,Primary Production Quantity
Mauritius,1997,1787,Primary Production Quantity
Mauritius,1998,1488,Primary Production Quantity
Mauritius,1999,1473,Primary Production Quantity
Mauritius,2000,1312,Primary Production Quantity
Mauritius,2001,1517,Primary Production Quantity
Mauritius,2002,1381,Primary Production Quantity
Mauritius,2003,1436,Primary Production Quantity
Mauritius,2004,1482,Primary Production Quantity
Mauritius,2005,1387,Primary Production Quantity
Mauritius,2006,1567,Primary Production Quantity
Mauritius,2007,1563,Primary Production Quantity
Mauritius,2008,1668,Primary Production Quantity
Mauritius,2009,1481,Primary Production Quantity
Mauritius,2010,1467,Primary Production Quantity
Mauritius,2011,1787,Primary Production Quantity
Mauritius,2012,1577,Primary Production Quantity
Mauritius,2013,1563,Primary Production Quantity
Mauritius,2014,1504,Primary Production Quantity
Mauritius,2015,1295,Primary Production Quantity
Mauritius,2016,1353,Primary Production Quantity
Mauritius,2017,1379,Primary Production Quantity
Mauritius,2018,1470,Primary Production Quantity
Mauritius,2019,1583,Primary Production Quantity
Mauritius,2020,1083,Primary Production Quantity
Mauritius,2021,1097,Primary Production Quantity
Montenegro,2006,100,Primary Production Quantity
Montenegro,2007,100,Primary Production Quantity
Montenegro,2008,100,Primary Production Quantity
Montenegro,2009,100,Primary Production Quantity
Montenegro,2010,100,Primary Production Quantity
Montenegro,2011,100,Primary Production Quantity
Montenegro,2012,100,Primary Production Quantity
Montenegro,2013,100,Primary Production Quantity
Montenegro,2014,100,Primary Production Quantity
Montenegro,2015,100,Primary Production Quantity
Montenegro,2016,100,Primary Production Quantity
Montenegro,2017,100,Primary Production Quantity
Montenegro,2018,100,Primary Production Quantity
Montenegro,2019,100,Primary Production Quantity
Montenegro,2020,100,Primary Production Quantity
Montenegro,2021,100,Primary Production Quantity
Mozambique,1990,4000,Primary Production Quantity
Mozambique,1991,4941,Primary Production Quantity
Mozambique,1992,4000,Primary Production Quantity
Mozambique,1993,7000,Primary Production Quantity
Mozambique,1994,9000,Primary Production Quantity
Mozambique,1995,4000,Primary Production Quantity
Mozambique,1996,7000,Primary Production Quantity
Mozambique,1997,7000,Primary Production Quantity
Mozambique,1998,7000,Primary Production Quantity
Mozambique,1999,8000,Primary Production Quantity
Mozambique,2000,10466,Primary Production Quantity
Mozambique,2001,9029,Primary Production Quantity
Mozambique,2002,12579,Primary Production Quantity
Mozambique,2003,12690,Primary Production Quantity
Mozambique,2004,15127,Primary Production Quantity
Mozambique,2005,16000,Primary Production Quantity
Mozambique,2006,16256,Primary Production Quantity
Mozambique,2007,16256,Primary Production Quantity
Mozambique,2008,16866,Primary Production Quantity
Mozambique,2009,30000,Primary Production Quantity
Mozambique,2010,28995,Primary Production Quantity
Mozambique,2011,27000,Primary Production Quantity
Mozambique,2012,22000,Primary Production Quantity
Mozambique,2013,25428,Primary Production Quantity
Mozambique,2014,28840,Primary Production Quantity
Mozambique,2015,32000,Primary Production Quantity
Mozambique,2016,32000,Primary Production Quantity
Mozambique,2017,32000,Primary Production Quantity
Mozambique,2018,31000,Primary Production Quantity
Mozambique,2019,32000,Primary Production Quantity
Mozambique,2020,30000,Primary Production Quantity
Mozambique,2021,30657,Primary Production Quantity
Myanmar,1990,14900,Primary Production Quantity
Myanmar,1991,47300,Primary Production Quantity
Myanmar,1992,50200,Primary Production Quantity
Myanmar,1993,53700,Primary Production Quantity
Myanmar,1994,51900,Primary Production Quantity
Myanmar,1995,52400,Primary Production Quantity
Myanmar,1996,54600,Primary Production Quantity
Myanmar,1997,65800,Primary Production Quantity
Myanmar,1998,60500,Primary Production Quantity
Myanmar,1999,61700,Primary Production Quantity
Myanmar,2000,63000,Primary Production Quantity
Myanmar,2001,67200,Primary Production Quantity
Myanmar,2002,69200,Primary Production Quantity
Myanmar,2003,73400,Primary Production Quantity
Myanmar,2004,75600,Primary Production Quantity
Myanmar,2005,79000,Primary Production Quantity
Myanmar,2006,83000,Primary Production Quantity
Myanmar,2007,87000,Primary Production Quantity
Myanmar,2008,90000,Primary Production Quantity
Myanmar,2009,92600,Primary Production Quantity
Myanmar,2010,94500,Primary Production Quantity
Myanmar,2011,92500,Primary Production Quantity
Myanmar,2012,94600,Primary Production Quantity
Myanmar,2013,96300,Primary Production Quantity
Myanmar,2014,98600,Primary Production Quantity
Myanmar,2015,100150,Primary Production Quantity
Myanmar,2016,102404,Primary Production Quantity
Myanmar,2017,104746,Primary Production Quantity
Myanmar,2018,143571,Primary Production Quantity
Myanmar,2019,132494,Primary Production Quantity
Myanmar,2020,112404,Primary Production Quantity
Myanmar,2021,115848,Primary Production Quantity
Nepal,1990,1249,Primary Production Quantity
Nepal,1991,6000,Primary Production Quantity
Nepal,1992,7000,Primary Production Quantity
Nepal,1993,9000,Primary Production Quantity
Nepal,1994,10000,Primary Production Quantity
Nepal,1995,11000,Primary Production Quantity
Nepal,1996,12000,Primary Production Quantity
Nepal,1997,13000,Primary Production Quantity
Nepal,1998,13000,Primary Production Quantity
Nepal,1999,20000,Primary Production Quantity
Nepal,2000,22000,Primary Production Quantity
Nepal,2001,29000,Primary Production Quantity
Nepal,2002,33000,Primary Production Quantity
Nepal,2003,36000,Primary Production Quantity
Nepal,2004,51000,Primary Production Quantity
Nepal,2005,54000,Primary Production Quantity
Nepal,2006,57000,Primary Production Quantity
Nepal,2007,66000,Primary Production Quantity
Nepal,2008,70000,Primary Production Quantity
Nepal,2009,70000,Primary Production Quantity
Nepal,2010,72000,Primary Production Quantity
Nepal,2011,76000,Primary Production Quantity
Nepal,2012,81000,Primary Production Quantity
Nepal,2013,90000,Primary Production Quantity
Nepal,2014,93000,Primary Production Quantity
Nepal,2015,93000,Primary Production Quantity
Nepal,2016,104000,Primary Production Quantity
Nepal,2017,107000,Primary Production Quantity
Nepal,2018,108000,Primary Production Quantity
Nepal,2019,110000,Primary Production Quantity
Nepal,2020,105000,Primary Production Quantity
Nepal,2021,103000,Primary Production Quantity
Panama,1990,196,Primary Production Quantity
Papua New Guinea,1990,6985,Primary Production Quantity
Papua New Guinea,1991,8500,Primary Production Quantity
Papua New Guinea,1992,9000,Primary Production Quantity
Papua New Guinea,1993,8700,Primary Production Quantity
Papua New Guinea,1994,8500,Primary Production Quantity
Papua New Guinea,1995,4699,Primary Production Quantity
Papua New Guinea,1996,5113,Primary Production Quantity
Papua New Guinea,1997,5156,Primary Production Quantity
Papua New Guinea,1998,7260,Primary Production Quantity
Papua New Guinea,1999,6200,Primary Production Quantity
Papua New Guinea,2000,6200,Primary Production Quantity
Papua New Guinea,2001,6100,Primary Production Quantity
Papua New Guinea,2002,6200,Primary Production Quantity
Papua New Guinea,2003,6400,Primary Production Quantity
Papua New Guinea,2004,6500,Primary Production Quantity
Papua New Guinea,2005,6600,Primary Production Quantity
Papua New Guinea,2006,6600,Primary Production Quantity
Papua New Guinea,2007,6500,Primary Production Quantity
Papua New Guinea,2008,6000,Primary Production Quantity
Papua New Guinea,2009,6400,Primary Production Quantity
Papua New Guinea,2010,6217,Primary Production Quantity
Papua New Guinea,2011,5779,Primary Production Quantity
Papua New Guinea,2012,5664,Primary Production Quantity
Papua New Guinea,2013,5587,Primary Production Quantity
Papua New Guinea,2014,5528,Primary Production Quantity
Papua New Guinea,2015,5481,Primary Production Quantity
Papua New Guinea,2016,5441,Primary Production Quantity
Papua New Guinea,2017,5468,Primary Production Quantity
Papua New Guinea,2018,5590,Primary Production Quantity
Papua New Guinea,2019,5608,Primary Production Quantity
Papua New Guinea,2020,5580,Primary Production Quantity
Papua New Guinea,2021,5551,Primary Production Quantity
Peru,1990,1648,Primary Production Quantity
Peru,1991,1648,Primary Production Quantity
Peru,1992,1394,Primary Production Quantity
Peru,1993,1743,Primary Production Quantity
Peru,1994,7155,Primary Production Quantity
Peru,1995,5510,Primary Production Quantity
Peru,1996,9403,Primary Production Quantity
Peru,1997,10431,Primary Production Quantity
Peru,1998,7397,Primary Production Quantity
Peru,1999,6964,Primary Production Quantity
Peru,2000,6259,Primary Production Quantity
Peru,2001,6478,Primary Production Quantity
Peru,2002,6349,Primary Production Quantity
Peru,2003,5634,Primary Production Quantity
Peru,2004,1548,Primary Production Quantity
Peru,2005,4236,Primary Production Quantity
Peru,2006,4820,Primary Production Quantity
Peru,2007,3597,Primary Production Quantity
Peru,2008,4009,Primary Production Quantity
Peru,2009,3169,Primary Production Quantity
Peru,2010,3214,Primary Production Quantity
Peru,2011,3158,Primary Production Quantity
Peru,2012,3434,Primary Production Quantity
Peru,2013,4319,Primary Production Quantity
Peru,2014,3874,Primary Production Quantity
Peru,2015,3785,Primary Production Quantity
Peru,2016,3307,Primary Production Quantity
Peru,2017,2177,Primary Production Quantity
Peru,2018,1085,Primary Production Quantity
Peru,2019,1600,Primary Production Quantity
Peru,2020,1645,Primary Production Quantity
Peru,2021,1707,Primary Production Quantity
Portugal,1990,184,Primary Production Quantity
Portugal,1991,129,Primary Production Quantity
Portugal,1992,69,Primary Production Quantity
Portugal,1993,21,Primary Production Quantity
Portugal,1994,40,Primary Production Quantity
Portugal,1995,82,Primary Production Quantity
Portugal,1996,63,Primary Production Quantity
Portugal,1997,25,Primary Production Quantity
Portugal,1998,24,Primary Production Quantity
Portugal,1999,120,Primary Production Quantity
Portugal,2000,102,Primary Production Quantity
Portugal,2001,106,Primary Production Quantity
Portugal,2002,105,Primary Production Quantity
Portugal,2003,116,Primary Production Quantity
Portugal,2004,125,Primary Production Quantity
Portugal,2005,112,Primary Production Quantity
Portugal,2006,115,Primary Production Quantity
Portugal,2007,125,Primary Production Quantity
Portugal,2008,125,Primary Production Quantity
Portugal,2009,125,Primary Production Quantity
Portugal,2010,120,Primary Production Quantity
Portugal,2011,70,Primary Production Quantity
Portugal,2012,57,Primary Production Quantity
Portugal,2013,58,Primary Production Quantity
Portugal,2014,62,Primary Production Quantity
Portugal,2015,89,Primary Production Quantity
Portugal,2016,84,Primary Production Quantity
Portugal,2017,78,Primary Production Quantity
Russia,1990,135700,Primary Production Quantity
Russia,1991,119700,Primary Production Quantity
Russia,1992,7240,Primary Production Quantity
Russia,1993,7630,Primary Production Quantity
Russia,1994,3960,Primary Production Quantity
Russia,1995,4350,Primary Production Quantity
Russia,1996,2380,Primary Production Quantity
Russia,1997,1630,Primary Production Quantity
Russia,1998,1480,Primary Production Quantity
Russia,1999,1930,Primary Production Quantity
Russia,2000,1520,Primary Production Quantity
Russia,2001,1240,Primary Production Quantity
Russia,2002,1290,Primary Production Quantity
Russia,2003,870,Primary Production Quantity
Russia,2004,1240,Primary Production Quantity
Russia,2005,1260,Primary Production Quantity
Russia,2006,1150,Primary Production Quantity
Russia,2007,630,Primary Production Quantity
Russia,2008,820,Primary Production Quantity
Russia,2009,630,Primary Production Quantity
Russia,2010,370,Primary Production Quantity
Russia,2011,267,Primary Production Quantity
Russia,2012,90,Primary Production Quantity
Russia,2013,90,Primary Production Quantity
Russia,2014,222,Primary Production Quantity
Russia,2015,246,Primary Production Quantity
Russia,2016,449,Primary Production Quantity
Russia,2017,554,Primary Production Quantity
Russia,2018,504,Primary Production Quantity
Russia,2019,298,Primary Production Quantity
Russia,2020,342,Primary Production Quantity
Russia,2021,229,Primary Production Quantity
Rwanda,1990,12854,Primary Production Quantity
Rwanda,1991,59000,Primary Production Quantity
Rwanda,1992,59000,Primary Production Quantity
Rwanda,1993,49000,Primary Production Quantity
Rwanda,1994,18000,Primary Production Quantity
Rwanda,1995,24000,Primary Production Quantity
Rwanda,1996,39000,Primary Production Quantity
Rwanda,1997,58000,Primary Production Quantity
Rwanda,1998,65000,Primary Production Quantity
Rwanda,1999,56000,Primary Production Quantity
Rwanda,2000,63000,Primary Production Quantity
Rwanda,2001,77000,Primary Production Quantity
Rwanda,2002,65000,Primary Production Quantity
Rwanda,2003,67000,Primary Production Quantity
Rwanda,2004,63000,Primary Production Quantity
Rwanda,2005,72000,Primary Production Quantity
Rwanda,2006,74000,Primary Production Quantity
Rwanda,2007,89000,Primary Production Quantity
Rwanda,2008,87000,Primary Production Quantity
Rwanda,2009,89000,Primary Production Quantity
Rwanda,2010,97000,Primary Production Quantity
Rwanda,2011,105000,Primary Production Quantity
Rwanda,2012,98000,Primary Production Quantity
Rwanda,2013,96000,Primary Production Quantity
Rwanda,2014,108000,Primary Production Quantity
Rwanda,2015,110000,Primary Production Quantity
Rwanda,2016,111000,Primary Production Quantity
Rwanda,2017,121000,Primary Production Quantity
Rwanda,2018,135000,Primary Production Quantity
Rwanda,2019,134378,Primary Production Quantity
Rwanda,2020,140005,Primary Production Quantity
Rwanda,2021,149627,Primary Production Quantity
Réunion,1990,359,Primary Production Quantity
Réunion,1991,360,Primary Production Quantity
Réunion,1992,370,Primary Production Quantity
Réunion,1993,389,Primary Production Quantity
Réunion,1994,403,Primary Production Quantity
Réunion,1995,417,Primary Production Quantity
Réunion,1996,431,Primary Production Quantity
Réunion,1997,445,Primary Production Quantity
Réunion,1998,460,Primary Production Quantity
Réunion,1999,475,Primary Production Quantity
Réunion,2000,491,Primary Production Quantity
Réunion,2001,507,Primary Production Quantity
Réunion,2002,524,Primary Production Quantity
Réunion,2003,541,Primary Production Quantity
Réunion,2004,560,Primary Production Quantity
Réunion,2005,580,Primary Production Quantity
Réunion,2006,601,Primary Production Quantity
Seychelles,1990,219,Primary Production Quantity
Seychelles,1991,241,Primary Production Quantity
Seychelles,1992,224,Primary Production Quantity
Seychelles,1993,246,Primary Production Quantity
Seychelles,1994,246,Primary Production Quantity
Seychelles,1995,226,Primary Production Quantity
Seychelles,1996,223,Primary Production Quantity
Seychelles,1997,270,Primary Production Quantity
Seychelles,1998,250,Primary Production Quantity
Seychelles,1999,236,Primary Production Quantity
Seychelles,2000,246,Primary Production Quantity
Seychelles,2001,231,Primary Production Quantity
Seychelles,2002,222,Primary Production Quantity
Seychelles,2003,261,Primary Production Quantity
Seychelles,2004,214,Primary Production Quantity
Seychelles,2005,219,Primary Production Quantity
Seychelles,2006,189,Primary Production Quantity
Seychelles,2007,222,Primary Production Quantity
Seychelles,2008,137,Primary Production Quantity
Seychelles,2009,63,Primary Production Quantity
Seychelles,2010,49,Primary Production Quantity
Seychelles,2011,38,Primary Production Quantity
Seychelles,2012,28,Primary Production Quantity
Seychelles,2013,21,Primary Production Quantity
Seychelles,2014,27,Primary Production Quantity
Seychelles,2015,16,Primary Production Quantity
Seychelles,2016,17,Primary Production Quantity
Seychelles,2017,13,Primary Production Quantity
Seychelles,2018,10,Primary Production Quantity
Seychelles,2019,11,Primary Production Quantity
Seychelles,2020,9,Primary Production Quantity
Seychelles,2021,8,Primary Production Quantity
South Africa,1990,12441,Primary Production Quantity
South Africa,1991,11128,Primary Production Quantity
South Africa,1992,9801,Primary Production Quantity
South Africa,1993,10532,Primary Production Quantity
South Africa,1994,11316,Primary Production Quantity
South Africa,1995,11975,Primary Production Quantity
South Africa,1996,9062,Primary Production Quantity
South Africa,1997,8207,Primary Production Quantity
South Africa,1998,13010,Primary Production Quantity
South Africa,1999,12077,Primary Production Quantity
South Africa,2000,12514,Primary Production Quantity
South Africa,2001,12671,Primary Production Quantity
South Africa,2002,12500,Primary Production Quantity
South Africa,2003,12143,Primary Production Quantity
South Africa,2004,4279,Primary Production Quantity
South Africa,2005,21780,Primary Production Quantity
South Africa,2006,3328,Primary Production Quantity
South Africa,2007,6333,Primary Production Quantity
South Africa,2008,3290,Primary Production Quantity
South Africa,2009,1743,Primary Production Quantity
South Africa,2010,1647,Primary Production Quantity
South Africa,2011,1795,Primary Production Quantity
South Africa,2012,870,Primary Production Quantity
South Africa,2013,2171,Primary Production Quantity
South Africa,2014,1990,Primary Production Quantity
South Africa,2015,1858,Primary Production Quantity
South Africa,2016,1716,Primary Production Quantity
South Africa,2017,1854,Primary Production Quantity
South Africa,2018,1809,Primary Production Quantity
South Africa,2019,1793,Primary Production Quantity
South Africa,2020,1819,Primary Production Quantity
South Africa,2021,1807,Primary Production Quantity
South Korea,1990,254,Primary Production Quantity
South Korea,1991,726,Primary Production Quantity
South Korea,1992,700,Primary Production Quantity
South Korea,1993,734,Primary Production Quantity
South Korea,1994,765,Primary Production Quantity
South Korea,1995,699,Primary Production Quantity
South Korea,1996,947,Primary Production Quantity
South Korea,1997,1000,Primary Production Quantity
South Korea,1998,1470,Primary Production Quantity
South Korea,1999,1109,Primary Production Quantity
South Korea,2000,1434,Primary Production Quantity
South Korea,2001,1351,Primary Production Quantity
South Korea,2002,1477,Primary Production Quantity
South Korea,2003,1500,Primary Production Quantity
South Korea,2004,1500,Primary Production Quantity
South Korea,2005,1400,Primary Production Quantity
South Korea,2006,1400,Primary Production Quantity
South Korea,2007,1300,Primary Production Quantity
South Korea,2008,2200,Primary Production Quantity
South Korea,2009,2400,Primary Production Quantity
South Korea,2010,2312,Primary Production Quantity
South Korea,2011,2166,Primary Production Quantity
South Korea,2012,2178,Primary Production Quantity
South Korea,2013,2224,Primary Production Quantity
South Korea,2014,2271,Primary Production Quantity
South Korea,2015,2318,Primary Production Quantity
South Korea,2016,2365,Primary Production Quantity
South Korea,2017,2318,Primary Production Quantity
South Korea,2018,2334,Primary Production Quantity
South Korea,2019,2339,Primary Production Quantity
South Korea,2020,2330,Primary Production Quantity
South Korea,2021,2334,Primary Production Quantity
Sri Lanka,1990,233165,Primary Production Quantity
Sri Lanka,1991,1047000,Primary Production Quantity
Sri Lanka,1992,778000,Primary Production Quantity
Sri Lanka,1993,1008000,Primary Production Quantity
Sri Lanka,1994,1053000,Primary Production Quantity
Sri Lanka,1995,1069000,Primary Production Quantity
Sri Lanka,1996,1124000,Primary Production Quantity
Sri Lanka,1997,1204000,Primary Production Quantity
Sri Lanka,1998,1218000,Primary Production Quantity
Sri Lanka,1999,1234000,Primary Production Quantity
Sri Lanka,2000,1330000,Primary Production Quantity
Sri Lanka,2001,1283000,Primary Production Quantity
Sri Lanka,2002,1348000,Primary Production Quantity
Sri Lanka,2003,1318000,Primary Production Quantity
Sri Lanka,2004,1340000,Primary Production Quantity
Sri Lanka,2005,1379000,Primary Production Quantity
Sri Lanka,2006,1351000,Primary Production Quantity
Sri Lanka,2007,1327000,Primary Production Quantity
Sri Lanka,2008,1386000,Primary Production Quantity
Sri Lanka,2009,1261000,Primary Production Quantity
Sri Lanka,2010,1441000,Primary Production Quantity
Sri Lanka,2011,1424000,Primary Production Quantity
Sri Lanka,2012,1435000,Primary Production Quantity
Sri Lanka,2013,1479000,Primary Production Quantity
Sri Lanka,2014,1470000,Primary Production Quantity
Sri Lanka,2015,1444000,Primary Production Quantity
Sri Lanka,2016,1272000,Primary Production Quantity
Sri Lanka,2017,1338000,Primary Production Quantity
Sri Lanka,2018,1321000,Primary Production Quantity
Sri Lanka,2019,1305000,Primary Production Quantity
Sri Lanka,2020,1211000,Primary Production Quantity
Sri Lanka,2021,1302000,Primary Production Quantity
Taiwan,1990,22299,Primary Production Quantity
Taiwan,1991,21380,Primary Production Quantity
Taiwan,1992,20164,Primary Production Quantity
Taiwan,1993,20515,Primary Production Quantity
Taiwan,1994,24485,Primary Production Quantity
Taiwan,1995,20892,Primary Production Quantity
Taiwan,1996,23131,Primary Production Quantity
Taiwan,1997,23505,Primary Production Quantity
Taiwan,1998,22641,Primary Production Quantity
Taiwan,1999,21119,Primary Production Quantity
Taiwan,2000,20349,Primary Production Quantity
Taiwan,2001,19837,Primary Production Quantity
Taiwan,2002,20345,Primary Production Quantity
Taiwan,2003,20675,Primary Production Quantity
Taiwan,2004,20192,Primary Production Quantity
Taiwan,2005,18803,Primary Production Quantity
Taiwan,2006,19345,Primary Production Quantity
Taiwan,2007,17502,Primary Production Quantity
Taiwan,2008,17384,Primary Production Quantity
Taiwan,2009,16780,Primary Production Quantity
Taiwan,2010,17467,Primary Production Quantity
Taiwan,2011,17310,Primary Production Quantity
Taiwan,2012,14902,Primary Production Quantity
Taiwan,2013,14718,Primary Production Quantity
Taiwan,2014,15200,Primary Production Quantity
Taiwan,2015,14405,Primary Production Quantity
Taiwan,2016,13018,Primary Production Quantity
Taiwan,2017,13443,Primary Production Quantity
Taiwan,2018,14738,Primary Production Quantity
Taiwan,2019,14637,Primary Production Quantity
Taiwan,2020,14341,Primary Production Quantity
Taiwan,2021,11883,Primary Production Quantity
Tanzania,1990,18090,Primary Production Quantity
Tanzania,1991,85000,Primary Production Quantity
Tanzania,1992,96000,Primary Production Quantity
Tanzania,1993,97000,Primary Production Quantity
Tanzania,1994,108000,Primary Production Quantity
Tanzania,1995,106000,Primary Production Quantity
Tanzania,1996,104000,Primary Production Quantity
Tanzania,1997,111000,Primary Production Quantity
Tanzania,1998,95000,Primary Production Quantity
Tanzania,1999,109000,Primary Production Quantity
Tanzania,2000,103000,Primary Production Quantity
Tanzania,2001,111000,Primary Production Quantity
Tanzania,2002,107000,Primary Production Quantity
Tanzania,2003,120000,Primary Production Quantity
Tanzania,2004,131000,Primary Production Quantity
Tanzania,2005,133000,Primary Production Quantity
Tanzania,2006,132000,Primary Production Quantity
Tanzania,2007,136000,Primary Production Quantity
Tanzania,2008,151000,Primary Production Quantity
Tanzania,2009,149000,Primary Production Quantity
Tanzania,2010,144000,Primary Production Quantity
Tanzania,2011,139000,Primary Production Quantity
Tanzania,2012,143000,Primary Production Quantity
Tanzania,2013,147000,Primary Production Quantity
Tanzania,2014,146000,Primary Production Quantity
Tanzania,2015,155000,Primary Production Quantity
Tanzania,2016,142000,Primary Production Quantity
Tanzania,2017,117000,Primary Production Quantity
Tanzania,2018,148000,Primary Production Quantity
Tanzania,2019,162000,Primary Production Quantity
Tanzania,2020,125000,Primary Production Quantity
Tanzania,2021,120000,Primary Production Quantity
Thailand,1990,6500,Primary Production Quantity
Thailand,1991,8500,Primary Production Quantity
Thailand,1992,11000,Primary Production Quantity
Thailand,1993,13500,Primary Production Quantity
Thailand,1994,16000,Primary Production Quantity
Thailand,1995,18500,Primary Production Quantity
Thailand,1996,22000,Primary Production Quantity
Thailand,1997,25000,Primary Production Quantity
Thailand,1998,28000,Primary Production Quantity
Thailand,1999,30000,Primary Production Quantity
Thailand,2000,32327,Primary Production Quantity
Thailand,2001,33494,Primary Production Quantity
Thailand,2002,36321,Primary Production Quantity
Thailand,2003,43333,Primary Production Quantity
Thailand,2004,51817,Primary Production Quantity
Thailand,2005,51570,Primary Production Quantity
Thailand,2006,53782,Primary Production Quantity
Thailand,2007,57362,Primary Production Quantity
Thailand,2008,61557,Primary Production Quantity
Thailand,2009,63707,Primary Production Quantity
Thailand,2010,67241,Primary Production Quantity
Thailand,2011,73320,Primary Production Quantity
Thailand,2012,71733,Primary Production Quantity
Thailand,2013,68013,Primary Production Quantity
Thailand,2014,40324,Primary Production Quantity
Thailand,2015,49054,Primary Production Quantity
Thailand,2016,64734,Primary Production Quantity
Thailand,2017,79393,Primary Production Quantity
Thailand,2018,93084,Primary Production Quantity
Thailand,2019,96537,Primary Production Quantity
Thailand,2020,97697,Primary Production Quantity
Thailand,2021,98715,Primary Production Quantity
Türkiye,1990,122754,Primary Production Quantity
Türkiye,1991,682858,Primary Production Quantity
Türkiye,1992,724383,Primary Production Quantity
Türkiye,1993,578500,Primary Production Quantity
Türkiye,1994,654000,Primary Production Quantity
Türkiye,1995,523465,Primary Production Quantity
Türkiye,1996,600000,Primary Production Quantity
Türkiye,1997,752000,Primary Production Quantity
Türkiye,1998,978589,Primary Production Quantity
Türkiye,1999,1095532,Primary Production Quantity
Türkiye,2000,758038,Primary Production Quantity
Türkiye,2001,824946,Primary Production Quantity
Türkiye,2002,791700,Primary Production Quantity
Türkiye,2003,869000,Primary Production Quantity
Türkiye,2004,1105000,Primary Production Quantity
Türkiye,2005,1192004,Primary Production Quantity
Türkiye,2006,1121206,Primary Production Quantity
Türkiye,2007,1145321,Primary Production Quantity
Türkiye,2008,1100257,Primary Production Quantity
Türkiye,2009,1103340,Primary Production Quantity
Türkiye,2010,1305566,Primary Production Quantity
Türkiye,2011,1231141,Primary Production Quantity
Türkiye,2012,1250000,Primary Production Quantity
Türkiye,2013,1180000,Primary Production Quantity
Türkiye,2014,1266311,Primary Production Quantity
Türkiye,2015,1327934,Primary Production Quantity
Türkiye,2016,1350000,Primary Production Quantity
Türkiye,2017,1300000,Primary Production Quantity
Türkiye,2018,1480534,Primary Production Quantity
Türkiye,2019,1407448,Primary Production Quantity
Türkiye,2020,1417685,Primary Production Quantity
Türkiye,2021,1450000,Primary Production Quantity
Uganda,1990,6704,Primary Production Quantity
Uganda,1991,39000,Primary Production Quantity
Uganda,1992,41000,Primary Production Quantity
Uganda,1993,53000,Primary Production Quantity
Uganda,1994,59000,Primary Production Quantity
Uganda,1995,55000,Primary Production Quantity
Uganda,1996,76000,Primary Production Quantity
Uganda,1997,92000,Primary Production Quantity
Uganda,1998,113000,Primary Production Quantity
Uganda,1999,108000,Primary Production Quantity
Uganda,2000,127000,Primary Production Quantity
Uganda,2001,143000,Primary Production Quantity
Uganda,2002,172000,Primary Production Quantity
Uganda,2003,160000,Primary Production Quantity
Uganda,2004,155000,Primary Production Quantity
Uganda,2005,164000,Primary Production Quantity
Uganda,2006,149000,Primary Production Quantity
Uganda,2007,195000,Primary Production Quantity
Uganda,2008,186000,Primary Production Quantity
Uganda,2009,212000,Primary Production Quantity
Uganda,2010,214000,Primary Production Quantity
Uganda,2011,153000,Primary Production Quantity
Uganda,2012,252000,Primary Production Quantity
Uganda,2013,265000,Primary Production Quantity
Uganda,2014,284000,Primary Production Quantity
Uganda,2015,255000,Primary Production Quantity
Uganda,2016,234000,Primary Production Quantity
Uganda,2017,218000,Primary Production Quantity
Uganda,2018,323000,Primary Production Quantity
Uganda,2019,262000,Primary Production Quantity
Uganda,2020,329000,Primary Production Quantity
Uganda,2021,320737,Primary Production Quantity
Vietnam,1990,32247,Primary Production Quantity
Vietnam,1991,142400,Primary Production Quantity
Vietnam,1992,155700,Primary Production Quantity
Vietnam,1993,162200,Primary Production Quantity
Vietnam,1994,180600,Primary Production Quantity
Vietnam,1995,172900,Primary Production Quantity
Vietnam,1996,201300,Primary Production Quantity
Vietnam,1997,224500,Primary Production Quantity
Vietnam,1998,243400,Primary Production Quantity
Vietnam,1999,302400,Primary Production Quantity
Vietnam,2000,300600,Primary Production Quantity
Vietnam,2001,325600,Primary Production Quantity
Vietnam,2002,405200,Primary Production Quantity
Vietnam,2003,448600,Primary Production Quantity
Vietnam,2004,513800,Primary Production Quantity
Vietnam,2005,570000,Primary Production Quantity
Vietnam,2006,648900,Primary Production Quantity
Vietnam,2007,705900,Primary Production Quantity
Vietnam,2008,746200,Primary Production Quantity
Vietnam,2009,771000,Primary Production Quantity
Vietnam,2010,834600,Primary Production Quantity
Vietnam,2011,879079,Primary Production Quantity
Vietnam,2012,909729,Primary Production Quantity
Vietnam,2013,936424,Primary Production Quantity
Vietnam,2014,982210,Primary Production Quantity
Vietnam,2015,1012916,Primary Production Quantity
Vietnam,2016,1033767,Primary Production Quantity
Vietnam,2017,1121066,Primary Production Quantity
Vietnam,2018,1081166,Primary Production Quantity
Vietnam,2019,1017619,Primary Production Quantity
Vietnam,2020,1045624,Primary Production Quantity
Vietnam,2021,1073000,Primary Production Quantity
Zambia,1990,560,Primary Production Quantity
Zambia,1991,570,Primary Production Quantity
Zambia,1992,500,Primary Production Quantity
Zambia,1993,530,Primary Production Quantity
Zambia,1994,500,Primary Production Quantity
Zambia,1995,450,Primary Production Quantity
Zambia,1996,500,Primary Production Quantity
Zambia,1997,550,Primary Production Quantity
Zambia,1998,650,Primary Production Quantity
Zambia,1999,1000,Primary Production Quantity
Zambia,2000,850,Primary Production Quantity
Zambia,2001,550,Primary Production Quantity
Zambia,2002,750,Primary Production Quantity
Zambia,2003,659,Primary Production Quantity
Zambia,2004,800,Primary Production Quantity
Zambia,2005,774,Primary Production Quantity
Zambia,2006,750,Primary Production Quantity
Zambia,2007,781,Primary Production Quantity
Zambia,2008,802,Primary Production Quantity
Zambia,2009,822,Primary Production Quantity
Zambia,2010,842,Primary Production Quantity
Zambia,2011,862,Primary Production Quantity
Zambia,2012,900,Primary Production Quantity
Zambia,2013,900,Primary Production Quantity
Zambia,2014,911,Primary Production Quantity
Zambia,2015,931,Primary Production Quantity
Zambia,2016,921,Primary Production Quantity
Zambia,2017,941,Primary Production Quantity
Zambia,2018,931,Primary Production Quantity
Zambia,2019,931,Primary Production Quantity
Zambia,2020,934,Primary Production Quantity
Zambia,2021,932,Primary Production Quantity
Zimbabwe,1990,17000,Primary Production Quantity
Zimbabwe,1991,63000,Primary Production Quantity
Zimbabwe,1992,40000,Primary Production Quantity
Zimbabwe,1993,61000,Primary Production Quantity
Zimbabwe,1994,58000,Primary Production Quantity
Zimbabwe,1995,65000,Primary Production Quantity
Zimbabwe,1996,73000,Primary Production Quantity
Zimbabwe,1997,74000,Primary Production Quantity
Zimbabwe,1998,76000,Primary Production Quantity
Zimbabwe,1999,81000,Primary Production Quantity
Zimbabwe,2000,96000,Primary Production Quantity
Zimbabwe,2001,97000,Primary Production Quantity
Zimbabwe,2002,98000,Primary Production Quantity
Zimbabwe,2003,98000,Primary Production Quantity
Zimbabwe,2004,97000,Primary Production Quantity
Zimbabwe,2005,97000,Primary Production Quantity
Zimbabwe,2006,69000,Primary Production Quantity
Zimbabwe,2007,63000,Primary Production Quantity
Zimbabwe,2008,61000,Primary Production Quantity
Zimbabwe,2009,61000,Primary Production Quantity
Zimbabwe,2010,61000,Primary Production Quantity
Zimbabwe,2011,62000,Primary Production Quantity
Zimbabwe,2012,64000,Primary Production Quantity
Zimbabwe,2013,59000,Primary Production Quantity
Zimbabwe,2014,59000,Primary Production Quantity
Zimbabwe,2015,61000,Primary Production Quantity
Zimbabwe,2016,66000,Primary Production Quantity
Zimbabwe,2017,67000,Primary Production Quantity
Zimbabwe,2018,68000,Primary Production Quantity
Zimbabwe,2019,66000,Primary Production Quantity
Zimbabwe,2020,65000,Primary Production Quantity
Zimbabwe,2021,65385,Primary Production Quantity
Argentina,1991,36029,Export Quantity
Australia,1991,273,Export Quantity
Austria,1991,258,Export Quantity
Bangladesh,1991,26862,Export Quantity
Belgium-Luxembourg,1991,1537,Export Quantity
Belize,1991,8,Export Quantity
Botswana,1991,26,Export Quantity
Brazil,1991,7347,Export Quantity
Burundi,1991,5143,Export Quantity
Cameroon,1991,45,Export Quantity
Canada,1991,551,Export Quantity
Chile,1991,228,Export Quantity
"China, Hong Kong SAR",1991,14483,Export Quantity
"China, Macao SAR",1991,1127,Export Quantity
"China, Mainland",1991,184872,Export Quantity
"China, Taiwan Province of",1991,5316,Export Quantity
Colombia,1991,97,Export Quantity
Czechoslovakia,1991,22,Export Quantity
DR Congo (Brazzaville),1991,2027,Export Quantity
Denmark,1991,208,Export Quantity
Ecuador,1991,1444,Export Quantity
Egypt,1991,248,Export Quantity
El Salvador,1991,23,Export Quantity
Fiji,1991,19,Export Quantity
Finland,1991,12,Export Quantity
France,1991,1123,Export Quantity
Germany,1991,7208,Export Quantity
Greece,1991,8,Export Quantity
Guatemala,1991,45,Export Quantity
Hungary,1991,70,Export Quantity
India,1991,215144,Export Quantity
Indonesia,1991,110207,Export Quantity
Ireland,1991,1508,Export Quantity
Israel,1991,5,Export Quantity
Italy,1991,574,Export Quantity
Jamaica,1991,14,Export Quantity
Japan,1991,289,Export Quantity
Jordan,1991,1455,Export Quantity
Kenya,1991,175625,Export Quantity
Kuwait,1991,401,Export Quantity
Madagascar,1991,182,Export Quantity
Malawi,1991,37047,Export Quantity
Malaysia,1991,260,Export Quantity
Mauritius,1991,4494,Export Quantity
Mozambique,1991,1339,Export Quantity
Myanmar,1991,97,Export Quantity
Nepal,1991,9,Export Quantity
Netherlands,1991,15252,Export Quantity
New Zealand,1991,42,Export Quantity
Norway,1991,6,Export Quantity
Oman,1991,77,Export Quantity
Panama,1991,82,Export Quantity
Papua New Guinea,1991,3747,Export Quantity
Peru,1991,196,Export Quantity
Portugal,1991,44,Export Quantity
Qatar,1991,71,Export Quantity
Rwanda,1991,13297,Export Quantity
Saudi Arabia,1991,194,Export Quantity
Singapore,1991,9760,Export Quantity
South Africa,1991,1050,Export Quantity
South Korea,1991,230,Export Quantity
Spain,1991,71,Export Quantity
Sri Lanka,1991,212017,Export Quantity
Sweden,1991,50,Export Quantity
Switzerland,1991,1478,Export Quantity
Tanzania,1991,17549,Export Quantity
Thailand,1991,260,Export Quantity
Togo,1991,43,Export Quantity
Trinidad and Tobago,1991,10,Export Quantity
Türkiye,1991,2314,Export Quantity
Uganda,1991,7018,Export Quantity
United Arab Emirates,1991,11528,Export Quantity
United Kingdom,1991,32092,Export Quantity
United States,1991,2679,Export Quantity
Vietnam,1991,7953,Export Quantity
Yugoslav SFR,1991,25,Export Quantity
Zambia,1991,333,Export Quantity
Zimbabwe,1991,11304,Export Quantity
Argentina,1990,46072,Export Quantity
Australia,1990,365,Export Quantity
Austria,1990,382,Export Quantity
Bangladesh,1990,21126,Export Quantity
Belgium-Luxembourg,1990,1397,Export Quantity
Belize,1990,20,Export Quantity
Botswana,1990,23,Export Quantity
Brazil,1990,7976,Export Quantity
Brunei,1990,20,Export Quantity
Burundi,1990,3920,Export Quantity
Cameroon,1990,3262,Export Quantity
Canada,1990,367,Export Quantity
Chile,1990,179,Export Quantity
"China, Hong Kong SAR",1990,9169,Export Quantity
"China, Macao SAR",1990,718,Export Quantity
"China, Mainland",1990,195471,Export Quantity
"China, Taiwan Province of",1990,5741,Export Quantity
Czechoslovakia,1990,320,Export Quantity
DR Congo (Brazzaville),1990,2613,Export Quantity
Denmark,1990,187,Export Quantity
Ecuador,1990,1094,Export Quantity
Egypt,1990,21,Export Quantity
El Salvador,1990,4,Export Quantity
Ethiopia,1990,10,Export Quantity
Fiji,1990,40,Export Quantity
Finland,1990,9,Export Quantity
France,1990,1284,Export Quantity
Germany,1990,8779,Export Quantity
Greece,1990,36,Export Quantity
Guatemala,1990,24,Export Quantity
Hungary,1990,184,Export Quantity
India,1990,198136,Export Quantity
Indonesia,1990,110959,Export Quantity
Iran,1990,350,Export Quantity
Ireland,1990,1406,Export Quantity
Israel,1990,10,Export Quantity
Italy,1990,596,Export Quantity
Jamaica,1990,25,Export Quantity
Japan,1990,322,Export Quantity
Jordan,1990,215,Export Quantity
Kenya,1990,166405,Export Quantity
Kuwait,1990,113,Export Quantity
Madagascar,1990,17,Export Quantity
Malawi,1990,41014,Export Quantity
Malaysia,1990,437,Export Quantity
Mauritius,1990,4271,Export Quantity
Mexico,1990,324,Export Quantity
Mozambique,1990,700,Export Quantity
Nepal,1990,23,Export Quantity
Netherlands,1990,14755,Export Quantity
New Zealand,1990,30,Export Quantity
Nigeria,1990,34,Export Quantity
Norway,1990,9,Export Quantity
Oman,1990,164,Export Quantity
Pakistan,1990,1074,Export Quantity
Panama,1990,101,Export Quantity
Papua New Guinea,1990,5408,Export Quantity
Peru,1990,93,Export Quantity
Portugal,1990,16,Export Quantity
Qatar,1990,98,Export Quantity
Rwanda,1990,11759,Export Quantity
Saudi Arabia,1990,340,Export Quantity
Senegal,1990,1029,Export Quantity
Singapore,1990,10882,Export Quantity
South Africa,1990,882,Export Quantity
South Korea,1990,248,Export Quantity
Spain,1990,36,Export Quantity
Sri Lanka,1990,216033,Export Quantity
Sweden,1990,68,Export Quantity
Switzerland,1990,1061,Export Quantity
Tanzania,1990,14902,Export Quantity
Thailand,1990,284,Export Quantity
Togo,1990,7,Export Quantity
Türkiye,1990,27654,Export Quantity
USSR,1990,6915,Export Quantity
Uganda,1990,4760,Export Quantity
United Arab Emirates,1990,6510,Export Quantity
United Kingdom,1990,36045,Export Quantity
United States,1990,2558,Export Quantity
Vietnam,1990,16076,Export Quantity
Yugoslav SFR,1990,6,Export Quantity
Zimbabwe,1990,11507,Export Quantity
Argentina,1992,36530,Export Quantity
Australia,1992,214,Export Quantity
Austria,1992,253,Export Quantity
Bangladesh,1992,24990,Export Quantity
Belgium-Luxembourg,1992,2047,Export Quantity
Belize,1992,8,Export Quantity
Botswana,1992,18,Export Quantity
Brazil,1992,8211,Export Quantity
Burundi,1992,5696,Export Quantity
Canada,1992,571,Export Quantity
Chile,1992,219,Export Quantity
"China, Hong Kong SAR",1992,19741,Export Quantity
"China, Macao SAR",1992,728,Export Quantity
"China, Mainland",1992,175538,Export Quantity
"China, Taiwan Province of",1992,5296,Export Quantity
Costa Rica,1992,18,Export Quantity
Croatia,1992,48,Export Quantity
Cyprus,1992,5,Export Quantity
DR Congo (Brazzaville),1992,902,Export Quantity
Denmark,1992,180,Export Quantity
Ecuador,1992,1458,Export Quantity
Egypt,1992,20,Export Quantity
El Salvador,1992,25,Export Quantity
Fiji,1992,29,Export Quantity
Finland,1992,33,Export Quantity
France,1992,1100,Export Quantity
Germany,1992,7130,Export Quantity
Greece,1992,121,Export Quantity
Guatemala,1992,54,Export Quantity
Honduras,1992,14,Export Quantity
Hungary,1992,189,Export Quantity
India,1992,166359,Export Quantity
Indonesia,1992,121243,Export Quantity
Ireland,1992,713,Export Quantity
Israel,1992,100,Export Quantity
Italy,1992,419,Export Quantity
Japan,1992,290,Export Quantity
Jordan,1992,425,Export Quantity
Kenya,1992,172053,Export Quantity
Kuwait,1992,53,Export Quantity
Madagascar,1992,208,Export Quantity
Malawi,1992,37056,Export Quantity
Malaysia,1992,286,Export Quantity
Malta,1992,11,Export Quantity
Mauritius,1992,5473,Export Quantity
Mexico,1992,37,Export Quantity
Moldova,1992,7,Export Quantity
Mozambique,1992,600,Export Quantity
Nepal,1992,21,Export Quantity
Netherlands,1992,18701,Export Quantity
New Zealand,1992,82,Export Quantity
Nigeria,1992,81,Export Quantity
North Macedonia,1992,196,Export Quantity
Norway,1992,16,Export Quantity
Oman,1992,118,Export Quantity
Pakistan,1992,51,Export Quantity
Panama,1992,92,Export Quantity
Papua New Guinea,1992,5638,Export Quantity
Peru,1992,229,Export Quantity
Poland,1992,3197,Export Quantity
Portugal,1992,8,Export Quantity
Qatar,1992,76,Export Quantity
Romania,1992,8,Export Quantity
Russia,1992,174,Export Quantity
Rwanda,1992,13486,Export Quantity
Saudi Arabia,1992,54,Export Quantity
Singapore,1992,6849,Export Quantity
Slovenia,1992,23,Export Quantity
South Africa,1992,994,Export Quantity
South Korea,1992,257,Export Quantity
Spain,1992,274,Export Quantity
Sri Lanka,1992,181259,Export Quantity
Sweden,1992,161,Export Quantity
Switzerland,1992,1719,Export Quantity
Tanzania,1992,20400,Export Quantity
Thailand,1992,216,Export Quantity
Trinidad and Tobago,1992,11,Export Quantity
Türkiye,1992,5048,Export Quantity
Uganda,1992,7816,Export Quantity
United Arab Emirates,1992,8634,Export Quantity
United Kingdom,1992,30950,Export Quantity
United States,1992,3070,Export Quantity
Vietnam,1992,12967,Export Quantity
Zambia,1992,38,Export Quantity
Zimbabwe,1992,6088,Export Quantity
Argentina,1993,44258,Export Quantity
Australia,1993,344,Export Quantity
Austria,1993,570,Export Quantity
Azerbaijan,1993,22,Export Quantity
Bangladesh,1993,29620,Export Quantity
Belgium-Luxembourg,1993,3627,Export Quantity
Botswana,1993,5,Export Quantity
Brazil,1993,8335,Export Quantity
Bulgaria,1993,296,Export Quantity
Burundi,1993,5281,Export Quantity
Cameroon,1993,129,Export Quantity
Canada,1993,496,Export Quantity
Chile,1993,217,Export Quantity
"China, Hong Kong SAR",1993,16734,Export Quantity
"China, Macao SAR",1993,375,Export Quantity
"China, Mainland",1993,201435,Export Quantity
"China, Taiwan Province of",1993,5224,Export Quantity
Costa Rica,1993,137,Export Quantity
Croatia,1993,39,Export Quantity
Cyprus,1993,31,Export Quantity
Czechia,1993,431,Export Quantity
DR Congo (Brazzaville),1993,2353,Export Quantity
Denmark,1993,173,Export Quantity
Ecuador,1993,1512,Export Quantity
Egypt,1993,321,Export Quantity
El Salvador,1993,49,Export Quantity
Estonia,1993,56,Export Quantity
Fiji,1993,23,Export Quantity
Finland,1993,89,Export Quantity
France,1993,1072,Export Quantity
Georgia,1993,28503,Export Quantity
Germany,1993,11769,Export Quantity
Greece,1993,240,Export Quantity
Guatemala,1993,270,Export Quantity
Hungary,1993,166,Export Quantity
India,1993,153159,Export Quantity
Indonesia,1993,123925,Export Quantity
Ireland,1993,252,Export Quantity
Israel,1993,75,Export Quantity
Italy,1993,174,Export Quantity
Japan,1993,328,Export Quantity
Jordan,1993,79,Export Quantity
Kenya,1993,199379,Export Quantity
Kuwait,1993,67,Export Quantity
Latvia,1993,88,Export Quantity
Liberia,1993,195,Export Quantity
Madagascar,1993,296,Export Quantity
Malawi,1993,35264,Export Quantity
Malaysia,1993,272,Export Quantity
Malta,1993,5,Export Quantity
Mauritius,1993,4345,Export Quantity
Mexico,1993,83,Export Quantity
Morocco,1993,7,Export Quantity
Mozambique,1993,100,Export Quantity
Nepal,1993,19,Export Quantity
Netherlands,1993,14965,Export Quantity
New Zealand,1993,116,Export Quantity
North Macedonia,1993,80,Export Quantity
Norway,1993,12,Export Quantity
Oman,1993,292,Export Quantity
Pakistan,1993,85,Export Quantity
Panama,1993,106,Export Quantity
Papua New Guinea,1993,6441,Export Quantity
Peru,1993,391,Export Quantity
Poland,1993,3243,Export Quantity
Portugal,1993,6,Export Quantity
Qatar,1993,54,Export Quantity
Romania,1993,4,Export Quantity
Russia,1993,191,Export Quantity
Rwanda,1993,11594,Export Quantity
Saudi Arabia,1993,94,Export Quantity
Singapore,1993,11230,Export Quantity
Slovakia,1993,61,Export Quantity
Slovenia,1993,22,Export Quantity
South Africa,1993,1100,Export Quantity
South Korea,1993,247,Export Quantity
Spain,1993,8,Export Quantity
Sri Lanka,1993,134742,Export Quantity
Sweden,1993,130,Export Quantity
Switzerland,1993,1818,Export Quantity
Tanzania,1993,19800,Export Quantity
Thailand,1993,151,Export Quantity
Türkiye,1993,39602,Export Quantity
Uganda,1993,10175,Export Quantity
United Arab Emirates,1993,3712,Export Quantity
United Kingdom,1993,46673,Export Quantity
United States,1993,3987,Export Quantity
Vietnam,1993,21200,Export Quantity
Zimbabwe,1993,8065,Export Quantity
Argentina,1994,43355,Export Quantity
Australia,1994,1688,Export Quantity
Austria,1994,684,Export Quantity
Azerbaijan,1994,1972,Export Quantity
Bangladesh,1994,29040,Export Quantity
Belgium-Luxembourg,1994,4636,Export Quantity
Botswana,1994,14,Export Quantity
Brazil,1994,8377,Export Quantity
Bulgaria,1994,604,Export Quantity
Burundi,1994,6605,Export Quantity
Canada,1994,437,Export Quantity
Chile,1994,345,Export Quantity
"China, Hong Kong SAR",1994,17161,Export Quantity
"China, Macao SAR",1994,109,Export Quantity
"China, Mainland",1994,179668,Export Quantity
"China, Taiwan Province of",1994,4403,Export Quantity
Croatia,1994,81,Export Quantity
Cyprus,1994,32,Export Quantity
Czechia,1994,509,Export Quantity
DR Congo (Brazzaville),1994,1784,Export Quantity
Denmark,1994,131,Export Quantity
Ecuador,1994,1470,Export Quantity
Egypt,1994,227,Export Quantity
El Salvador,1994,83,Export Quantity
Estonia,1994,184,Export Quantity
Ethiopia,1994,335,Export Quantity
Fiji,1994,21,Export Quantity
Finland,1994,257,Export Quantity
France,1994,2151,Export Quantity
Georgia,1994,5100,Export Quantity
Germany,1994,12891,Export Quantity
Greece,1994,91,Export Quantity
Guatemala,1994,230,Export Quantity
Hungary,1994,686,Export Quantity
India,1994,150874,Export Quantity
Indonesia,1994,84916,Export Quantity
Iran,1994,1038,Export Quantity
Ireland,1994,172,Export Quantity
Israel,1994,75,Export Quantity
Italy,1994,249,Export Quantity
Japan,1994,345,Export Quantity
Jordan,1994,478,Export Quantity
Kenya,1994,176962,Export Quantity
Kuwait,1994,168,Export Quantity
Latvia,1994,100,Export Quantity
Liberia,1994,10,Export Quantity
Lithuania,1994,237,Export Quantity
Madagascar,1994,196,Export Quantity
Malawi,1994,35138,Export Quantity
Malaysia,1994,378,Export Quantity
Mauritius,1994,4029,Export Quantity
Mexico,1994,198,Export Quantity
Moldova,1994,14,Export Quantity
Mozambique,1994,360,Export Quantity
Nepal,1994,25,Export Quantity
Netherlands,1994,10061,Export Quantity
New Zealand,1994,122,Export Quantity
North Macedonia,1994,14,Export Quantity
Norway,1994,32,Export Quantity
Oman,1994,320,Export Quantity
Pakistan,1994,1510,Export Quantity
Panama,1994,73,Export Quantity
Papua New Guinea,1994,3400,Export Quantity
Paraguay,1994,8,Export Quantity
Peru,1994,206,Export Quantity
Poland,1994,2287,Export Quantity
Portugal,1994,20,Export Quantity
Qatar,1994,62,Export Quantity
Romania,1994,10,Export Quantity
Russia,1994,8361,Export Quantity
Rwanda,1994,5000,Export Quantity
Saudi Arabia,1994,198,Export Quantity
Singapore,1994,8913,Export Quantity
Slovakia,1994,79,Export Quantity
Slovenia,1994,27,Export Quantity
South Africa,1994,802,Export Quantity
South Korea,1994,359,Export Quantity
Spain,1994,40,Export Quantity
Sri Lanka,1994,115097,Export Quantity
Sweden,1994,246,Export Quantity
Switzerland,1994,1774,Export Quantity
Tanzania,1994,21670,Export Quantity
Thailand,1994,233,Export Quantity
Tunisia,1994,92,Export Quantity
Türkiye,1994,5201,Export Quantity
United Arab Emirates,1994,22816,Export Quantity
United Kingdom,1994,34205,Export Quantity
United States,1994,3487,Export Quantity
Vietnam,1994,23500,Export Quantity
Zimbabwe,1994,9688,Export Quantity
Argentina,1995,41175,Export Quantity
Armenia,1995,14,Export Quantity
Australia,1995,2463,Export Quantity
Austria,1995,794,Export Quantity
Azerbaijan,1995,1274,Export Quantity
Bangladesh,1995,26430,Export Quantity
Belarus,1995,6,Export Quantity
Belgium-Luxembourg,1995,3102,Export Quantity
Brazil,1995,7252,Export Quantity
Bulgaria,1995,66,Export Quantity
Burundi,1995,6678,Export Quantity
Cameroon,1995,253,Export Quantity
Canada,1995,432,Export Quantity
Chile,1995,383,Export Quantity
"China, Hong Kong SAR",1995,13464,Export Quantity
"China, Macao SAR",1995,60,Export Quantity
"China, Mainland",1995,166572,Export Quantity
"China, Taiwan Province of",1995,3216,Export Quantity
Croatia,1995,55,Export Quantity
Cyprus,1995,9,Export Quantity
Czechia,1995,166,Export Quantity
Côte d'Ivoire,1995,65,Export Quantity
DR Congo (Brazzaville),1995,515,Export Quantity
Denmark,1995,96,Export Quantity
Ecuador,1995,1074,Export Quantity
Egypt,1995,123,Export Quantity
El Salvador,1995,64,Export Quantity
Estonia,1995,75,Export Quantity
Ethiopia,1995,155,Export Quantity
Fiji,1995,20,Export Quantity
Finland,1995,328,Export Quantity
France,1995,2829,Export Quantity
Gambia,1995,28,Export Quantity
Georgia,1995,5000,Export Quantity
Germany,1995,13109,Export Quantity
Greece,1995,39,Export Quantity
Guatemala,1995,105,Export Quantity
Hungary,1995,434,Export Quantity
India,1995,158333,Export Quantity
Indonesia,1995,79227,Export Quantity
Ireland,1995,125,Export Quantity
Israel,1995,70,Export Quantity
Italy,1995,243,Export Quantity
Japan,1995,494,Export Quantity
Jordan,1995,222,Export Quantity
Kazakhstan,1995,438,Export Quantity
Kenya,1995,258564,Export Quantity
Kuwait,1995,411,Export Quantity
Latvia,1995,41,Export Quantity
Lithuania,1995,310,Export Quantity
Madagascar,1995,151,Export Quantity
Malawi,1995,32387,Export Quantity
Malaysia,1995,293,Export Quantity
Mauritius,1995,2898,Export Quantity
Mexico,1995,130,Export Quantity
Moldova,1995,47,Export Quantity
Morocco,1995,92,Export Quantity
Mozambique,1995,300,Export Quantity
Nepal,1995,72,Export Quantity
Netherlands,1995,11963,Export Quantity
New Zealand,1995,109,Export Quantity
Niger,1995,178,Export Quantity
Nigeria,1995,64,Export Quantity
North Macedonia,1995,21,Export Quantity
Norway,1995,29,Export Quantity
Oman,1995,361,Export Quantity
Pakistan,1995,7633,Export Quantity
Palestine,1995,30,Export Quantity
Panama,1995,90,Export Quantity
Papua New Guinea,1995,4200,Export Quantity
Peru,1995,107,Export Quantity
Poland,1995,1407,Export Quantity
Portugal,1995,7,Export Quantity
Qatar,1995,157,Export Quantity
Romania,1995,4,Export Quantity
Russia,1995,6842,Export Quantity
Rwanda,1995,2500,Export Quantity
Saudi Arabia,1995,68,Export Quantity
Singapore,1995,6791,Export Quantity
Slovakia,1995,171,Export Quantity
Slovenia,1995,79,Export Quantity
South Africa,1995,1338,Export Quantity
South Korea,1995,366,Export Quantity
Spain,1995,82,Export Quantity
Sri Lanka,1995,178005,Export Quantity
Sweden,1995,586,Export Quantity
Switzerland,1995,1585,Export Quantity
Tanzania,1995,21600,Export Quantity
Thailand,1995,269,Export Quantity
Tunisia,1995,132,Export Quantity
Turkmenistan,1995,27,Export Quantity
Türkiye,1995,2302,Export Quantity
United Arab Emirates,1995,21236,Export Quantity
United Kingdom,1995,33138,Export Quantity
United States,1995,3809,Export Quantity
Vietnam,1995,18800,Export Quantity
Zambia,1995,46,Export Quantity
Zimbabwe,1995,9156,Export Quantity
Albania,1996,41,Export Quantity
Argentina,1996,35042,Export Quantity
Australia,1996,3123,Export Quantity
Austria,1996,651,Export Quantity
Azerbaijan,1996,918,Export Quantity
Bangladesh,1996,20981,Export Quantity
Barbados,1996,17,Export Quantity
Belarus,1996,31,Export Quantity
Belgium-Luxembourg,1996,4093,Export Quantity
Botswana,1996,33,Export Quantity
Brazil,1996,3891,Export Quantity
Bulgaria,1996,84,Export Quantity
Burundi,1996,3939,Export Quantity
Cameroon,1996,76,Export Quantity
Canada,1996,518,Export Quantity
Chile,1996,383,Export Quantity
"China, Hong Kong SAR",1996,11674,Export Quantity
"China, Macao SAR",1996,123,Export Quantity
"China, Mainland",1996,169670,Export Quantity
"China, Taiwan Province of",1996,3475,Export Quantity
Colombia,1996,4,Export Quantity
Croatia,1996,69,Export Quantity
Cyprus,1996,63,Export Quantity
Czechia,1996,155,Export Quantity
Côte d'Ivoire,1996,181,Export Quantity
DR Congo (Brazzaville),1996,1559,Export Quantity
Denmark,1996,172,Export Quantity
Ecuador,1996,1159,Export Quantity
Egypt,1996,270,Export Quantity
El Salvador,1996,118,Export Quantity
Estonia,1996,94,Export Quantity
Ethiopia,1996,310,Export Quantity
Fiji,1996,16,Export Quantity
Finland,1996,684,Export Quantity
France,1996,2734,Export Quantity
Gambia,1996,28,Export Quantity
Georgia,1996,16100,Export Quantity
Germany,1996,13555,Export Quantity
Ghana,1996,5,Export Quantity
Greece,1996,35,Export Quantity
Guatemala,1996,135,Export Quantity
Hungary,1996,485,Export Quantity
India,1996,138360,Export Quantity
Indonesia,1996,101532,Export Quantity
Ireland,1996,377,Export Quantity
Israel,1996,25,Export Quantity
Italy,1996,269,Export Quantity
Japan,1996,495,Export Quantity
Jordan,1996,236,Export Quantity
Kazakhstan,1996,235,Export Quantity
Kenya,1996,261813,Export Quantity
Kuwait,1996,250,Export Quantity
Kyrgyzstan,1996,304,Export Quantity
Latvia,1996,46,Export Quantity
Lithuania,1996,474,Export Quantity
Madagascar,1996,160,Export Quantity
Malawi,1996,32400,Export Quantity
Malaysia,1996,492,Export Quantity
Mali,1996,12,Export Quantity
Mauritius,1996,1397,Export Quantity
Mexico,1996,191,Export Quantity
Moldova,1996,43,Export Quantity
Morocco,1996,32,Export Quantity
Mozambique,1996,230,Export Quantity
Nepal,1996,73,Export Quantity
Netherlands,1996,9715,Export Quantity
New Zealand,1996,90,Export Quantity
Nigeria,1996,80,Export Quantity
Norway,1996,26,Export Quantity
Oman,1996,345,Export Quantity
Pakistan,1996,9,Export Quantity
Palestine,1996,57,Export Quantity
Panama,1996,76,Export Quantity
Papua New Guinea,1996,9300,Export Quantity
Paraguay,1996,11,Export Quantity
Peru,1996,50,Export Quantity
Poland,1996,1603,Export Quantity
Portugal,1996,6,Export Quantity
Qatar,1996,157,Export Quantity
Romania,1996,15,Export Quantity
Russia,1996,7451,Export Quantity
Rwanda,1996,3107,Export Quantity
Saudi Arabia,1996,194,Export Quantity
Singapore,1996,6562,Export Quantity
Slovakia,1996,146,Export Quantity
Slovenia,1996,16,Export Quantity
South Africa,1996,1043,Export Quantity
South Korea,1996,252,Export Quantity
Spain,1996,22,Export Quantity
Sri Lanka,1996,218714,Export Quantity
Sweden,1996,579,Export Quantity
Switzerland,1996,1632,Export Quantity
Tanzania,1996,22020,Export Quantity
Thailand,1996,184,Export Quantity
Tunisia,1996,8,Export Quantity
Türkiye,1996,4011,Export Quantity
United Arab Emirates,1996,20109,Export Quantity
United Kingdom,1996,33187,Export Quantity
United States,1996,4075,Export Quantity
Vietnam,1996,20800,Export Quantity
Zambia,1996,46,Export Quantity
Zimbabwe,1996,11540,Export Quantity
Argentina,1997,56806,Export Quantity
Australia,1997,2979,Export Quantity
Austria,1997,971,Export Quantity
Azerbaijan,1997,1563,Export Quantity
Bangladesh,1997,21740,Export Quantity
Barbados,1997,40,Export Quantity
Belarus,1997,204,Export Quantity
Belgium-Luxembourg,1997,3992,Export Quantity
Botswana,1997,58,Export Quantity
Brazil,1997,3404,Export Quantity
Bulgaria,1997,39,Export Quantity
Burundi,1997,6330,Export Quantity
Canada,1997,517,Export Quantity
Chile,1997,522,Export Quantity
"China, Hong Kong SAR",1997,9654,Export Quantity
"China, Macao SAR",1997,145,Export Quantity
"China, Mainland",1997,202463,Export Quantity
"China, Taiwan Province of",1997,2918,Export Quantity
Croatia,1997,21,Export Quantity
Cyprus,1997,145,Export Quantity
Czechia,1997,221,Export Quantity
Côte d'Ivoire,1997,139,Export Quantity
DR Congo (Brazzaville),1997,1341,Export Quantity
Denmark,1997,390,Export Quantity
Ecuador,1997,1195,Export Quantity
Egypt,1997,243,Export Quantity
El Salvador,1997,201,Export Quantity
Estonia,1997,289,Export Quantity
Eswatini,1997,27,Export Quantity
Ethiopia,1997,130,Export Quantity
Fiji,1997,18,Export Quantity
Finland,1997,712,Export Quantity
France,1997,2226,Export Quantity
Gambia,1997,28,Export Quantity
Georgia,1997,15048,Export Quantity
Germany,1997,16633,Export Quantity
Greece,1997,26,Export Quantity
Guatemala,1997,141,Export Quantity
Hungary,1997,379,Export Quantity
India,1997,191472,Export Quantity
Indonesia,1997,66843,Export Quantity
Iran,1997,7708,Export Quantity
Ireland,1997,371,Export Quantity
Israel,1997,25,Export Quantity
Italy,1997,156,Export Quantity
Japan,1997,580,Export Quantity
Jordan,1997,103,Export Quantity
Kazakhstan,1997,85,Export Quantity
Kenya,1997,199224,Export Quantity
Kuwait,1997,589,Export Quantity
Kyrgyzstan,1997,953,Export Quantity
Latvia,1997,25,Export Quantity
Lebanon,1997,53,Export Quantity
Lithuania,1997,421,Export Quantity
Madagascar,1997,228,Export Quantity
Malawi,1997,39824,Export Quantity
Malaysia,1997,350,Export Quantity
Mauritius,1997,418,Export Quantity
Mexico,1997,172,Export Quantity
Moldova,1997,37,Export Quantity
Morocco,1997,8,Export Quantity
Mozambique,1997,230,Export Quantity
Namibia,1997,12,Export Quantity
Nepal,1997,81,Export Quantity
Netherlands,1997,10145,Export Quantity
New Zealand,1997,108,Export Quantity
Niger,1997,32,Export Quantity
Nigeria,1997,40,Export Quantity
North Macedonia,1997,30,Export Quantity
Norway,1997,15,Export Quantity
Oman,1997,804,Export Quantity
Palestine,1997,30,Export Quantity
Panama,1997,89,Export Quantity
Papua New Guinea,1997,6500,Export Quantity
Paraguay,1997,7,Export Quantity
Peru,1997,95,Export Quantity
Poland,1997,2221,Export Quantity
Portugal,1997,22,Export Quantity
Qatar,1997,157,Export Quantity
Romania,1997,18,Export Quantity
Russia,1997,9832,Export Quantity
Rwanda,1997,13249,Export Quantity
Saudi Arabia,1997,182,Export Quantity
Singapore,1997,5247,Export Quantity
Slovakia,1997,88,Export Quantity
Slovenia,1997,8,Export Quantity
South Africa,1997,1024,Export Quantity
South Korea,1997,274,Export Quantity
Spain,1997,42,Export Quantity
Sri Lanka,1997,267726,Export Quantity
Sweden,1997,644,Export Quantity
Switzerland,1997,1847,Export Quantity
Tanzania,1997,19324,Export Quantity
Thailand,1997,218,Export Quantity
Tunisia,1997,52,Export Quantity
Türkiye,1997,19103,Export Quantity
Uganda,1997,17342,Export Quantity
United Arab Emirates,1997,3500,Export Quantity
United Kingdom,1997,31218,Export Quantity
United States,1997,5114,Export Quantity
Vietnam,1997,32901,Export Quantity
Zambia,1997,166,Export Quantity
Zimbabwe,1997,13057,Export Quantity
Albania,1998,19,Export Quantity
Argentina,1998,58987,Export Quantity
Australia,1998,2655,Export Quantity
Austria,1998,631,Export Quantity
Azerbaijan,1998,1200,Export Quantity
Bangladesh,1998,25049,Export Quantity
Barbados,1998,49,Export Quantity
Belarus,1998,845,Export Quantity
Belgium-Luxembourg,1998,4938,Export Quantity
Botswana,1998,53,Export Quantity
Brazil,1998,3208,Export Quantity
Brunei,1998,5,Export Quantity
Bulgaria,1998,44,Export Quantity
Burundi,1998,6072,Export Quantity
Canada,1998,657,Export Quantity
Chile,1998,308,Export Quantity
"China, Hong Kong SAR",1998,7829,Export Quantity
"China, Macao SAR",1998,116,Export Quantity
"China, Mainland",1998,216824,Export Quantity
"China, Taiwan Province of",1998,2501,Export Quantity
Croatia,1998,23,Export Quantity
Cyprus,1998,24,Export Quantity
Czechia,1998,266,Export Quantity
Côte d'Ivoire,1998,265,Export Quantity
DR Congo (Brazzaville),1998,50,Export Quantity
Denmark,1998,408,Export Quantity
Djibouti,1998,1709,Export Quantity
Ecuador,1998,1316,Export Quantity
Egypt,1998,292,Export Quantity
El Salvador,1998,323,Export Quantity
Estonia,1998,904,Export Quantity
Eswatini,1998,19,Export Quantity
Ethiopia,1998,406,Export Quantity
Fiji,1998,20,Export Quantity
Finland,1998,216,Export Quantity
France,1998,2751,Export Quantity
Gambia,1998,28,Export Quantity
Georgia,1998,10100,Export Quantity
Germany,1998,16329,Export Quantity
Ghana,1998,4,Export Quantity
Greece,1998,64,Export Quantity
Guatemala,1998,91,Export Quantity
Honduras,1998,94,Export Quantity
Hungary,1998,474,Export Quantity
India,1998,201798,Export Quantity
Indonesia,1998,67219,Export Quantity
Iran,1998,7731,Export Quantity
Ireland,1998,1159,Export Quantity
Israel,1998,25,Export Quantity
Italy,1998,224,Export Quantity
Japan,1998,752,Export Quantity
Jordan,1998,96,Export Quantity
Kazakhstan,1998,4,Export Quantity
Kenya,1998,263685,Export Quantity
Kuwait,1998,507,Export Quantity
Kyrgyzstan,1998,1088,Export Quantity
Latvia,1998,87,Export Quantity
Lebanon,1998,61,Export Quantity
Libya,1998,73,Export Quantity
Lithuania,1998,675,Export Quantity
Madagascar,1998,210,Export Quantity
Malawi,1998,40518,Export Quantity
Malaysia,1998,348,Export Quantity
Malta,1998,11,Export Quantity
Mauritius,1998,220,Export Quantity
Mexico,1998,259,Export Quantity
Morocco,1998,20,Export Quantity
Mozambique,1998,230,Export Quantity
Namibia,1998,45,Export Quantity
Nepal,1998,35,Export Quantity
Netherlands,1998,9991,Export Quantity
New Zealand,1998,100,Export Quantity
Niger,1998,86,Export Quantity
Nigeria,1998,60,Export Quantity
North Macedonia,1998,170,Export Quantity
Norway,1998,10,Export Quantity
Oman,1998,1116,Export Quantity
Pakistan,1998,43,Export Quantity
Palestine,1998,13,Export Quantity
Panama,1998,78,Export Quantity
Papua New Guinea,1998,6600,Export Quantity
Paraguay,1998,11,Export Quantity
Peru,1998,40,Export Quantity
Poland,1998,3399,Export Quantity
Portugal,1998,36,Export Quantity
Qatar,1998,157,Export Quantity
Romania,1998,12,Export Quantity
Russia,1998,6756,Export Quantity
Rwanda,1998,15042,Export Quantity
Saudi Arabia,1998,534,Export Quantity
Singapore,1998,5009,Export Quantity
Slovakia,1998,61,Export Quantity
Slovenia,1998,6,Export Quantity
South Africa,1998,2752,Export Quantity
South Korea,1998,228,Export Quantity
Spain,1998,64,Export Quantity
Sri Lanka,1998,270938,Export Quantity
Sweden,1998,683,Export Quantity
Switzerland,1998,1858,Export Quantity
Tanzania,1998,21400,Export Quantity
Thailand,1998,228,Export Quantity
Togo,1998,4,Export Quantity
Tunisia,1998,21,Export Quantity
Türkiye,1998,17526,Export Quantity
Uganda,1998,22893,Export Quantity
United Arab Emirates,1998,4000,Export Quantity
United Kingdom,1998,29564,Export Quantity
United States,1998,4595,Export Quantity
Vietnam,1998,33000,Export Quantity
Zambia,1998,108,Export Quantity
Zimbabwe,1998,11076,Export Quantity
Argentina,1999,52144,Export Quantity
Armenia,1999,44,Export Quantity
Australia,1999,2424,Export Quantity
Austria,1999,682,Export Quantity
Azerbaijan,1999,2468,Export Quantity
Bangladesh,1999,21494,Export Quantity
Barbados,1999,41,Export Quantity
Belarus,1999,230,Export Quantity
Belgium-Luxembourg,1999,5981,Export Quantity
Botswana,1999,42,Export Quantity
Brazil,1999,2914,Export Quantity
Brunei,1999,25,Export Quantity
Bulgaria,1999,50,Export Quantity
Burundi,1999,1639,Export Quantity
Canada,1999,719,Export Quantity
Chad,1999,30,Export Quantity
Chile,1999,262,Export Quantity
"China, Hong Kong SAR",1999,6566,Export Quantity
"China, Macao SAR",1999,249,Export Quantity
"China, Mainland",1999,199608,Export Quantity
"China, Taiwan Province of",1999,3073,Export Quantity
Croatia,1999,24,Export Quantity
Cyprus,1999,37,Export Quantity
Czechia,1999,249,Export Quantity
Côte d'Ivoire,1999,330,Export Quantity
DR Congo (Brazzaville),1999,40,Export Quantity
Denmark,1999,361,Export Quantity
Ecuador,1999,1250,Export Quantity
Egypt,1999,269,Export Quantity
El Salvador,1999,346,Export Quantity
Estonia,1999,114,Export Quantity
Eswatini,1999,16,Export Quantity
Ethiopia,1999,35,Export Quantity
Fiji,1999,20,Export Quantity
Finland,1999,207,Export Quantity
France,1999,3107,Export Quantity
Gambia,1999,32,Export Quantity
Georgia,1999,14190,Export Quantity
Germany,1999,14802,Export Quantity
Ghana,1999,4,Export Quantity
Greece,1999,44,Export Quantity
Guatemala,1999,168,Export Quantity
Honduras,1999,124,Export Quantity
Hungary,1999,349,Export Quantity
India,1999,177507,Export Quantity
Indonesia,1999,97847,Export Quantity
Iran,1999,18331,Export Quantity
Ireland,1999,789,Export Quantity
Israel,1999,40,Export Quantity
Italy,1999,816,Export Quantity
Jamaica,1999,22,Export Quantity
Japan,1999,828,Export Quantity
Jordan,1999,284,Export Quantity
Kazakhstan,1999,195,Export Quantity
Kenya,1999,245716,Export Quantity
Kuwait,1999,580,Export Quantity
Kyrgyzstan,1999,221,Export Quantity
Latvia,1999,75,Export Quantity
Lebanon,1999,65,Export Quantity
Libya,1999,10,Export Quantity
Lithuania,1999,355,Export Quantity
Madagascar,1999,354,Export Quantity
Malawi,1999,30000,Export Quantity
Malaysia,1999,455,Export Quantity
Mauritius,1999,46,Export Quantity
Mexico,1999,332,Export Quantity
Moldova,1999,6,Export Quantity
Morocco,1999,40,Export Quantity
Mozambique,1999,130,Export Quantity
Namibia,1999,40,Export Quantity
Nepal,1999,119,Export Quantity
Netherlands,1999,10155,Export Quantity
New Zealand,1999,136,Export Quantity
Niger,1999,30,Export Quantity
Nigeria,1999,60,Export Quantity
North Macedonia,1999,99,Export Quantity
Norway,1999,9,Export Quantity
Oman,1999,575,Export Quantity
Pakistan,1999,43,Export Quantity
Palestine,1999,29,Export Quantity
Panama,1999,71,Export Quantity
Papua New Guinea,1999,8200,Export Quantity
Paraguay,1999,16,Export Quantity
Peru,1999,30,Export Quantity
Poland,1999,2701,Export Quantity
Portugal,1999,40,Export Quantity
Qatar,1999,157,Export Quantity
Romania,1999,82,Export Quantity
Russia,1999,1997,Export Quantity
Rwanda,1999,11886,Export Quantity
Saudi Arabia,1999,120,Export Quantity
Singapore,1999,4660,Export Quantity
Slovakia,1999,70,Export Quantity
Slovenia,1999,107,Export Quantity
South Africa,1999,4813,Export Quantity
South Korea,1999,390,Export Quantity
Spain,1999,74,Export Quantity
Sri Lanka,1999,268330,Export Quantity
Sweden,1999,782,Export Quantity
Switzerland,1999,1829,Export Quantity
Tanzania,1999,22126,Export Quantity
Thailand,1999,429,Export Quantity
Trinidad and Tobago,1999,8,Export Quantity
Turkmenistan,1999,100,Export Quantity
Türkiye,1999,4522,Export Quantity
Uganda,1999,22102,Export Quantity
United Arab Emirates,1999,6000,Export Quantity
United Kingdom,1999,29509,Export Quantity
United States,1999,6205,Export Quantity
Vietnam,1999,36000,Export Quantity
Zambia,1999,1254,Export Quantity
Zimbabwe,1999,15722,Export Quantity
Argentina,2000,50000,Export Quantity
Australia,2000,1777,Export Quantity
Austria,2000,489,Export Quantity
Azerbaijan,2000,1229,Export Quantity
Bahamas,2000,47,Export Quantity
Bangladesh,2000,11000,Export Quantity
Barbados,2000,41,Export Quantity
Belarus,2000,293,Export Quantity
Belgium,2000,10859,Export Quantity
Belize,2000,199,Export Quantity
Botswana,2000,211,Export Quantity
Brazil,2000,3714,Export Quantity
Brunei,2000,30,Export Quantity
Bulgaria,2000,50,Export Quantity
Burundi,2000,3482,Export Quantity
Canada,2000,1335,Export Quantity
Central African Republic,2000,13,Export Quantity
Chad,2000,30,Export Quantity
Chile,2000,293,Export Quantity
"China, Hong Kong SAR",2000,6994,Export Quantity
"China, Macao SAR",2000,270,Export Quantity
"China, Mainland",2000,227662,Export Quantity
"China, Taiwan Province of",2000,3035,Export Quantity
Congo (Brazzaville),2000,11,Export Quantity
Croatia,2000,8,Export Quantity
Czechia,2000,212,Export Quantity
Côte d'Ivoire,2000,322,Export Quantity
DR Congo (Brazzaville),2000,87,Export Quantity
Denmark,2000,422,Export Quantity
Ecuador,2000,1166,Export Quantity
Egypt,2000,929,Export Quantity
El Salvador,2000,335,Export Quantity
Estonia,2000,80,Export Quantity
Eswatini,2000,30,Export Quantity
Ethiopia,2000,700,Export Quantity
Fiji,2000,15,Export Quantity
Finland,2000,344,Export Quantity
France,2000,3939,Export Quantity
Gambia,2000,6,Export Quantity
Georgia,2000,9639,Export Quantity
Germany,2000,17012,Export Quantity
Greece,2000,18,Export Quantity
Guatemala,2000,63,Export Quantity
Honduras,2000,14,Export Quantity
Hungary,2000,516,Export Quantity
India,2000,200868,Export Quantity
Indonesia,2000,105581,Export Quantity
Iran,2000,21237,Export Quantity
Ireland,2000,440,Export Quantity
Israel,2000,155,Export Quantity
Italy,2000,763,Export Quantity
Japan,2000,704,Export Quantity
Jordan,2000,166,Export Quantity
Kazakhstan,2000,150,Export Quantity
Kenya,2000,217282,Export Quantity
Kuwait,2000,454,Export Quantity
Kyrgyzstan,2000,290,Export Quantity
Latvia,2000,31,Export Quantity
Lebanon,2000,87,Export Quantity
Libya,2000,18,Export Quantity
Lithuania,2000,240,Export Quantity
Luxembourg,2000,7,Export Quantity
Madagascar,2000,391,Export Quantity
Malawi,2000,42400,Export Quantity
Malaysia,2000,648,Export Quantity
Mauritius,2000,40,Export Quantity
Mexico,2000,210,Export Quantity
Morocco,2000,162,Export Quantity
Mozambique,2000,132,Export Quantity
Namibia,2000,9,Export Quantity
Nepal,2000,82,Export Quantity
Netherlands,2000,9357,Export Quantity
New Zealand,2000,103,Export Quantity
Niger,2000,291,Export Quantity
North Macedonia,2000,5,Export Quantity
Norway,2000,23,Export Quantity
Oman,2000,411,Export Quantity
Pakistan,2000,15,Export Quantity
Palestine,2000,57,Export Quantity
Panama,2000,74,Export Quantity
Papua New Guinea,2000,8500,Export Quantity
Peru,2000,11,Export Quantity
Poland,2000,2900,Export Quantity
Portugal,2000,28,Export Quantity
Qatar,2000,27,Export Quantity
Romania,2000,39,Export Quantity
Russia,2000,2113,Export Quantity
Rwanda,2000,11814,Export Quantity
Saudi Arabia,2000,187,Export Quantity
Senegal,2000,4,Export Quantity
Singapore,2000,5256,Export Quantity
Slovakia,2000,95,Export Quantity
Slovenia,2000,95,Export Quantity
South Africa,2000,10111,Export Quantity
South Korea,2000,372,Export Quantity
Spain,2000,150,Export Quantity
Sri Lanka,2000,287005,Export Quantity
Sweden,2000,1137,Export Quantity
Switzerland,2000,1776,Export Quantity
Tanzania,2000,22797,Export Quantity
Thailand,2000,587,Export Quantity
Trinidad and Tobago,2000,7,Export Quantity
Tunisia,2000,4,Export Quantity
Turkmenistan,2000,150,Export Quantity
Türkiye,2000,6381,Export Quantity
Uganda,2000,26388,Export Quantity
United Arab Emirates,2000,12400,Export Quantity
United Kingdom,2000,22501,Export Quantity
United States,2000,6088,Export Quantity
Uzbekistan,2000,17,Export Quantity
Vietnam,2000,55600,Export Quantity
Yemen,2000,23,Export Quantity
Zambia,2000,932,Export Quantity
Zimbabwe,2000,16916,Export Quantity
Angola,2011,150,Export Quantity
Argentina,2011,86650,Export Quantity
Australia,2011,1118,Export Quantity
Austria,2011,1953,Export Quantity
Azerbaijan,2011,7520,Export Quantity
Bahrain,2011,25,Export Quantity
Bangladesh,2011,945,Export Quantity
Belarus,2011,177,Export Quantity
Belgium,2011,15397,Export Quantity
Bolivia,2011,15,Export Quantity
Brazil,2011,1965,Export Quantity
Brunei,2011,53,Export Quantity
Bulgaria,2011,21,Export Quantity
Burundi,2011,3721,Export Quantity
Canada,2011,2227,Export Quantity
Chad,2011,14,Export Quantity
Chile,2011,348,Export Quantity
"China, Hong Kong SAR",2011,2255,Export Quantity
"China, Mainland",2011,322580,Export Quantity
"China, Taiwan Province of",2011,2815,Export Quantity
Colombia,2011,30,Export Quantity
Congo (Brazzaville),2011,90,Export Quantity
Costa Rica,2011,91,Export Quantity
Croatia,2011,30,Export Quantity
Czechia,2011,603,Export Quantity
Côte d'Ivoire,2011,498,Export Quantity
DR Congo (Brazzaville),2011,35,Export Quantity
Denmark,2011,557,Export Quantity
Ecuador,2011,557,Export Quantity
Egypt,2011,4722,Export Quantity
El Salvador,2011,4,Export Quantity
Estonia,2011,20,Export Quantity
Eswatini,2011,39,Export Quantity
Ethiopia,2011,705,Export Quantity
Fiji,2011,12,Export Quantity
Finland,2011,163,Export Quantity
France,2011,3141,Export Quantity
Gambia,2011,571,Export Quantity
Georgia,2011,2325,Export Quantity
Germany,2011,28665,Export Quantity
Ghana,2011,89,Export Quantity
Greece,2011,68,Export Quantity
Guatemala,2011,132,Export Quantity
Guyana,2011,102,Export Quantity
Hungary,2011,1955,Export Quantity
India,2011,322548,Export Quantity
Indonesia,2011,75450,Export Quantity
Iran,2011,22429,Export Quantity
Ireland,2011,1278,Export Quantity
Israel,2011,148,Export Quantity
Italy,2011,1297,Export Quantity
Jamaica,2011,106,Export Quantity
Japan,2011,2420,Export Quantity
Jordan,2011,577,Export Quantity
Kazakhstan,2011,761,Export Quantity
Kenya,2011,306678,Export Quantity
Kyrgyzstan,2011,401,Export Quantity
Latvia,2011,1046,Export Quantity
Lebanon,2011,301,Export Quantity
Lithuania,2011,382,Export Quantity
Luxembourg,2011,4,Export Quantity
Madagascar,2011,247,Export Quantity
Malawi,2011,46007,Export Quantity
Malaysia,2011,2503,Export Quantity
Mali,2011,558,Export Quantity
Mauritius,2011,33,Export Quantity
Mexico,2011,283,Export Quantity
Moldova,2011,6,Export Quantity
Montenegro,2011,13,Export Quantity
Morocco,2011,546,Export Quantity
Mozambique,2011,1324,Export Quantity
Myanmar,2011,814,Export Quantity
Nepal,2011,8854,Export Quantity
Netherlands,2011,10059,Export Quantity
New Zealand,2011,59,Export Quantity
Niger,2011,943,Export Quantity
Nigeria,2011,30,Export Quantity
Norway,2011,11,Export Quantity
Oman,2011,1840,Export Quantity
Pakistan,2011,1179,Export Quantity
Papua New Guinea,2011,4224,Export Quantity
Paraguay,2011,118,Export Quantity
Peru,2011,5,Export Quantity
Philippines,2011,144,Export Quantity
Poland,2011,14151,Export Quantity
Portugal,2011,129,Export Quantity
Romania,2011,100,Export Quantity
Russia,2011,7309,Export Quantity
Rwanda,2011,21011,Export Quantity
Saudi Arabia,2011,2330,Export Quantity
Senegal,2011,13,Export Quantity
Serbia,2011,54,Export Quantity
Singapore,2011,1677,Export Quantity
Slovakia,2011,317,Export Quantity
Slovenia,2011,9,Export Quantity
Somalia,2011,18,Export Quantity
South Africa,2011,2542,Export Quantity
South Korea,2011,507,Export Quantity
Spain,2011,619,Export Quantity
Sri Lanka,2011,321074,Export Quantity
Sweden,2011,723,Export Quantity
Switzerland,2011,2677,Export Quantity
Syria,2011,72,Export Quantity
Tanzania,2011,27114,Export Quantity
Thailand,2011,1214,Export Quantity
Togo,2011,92,Export Quantity
Trinidad and Tobago,2011,51,Export Quantity
Tunisia,2011,18,Export Quantity
Türkiye,2011,2242,Export Quantity
Uganda,2011,55650,Export Quantity
United Arab Emirates,2011,24761,Export Quantity
United Kingdom,2011,26436,Export Quantity
United States,2011,11326,Export Quantity
Uruguay,2011,16,Export Quantity
Vietnam,2011,133900,Export Quantity
Yemen,2011,2699,Export Quantity
Zambia,2011,33,Export Quantity
Zimbabwe,2011,11221,Export Quantity
Argentina,2001,58110,Export Quantity
Australia,2001,792,Export Quantity
Austria,2001,594,Export Quantity
Azerbaijan,2001,1571,Export Quantity
Bahamas,2001,19,Export Quantity
Bangladesh,2001,6400,Export Quantity
Barbados,2001,30,Export Quantity
Belarus,2001,181,Export Quantity
Belgium,2001,4821,Export Quantity
Botswana,2001,32,Export Quantity
Brazil,2001,4082,Export Quantity
Brunei,2001,36,Export Quantity
Bulgaria,2001,494,Export Quantity
Burundi,2001,8706,Export Quantity
Canada,2001,1120,Export Quantity
Chad,2001,115,Export Quantity
Chile,2001,1172,Export Quantity
"China, Hong Kong SAR",2001,6165,Export Quantity
"China, Macao SAR",2001,225,Export Quantity
"China, Mainland",2001,249645,Export Quantity
"China, Taiwan Province of",2001,2559,Export Quantity
Congo (Brazzaville),2001,30,Export Quantity
Costa Rica,2001,7,Export Quantity
Croatia,2001,8,Export Quantity
Czechia,2001,239,Export Quantity
Côte d'Ivoire,2001,7682,Export Quantity
DR Congo (Brazzaville),2001,14,Export Quantity
Denmark,2001,479,Export Quantity
Djibouti,2001,36,Export Quantity
Ecuador,2001,1284,Export Quantity
Egypt,2001,734,Export Quantity
El Salvador,2001,423,Export Quantity
Estonia,2001,158,Export Quantity
Eswatini,2001,146,Export Quantity
Ethiopia,2001,200,Export Quantity
Fiji,2001,22,Export Quantity
Finland,2001,290,Export Quantity
France,2001,3491,Export Quantity
Georgia,2001,9621,Export Quantity
Germany,2001,17272,Export Quantity
Ghana,2001,10,Export Quantity
Greece,2001,127,Export Quantity
Guatemala,2001,109,Export Quantity
Hungary,2001,669,Export Quantity
India,2001,177603,Export Quantity
Indonesia,2001,99797,Export Quantity
Iran,2001,10004,Export Quantity
Ireland,2001,577,Export Quantity
Israel,2001,97,Export Quantity
Italy,2001,675,Export Quantity
Jamaica,2001,38,Export Quantity
Japan,2001,625,Export Quantity
Jordan,2001,159,Export Quantity
Kazakhstan,2001,74,Export Quantity
Kenya,2001,207244,Export Quantity
Kuwait,2001,556,Export Quantity
Kyrgyzstan,2001,261,Export Quantity
Latvia,2001,42,Export Quantity
Lebanon,2001,53,Export Quantity
Libya,2001,18,Export Quantity
Lithuania,2001,255,Export Quantity
Luxembourg,2001,39,Export Quantity
Madagascar,2001,387,Export Quantity
Malawi,2001,36587,Export Quantity
Malaysia,2001,1208,Export Quantity
Mali,2001,150,Export Quantity
Mauritania,2001,13,Export Quantity
Mauritius,2001,39,Export Quantity
Mexico,2001,332,Export Quantity
Moldova,2001,5,Export Quantity
Mongolia,2001,16,Export Quantity
Morocco,2001,162,Export Quantity
Mozambique,2001,950,Export Quantity
Namibia,2001,7,Export Quantity
Nepal,2001,70,Export Quantity
Netherlands,2001,9745,Export Quantity
New Zealand,2001,65,Export Quantity
Niger,2001,61,Export Quantity
Nigeria,2001,550,Export Quantity
North Macedonia,2001,19,Export Quantity
Norway,2001,7,Export Quantity
Oman,2001,375,Export Quantity
Pakistan,2001,24,Export Quantity
Palestine,2001,81,Export Quantity
Panama,2001,23,Export Quantity
Papua New Guinea,2001,8800,Export Quantity
Paraguay,2001,14,Export Quantity
Peru,2001,48,Export Quantity
Philippines,2001,23,Export Quantity
Poland,2001,2555,Export Quantity
Portugal,2001,27,Export Quantity
Romania,2001,18,Export Quantity
Russia,2001,907,Export Quantity
Rwanda,2001,17900,Export Quantity
Saudi Arabia,2001,146,Export Quantity
Singapore,2001,3592,Export Quantity
Slovakia,2001,162,Export Quantity
Slovenia,2001,7,Export Quantity
South Africa,2001,6450,Export Quantity
South Korea,2001,867,Export Quantity
Spain,2001,147,Export Quantity
Sri Lanka,2001,293524,Export Quantity
Sweden,2001,1040,Export Quantity
Switzerland,2001,1927,Export Quantity
Tajikistan,2001,15,Export Quantity
Tanzania,2001,22981,Export Quantity
Thailand,2001,1249,Export Quantity
Trinidad and Tobago,2001,22,Export Quantity
Tunisia,2001,9,Export Quantity
Turkmenistan,2001,25,Export Quantity
Türkiye,2001,4817,Export Quantity
Uganda,2001,18220,Export Quantity
United Arab Emirates,2001,17400,Export Quantity
United Kingdom,2001,27282,Export Quantity
United States,2001,5963,Export Quantity
Vietnam,2001,67900,Export Quantity
Yemen,2001,7,Export Quantity
Zambia,2001,895,Export Quantity
Zimbabwe,2001,6162,Export Quantity
Angola,2009,150,Export Quantity
Argentina,2009,69816,Export Quantity
Australia,2009,1618,Export Quantity
Austria,2009,1978,Export Quantity
Azerbaijan,2009,6265,Export Quantity
Bangladesh,2009,5339,Export Quantity
Belarus,2009,5,Export Quantity
Belgium,2009,7859,Export Quantity
Bolivia,2009,7,Export Quantity
Bosnia and Herzegovina,2009,4,Export Quantity
Botswana,2009,13,Export Quantity
Brazil,2009,2326,Export Quantity
Brunei,2009,53,Export Quantity
Burundi,2009,6454,Export Quantity
Canada,2009,3007,Export Quantity
Chad,2009,14,Export Quantity
Chile,2009,492,Export Quantity
"China, Hong Kong SAR",2009,1785,Export Quantity
"China, Macao SAR",2009,297,Export Quantity
"China, Mainland",2009,302952,Export Quantity
"China, Taiwan Province of",2009,2400,Export Quantity
Colombia,2009,82,Export Quantity
Costa Rica,2009,69,Export Quantity
Croatia,2009,45,Export Quantity
Czechia,2009,271,Export Quantity
Côte d'Ivoire,2009,618,Export Quantity
DR Congo (Brazzaville),2009,6,Export Quantity
Denmark,2009,520,Export Quantity
Ecuador,2009,640,Export Quantity
Egypt,2009,4669,Export Quantity
El Salvador,2009,57,Export Quantity
Estonia,2009,18,Export Quantity
Eswatini,2009,39,Export Quantity
Ethiopia,2009,476,Export Quantity
Fiji,2009,37,Export Quantity
Finland,2009,172,Export Quantity
France,2009,3633,Export Quantity
Gambia,2009,670,Export Quantity
Georgia,2009,2466,Export Quantity
Germany,2009,25301,Export Quantity
Ghana,2009,72,Export Quantity
Greece,2009,38,Export Quantity
Guatemala,2009,252,Export Quantity
Guyana,2009,49,Export Quantity
Hungary,2009,1326,Export Quantity
India,2009,203863,Export Quantity
Indonesia,2009,92304,Export Quantity
Iran,2009,10772,Export Quantity
Ireland,2009,349,Export Quantity
Israel,2009,136,Export Quantity
Italy,2009,875,Export Quantity
Jamaica,2009,102,Export Quantity
Japan,2009,1984,Export Quantity
Jordan,2009,610,Export Quantity
Kazakhstan,2009,426,Export Quantity
Kenya,2009,331594,Export Quantity
Kuwait,2009,775,Export Quantity
Kyrgyzstan,2009,236,Export Quantity
Latvia,2009,216,Export Quantity
Lebanon,2009,277,Export Quantity
Lithuania,2009,311,Export Quantity
Luxembourg,2009,4,Export Quantity
Madagascar,2009,232,Export Quantity
Malawi,2009,47356,Export Quantity
Malaysia,2009,2856,Export Quantity
Mali,2009,69,Export Quantity
Mauritania,2009,762,Export Quantity
Mauritius,2009,39,Export Quantity
Mexico,2009,245,Export Quantity
Moldova,2009,34,Export Quantity
Montenegro,2009,13,Export Quantity
Morocco,2009,484,Export Quantity
Mozambique,2009,1332,Export Quantity
Myanmar,2009,729,Export Quantity
Nepal,2009,9196,Export Quantity
Netherlands,2009,18158,Export Quantity
New Zealand,2009,86,Export Quantity
Niger,2009,851,Export Quantity
Nigeria,2009,94,Export Quantity
North Macedonia,2009,15,Export Quantity
Norway,2009,7,Export Quantity
Oman,2009,9430,Export Quantity
Pakistan,2009,933,Export Quantity
Papua New Guinea,2009,6250,Export Quantity
Paraguay,2009,211,Export Quantity
Philippines,2009,14,Export Quantity
Poland,2009,8609,Export Quantity
Portugal,2009,86,Export Quantity
Qatar,2009,29,Export Quantity
Romania,2009,689,Export Quantity
Russia,2009,9713,Export Quantity
Rwanda,2009,20624,Export Quantity
Saudi Arabia,2009,675,Export Quantity
Serbia,2009,45,Export Quantity
Singapore,2009,1397,Export Quantity
Slovakia,2009,184,Export Quantity
Slovenia,2009,83,Export Quantity
South Africa,2009,5431,Export Quantity
South Korea,2009,1204,Export Quantity
Spain,2009,320,Export Quantity
Sri Lanka,2009,288528,Export Quantity
Sudan,2009,20,Export Quantity
Sweden,2009,911,Export Quantity
Switzerland,2009,1375,Export Quantity
Syria,2009,109,Export Quantity
Tajikistan,2009,170,Export Quantity
Tanzania,2009,30438,Export Quantity
Thailand,2009,2958,Export Quantity
Togo,2009,18,Export Quantity
Trinidad and Tobago,2009,33,Export Quantity
Tunisia,2009,7,Export Quantity
Türkiye,2009,2135,Export Quantity
Uganda,2009,44446,Export Quantity
United Arab Emirates,2009,23681,Export Quantity
United Kingdom,2009,27741,Export Quantity
United States,2009,8530,Export Quantity
Vietnam,2009,133000,Export Quantity
Yemen,2009,2132,Export Quantity
Zambia,2009,181,Export Quantity
Zimbabwe,2009,7874,Export Quantity
Angola,2004,150,Export Quantity
Argentina,2004,67819,Export Quantity
Australia,2004,650,Export Quantity
Austria,2004,804,Export Quantity
Azerbaijan,2004,6747,Export Quantity
Bahrain,2004,120,Export Quantity
Bangladesh,2004,10635,Export Quantity
Belarus,2004,112,Export Quantity
Belgium,2004,6049,Export Quantity
Bolivia,2004,5,Export Quantity
Brazil,2004,3593,Export Quantity
Bulgaria,2004,4,Export Quantity
Burundi,2004,753,Export Quantity
Canada,2004,2742,Export Quantity
Chad,2004,41,Export Quantity
Chile,2004,660,Export Quantity
"China, Hong Kong SAR",2004,2618,Export Quantity
"China, Macao SAR",2004,182,Export Quantity
"China, Mainland",2004,280193,Export Quantity
"China, Taiwan Province of",2004,2450,Export Quantity
Colombia,2004,11,Export Quantity
Costa Rica,2004,43,Export Quantity
Croatia,2004,17,Export Quantity
Czechia,2004,156,Export Quantity
Côte d'Ivoire,2004,244,Export Quantity
DR Congo (Brazzaville),2004,55,Export Quantity
Denmark,2004,194,Export Quantity
Djibouti,2004,259,Export Quantity
Ecuador,2004,1036,Export Quantity
Egypt,2004,1315,Export Quantity
El Salvador,2004,168,Export Quantity
Estonia,2004,9,Export Quantity
Eswatini,2004,202,Export Quantity
Ethiopia,2004,1754,Export Quantity
Fiji,2004,20,Export Quantity
Finland,2004,212,Export Quantity
France,2004,3131,Export Quantity
Gabon,2004,18,Export Quantity
Gambia,2004,15,Export Quantity
Georgia,2004,7191,Export Quantity
Germany,2004,21646,Export Quantity
Ghana,2004,32,Export Quantity
Greece,2004,23,Export Quantity
Guatemala,2004,97,Export Quantity
Hungary,2004,1004,Export Quantity
India,2004,174728,Export Quantity
Indonesia,2004,98572,Export Quantity
Iran,2004,9491,Export Quantity
Ireland,2004,398,Export Quantity
Israel,2004,323,Export Quantity
Italy,2004,862,Export Quantity
Jamaica,2004,23,Export Quantity
Japan,2004,923,Export Quantity
Jordan,2004,212,Export Quantity
Kazakhstan,2004,127,Export Quantity
Kenya,2004,284309,Export Quantity
Kuwait,2004,15,Export Quantity
Kyrgyzstan,2004,1005,Export Quantity
Latvia,2004,35,Export Quantity
Lebanon,2004,92,Export Quantity
Liberia,2004,53,Export Quantity
Lithuania,2004,141,Export Quantity
Luxembourg,2004,20,Export Quantity
Madagascar,2004,314,Export Quantity
Malawi,2004,46200,Export Quantity
Malaysia,2004,998,Export Quantity
Mauritius,2004,51,Export Quantity
Mexico,2004,187,Export Quantity
Moldova,2004,24,Export Quantity
Morocco,2004,179,Export Quantity
Mozambique,2004,586,Export Quantity
Myanmar,2004,392,Export Quantity
Namibia,2004,46,Export Quantity
Nepal,2004,3740,Export Quantity
Netherlands,2004,12649,Export Quantity
New Zealand,2004,56,Export Quantity
Niger,2004,162,Export Quantity
Nigeria,2004,145,Export Quantity
North Macedonia,2004,7,Export Quantity
Norway,2004,11,Export Quantity
Oman,2004,1261,Export Quantity
Pakistan,2004,138,Export Quantity
Palestine,2004,35,Export Quantity
Papua New Guinea,2004,8100,Export Quantity
Paraguay,2004,41,Export Quantity
Peru,2004,12,Export Quantity
Philippines,2004,5,Export Quantity
Poland,2004,4887,Export Quantity
Portugal,2004,44,Export Quantity
Qatar,2004,17,Export Quantity
Romania,2004,73,Export Quantity
Russia,2004,5817,Export Quantity
Rwanda,2004,1102,Export Quantity
Saudi Arabia,2004,933,Export Quantity
Senegal,2004,215,Export Quantity
Singapore,2004,1570,Export Quantity
Slovakia,2004,324,Export Quantity
Slovenia,2004,22,Export Quantity
Somalia,2004,27,Export Quantity
South Africa,2004,5701,Export Quantity
South Korea,2004,2046,Export Quantity
Spain,2004,272,Export Quantity
Sri Lanka,2004,298909,Export Quantity
Sudan,2004,21,Export Quantity
Sweden,2004,881,Export Quantity
Switzerland,2004,1928,Export Quantity
Tanzania,2004,24330,Export Quantity
Thailand,2004,814,Export Quantity
Trinidad and Tobago,2004,117,Export Quantity
Tunisia,2004,22,Export Quantity
Türkiye,2004,5929,Export Quantity
Uganda,2004,36856,Export Quantity
United Arab Emirates,2004,14738,Export Quantity
United Kingdom,2004,28528,Export Quantity
United States,2004,5876,Export Quantity
Uzbekistan,2004,9,Export Quantity
Vietnam,2004,104000,Export Quantity
Yemen,2004,676,Export Quantity
Zambia,2004,917,Export Quantity
Zimbabwe,2004,14968,Export Quantity
Argentina,2002,57643,Export Quantity
Australia,2002,783,Export Quantity
Austria,2002,442,Export Quantity
Azerbaijan,2002,2284,Export Quantity
Bahamas,2002,19,Export Quantity
Bahrain,2002,19,Export Quantity
Bangladesh,2002,3964,Export Quantity
Belarus,2002,321,Export Quantity
Belgium,2002,7766,Export Quantity
Botswana,2002,33,Export Quantity
Brazil,2002,3979,Export Quantity
Bulgaria,2002,19,Export Quantity
Burundi,2002,638,Export Quantity
Canada,2002,1211,Export Quantity
Chad,2002,127,Export Quantity
Chile,2002,830,Export Quantity
"China, Hong Kong SAR",2002,3799,Export Quantity
"China, Macao SAR",2002,208,Export Quantity
"China, Mainland",2002,252272,Export Quantity
"China, Taiwan Province of",2002,2603,Export Quantity
Colombia,2002,21,Export Quantity
Congo (Brazzaville),2002,12,Export Quantity
Costa Rica,2002,79,Export Quantity
Croatia,2002,12,Export Quantity
Czechia,2002,180,Export Quantity
Côte d'Ivoire,2002,334,Export Quantity
DR Congo (Brazzaville),2002,53,Export Quantity
Denmark,2002,481,Export Quantity
Djibouti,2002,883,Export Quantity
Ecuador,2002,1185,Export Quantity
Egypt,2002,1378,Export Quantity
El Salvador,2002,387,Export Quantity
Estonia,2002,49,Export Quantity
Eswatini,2002,96,Export Quantity
Ethiopia,2002,399,Export Quantity
Fiji,2002,22,Export Quantity
Finland,2002,169,Export Quantity
France,2002,3835,Export Quantity
Georgia,2002,8944,Export Quantity
Germany,2002,18274,Export Quantity
Ghana,2002,410,Export Quantity
Greece,2002,84,Export Quantity
Guatemala,2002,62,Export Quantity
Hungary,2002,768,Export Quantity
India,2002,181617,Export Quantity
Indonesia,2002,100185,Export Quantity
Iran,2002,8233,Export Quantity
Ireland,2002,590,Export Quantity
Israel,2002,49,Export Quantity
Italy,2002,712,Export Quantity
Jamaica,2002,75,Export Quantity
Japan,2002,806,Export Quantity
Jordan,2002,150,Export Quantity
Kazakhstan,2002,259,Export Quantity
Kenya,2002,288300,Export Quantity
Kuwait,2002,66,Export Quantity
Kyrgyzstan,2002,915,Export Quantity
Latvia,2002,19,Export Quantity
Lebanon,2002,75,Export Quantity
Liberia,2002,24,Export Quantity
Lithuania,2002,231,Export Quantity
Luxembourg,2002,46,Export Quantity
Madagascar,2002,408,Export Quantity
Malawi,2002,42596,Export Quantity
Malaysia,2002,2231,Export Quantity
Mali,2002,79,Export Quantity
Malta,2002,4,Export Quantity
Mauritania,2002,13,Export Quantity
Mauritius,2002,40,Export Quantity
Mexico,2002,141,Export Quantity
Moldova,2002,44,Export Quantity
Morocco,2002,181,Export Quantity
Mozambique,2002,2424,Export Quantity
Myanmar,2002,307,Export Quantity
Namibia,2002,25,Export Quantity
Nepal,2002,80,Export Quantity
Netherlands,2002,11688,Export Quantity
New Zealand,2002,50,Export Quantity
Niger,2002,82,Export Quantity
Nigeria,2002,998,Export Quantity
North Macedonia,2002,8,Export Quantity
Norway,2002,25,Export Quantity
Oman,2002,1961,Export Quantity
Pakistan,2002,5,Export Quantity
Palestine,2002,92,Export Quantity
Papua New Guinea,2002,5200,Export Quantity
Peru,2002,42,Export Quantity
Poland,2002,3199,Export Quantity
Portugal,2002,51,Export Quantity
Qatar,2002,108,Export Quantity
Romania,2002,25,Export Quantity
Russia,2002,1766,Export Quantity
Rwanda,2002,14658,Export Quantity
Saint Lucia,2002,4,Export Quantity
Saudi Arabia,2002,366,Export Quantity
Singapore,2002,3993,Export Quantity
Slovakia,2002,186,Export Quantity
Slovenia,2002,7,Export Quantity
South Africa,2002,10922,Export Quantity
South Korea,2002,1380,Export Quantity
Spain,2002,114,Export Quantity
Sri Lanka,2002,290500,Export Quantity
Sudan,2002,101,Export Quantity
Sweden,2002,835,Export Quantity
Switzerland,2002,2332,Export Quantity
Tanzania,2002,24306,Export Quantity
Thailand,2002,1705,Export Quantity
Trinidad and Tobago,2002,49,Export Quantity
Tunisia,2002,6,Export Quantity
Türkiye,2002,4852,Export Quantity
Uganda,2002,30379,Export Quantity
United Arab Emirates,2002,27212,Export Quantity
United Kingdom,2002,29888,Export Quantity
United States,2002,6352,Export Quantity
Uruguay,2002,9,Export Quantity
Uzbekistan,2002,26,Export Quantity
Vietnam,2002,77000,Export Quantity
Yemen,2002,62,Export Quantity
Zambia,2002,932,Export Quantity
Zimbabwe,2002,18855,Export Quantity
Argentina,2013,77291,Export Quantity
Armenia,2013,4,Export Quantity
Australia,2013,1244,Export Quantity
Austria,2013,2183,Export Quantity
Azerbaijan,2013,7586,Export Quantity
Bangladesh,2013,665,Export Quantity
Belarus,2013,389,Export Quantity
Belgium,2013,13323,Export Quantity
Bolivia,2013,5,Export Quantity
Brazil,2013,623,Export Quantity
Bulgaria,2013,27,Export Quantity
Burkina Faso,2013,5,Export Quantity
Burundi,2013,10062,Export Quantity
Canada,2013,2326,Export Quantity
Chile,2013,276,Export Quantity
"China, Hong Kong SAR",2013,2167,Export Quantity
"China, Macao SAR",2013,280,Export Quantity
"China, Mainland",2013,325806,Export Quantity
"China, Taiwan Province of",2013,3919,Export Quantity
Colombia,2013,83,Export Quantity
Congo (Brazzaville),2013,20,Export Quantity
Costa Rica,2013,112,Export Quantity
Croatia,2013,46,Export Quantity
Czechia,2013,722,Export Quantity
Côte d'Ivoire,2013,414,Export Quantity
DR Congo (Brazzaville),2013,11,Export Quantity
Denmark,2013,626,Export Quantity
Djibouti,2013,30,Export Quantity
Dominican Republic,2013,8,Export Quantity
Ecuador,2013,697,Export Quantity
Egypt,2013,4678,Export Quantity
El Salvador,2013,11,Export Quantity
Estonia,2013,125,Export Quantity
Ethiopia,2013,400,Export Quantity
Fiji,2013,56,Export Quantity
Finland,2013,183,Export Quantity
France,2013,3769,Export Quantity
Gambia,2013,420,Export Quantity
Georgia,2013,1928,Export Quantity
Germany,2013,26948,Export Quantity
Ghana,2013,372,Export Quantity
Greece,2013,49,Export Quantity
Guatemala,2013,155,Export Quantity
Guyana,2013,17,Export Quantity
Hungary,2013,1074,Export Quantity
India,2013,254841,Export Quantity
Indonesia,2013,70842,Export Quantity
Iran,2013,14620,Export Quantity
Ireland,2013,731,Export Quantity
Israel,2013,148,Export Quantity
Italy,2013,623,Export Quantity
Jamaica,2013,360,Export Quantity
Japan,2013,3048,Export Quantity
Jordan,2013,332,Export Quantity
Kazakhstan,2013,1527,Export Quantity
Kenya,2013,448809,Export Quantity
Kuwait,2013,1169,Export Quantity
Kyrgyzstan,2013,99,Export Quantity
Latvia,2013,768,Export Quantity
Lebanon,2013,345,Export Quantity
Lithuania,2013,461,Export Quantity
Luxembourg,2013,8,Export Quantity
Madagascar,2013,160,Export Quantity
Malawi,2013,43245,Export Quantity
Malaysia,2013,2297,Export Quantity
Mali,2013,191,Export Quantity
Mauritius,2013,67,Export Quantity
Mexico,2013,103,Export Quantity
Moldova,2013,9,Export Quantity
Mongolia,2013,5,Export Quantity
Montenegro,2013,12,Export Quantity
Morocco,2013,439,Export Quantity
Mozambique,2013,3011,Export Quantity
Myanmar,2013,1629,Export Quantity
Namibia,2013,35,Export Quantity
Nepal,2013,10206,Export Quantity
Netherlands,2013,16420,Export Quantity
New Zealand,2013,175,Export Quantity
Niger,2013,1853,Export Quantity
Nigeria,2013,28,Export Quantity
North Macedonia,2013,6,Export Quantity
Norway,2013,13,Export Quantity
Oman,2013,2128,Export Quantity
Pakistan,2013,3190,Export Quantity
Papua New Guinea,2013,2943,Export Quantity
Peru,2013,15,Export Quantity
Philippines,2013,10,Export Quantity
Poland,2013,19180,Export Quantity
Portugal,2013,135,Export Quantity
Romania,2013,69,Export Quantity
Russia,2013,13578,Export Quantity
Rwanda,2013,22344,Export Quantity
Saudi Arabia,2013,1184,Export Quantity
Senegal,2013,1353,Export Quantity
Serbia,2013,52,Export Quantity
Singapore,2013,1404,Export Quantity
Slovakia,2013,270,Export Quantity
Slovenia,2013,19,Export Quantity
South Africa,2013,7987,Export Quantity
South Korea,2013,558,Export Quantity
Spain,2013,1144,Export Quantity
Sri Lanka,2013,317710,Export Quantity
Suriname,2013,16,Export Quantity
Sweden,2013,414,Export Quantity
Switzerland,2013,4075,Export Quantity
Syria,2013,43,Export Quantity
Tanzania,2013,26372,Export Quantity
Thailand,2013,1638,Export Quantity
Togo,2013,141,Export Quantity
Trinidad and Tobago,2013,31,Export Quantity
Tunisia,2013,27,Export Quantity
Türkiye,2013,4853,Export Quantity
Uganda,2013,62018,Export Quantity
United Arab Emirates,2013,45001,Export Quantity
United Kingdom,2013,22370,Export Quantity
United States,2013,13671,Export Quantity
Uruguay,2013,9,Export Quantity
Vietnam,2013,90296,Export Quantity
Yemen,2013,3094,Export Quantity
Zambia,2013,23,Export Quantity
Zimbabwe,2013,11863,Export Quantity
Angola,2012,150,Export Quantity
Antigua and Barbuda,2012,83,Export Quantity
Argentina,2012,78056,Export Quantity
Armenia,2012,4,Export Quantity
Australia,2012,828,Export Quantity
Austria,2012,2089,Export Quantity
Azerbaijan,2012,7036,Export Quantity
Bahrain,2012,4,Export Quantity
Bangladesh,2012,838,Export Quantity
Belarus,2012,368,Export Quantity
Belgium,2012,15050,Export Quantity
Bolivia,2012,12,Export Quantity
Botswana,2012,17,Export Quantity
Brazil,2012,1643,Export Quantity
Brunei,2012,53,Export Quantity
Bulgaria,2012,45,Export Quantity
Burundi,2012,9730,Export Quantity
Canada,2012,2517,Export Quantity
Chad,2012,14,Export Quantity
Chile,2012,364,Export Quantity
"China, Hong Kong SAR",2012,2455,Export Quantity
"China, Macao SAR",2012,275,Export Quantity
"China, Mainland",2012,313484,Export Quantity
"China, Taiwan Province of",2012,3143,Export Quantity
Colombia,2012,31,Export Quantity
Congo (Brazzaville),2012,72,Export Quantity
Costa Rica,2012,131,Export Quantity
Croatia,2012,38,Export Quantity
Czechia,2012,467,Export Quantity
Côte d'Ivoire,2012,1062,Export Quantity
DR Congo (Brazzaville),2012,65,Export Quantity
Denmark,2012,606,Export Quantity
Djibouti,2012,20,Export Quantity
Ecuador,2012,633,Export Quantity
Egypt,2012,5130,Export Quantity
El Salvador,2012,6,Export Quantity
Estonia,2012,60,Export Quantity
Eswatini,2012,39,Export Quantity
Ethiopia,2012,318,Export Quantity
Fiji,2012,7,Export Quantity
Finland,2012,186,Export Quantity
France,2012,3140,Export Quantity
Gambia,2012,604,Export Quantity
Georgia,2012,2297,Export Quantity
Germany,2012,27059,Export Quantity
Ghana,2012,23,Export Quantity
Greece,2012,51,Export Quantity
Guatemala,2012,145,Export Quantity
Guyana,2012,17,Export Quantity
Hungary,2012,1396,Export Quantity
India,2012,225082,Export Quantity
Indonesia,2012,70071,Export Quantity
Iran,2012,11208,Export Quantity
Ireland,2012,1127,Export Quantity
Israel,2012,118,Export Quantity
Italy,2012,1100,Export Quantity
Jamaica,2012,263,Export Quantity
Japan,2012,2408,Export Quantity
Jordan,2012,378,Export Quantity
Kazakhstan,2012,1382,Export Quantity
Kenya,2012,234181,Export Quantity
Kyrgyzstan,2012,475,Export Quantity
Latvia,2012,919,Export Quantity
Lebanon,2012,256,Export Quantity
Lithuania,2012,416,Export Quantity
Luxembourg,2012,5,Export Quantity
Madagascar,2012,163,Export Quantity
Malawi,2012,34679,Export Quantity
Malaysia,2012,2093,Export Quantity
Mali,2012,17,Export Quantity
Mauritius,2012,36,Export Quantity
Mexico,2012,188,Export Quantity
Montenegro,2012,20,Export Quantity
Morocco,2012,521,Export Quantity
Mozambique,2012,2501,Export Quantity
Myanmar,2012,1872,Export Quantity
Namibia,2012,32,Export Quantity
Nepal,2012,9893,Export Quantity
Netherlands,2012,15024,Export Quantity
New Zealand,2012,93,Export Quantity
Niger,2012,1177,Export Quantity
Nigeria,2012,9,Export Quantity
North Macedonia,2012,5,Export Quantity
Norway,2012,7,Export Quantity
Oman,2012,1403,Export Quantity
Pakistan,2012,2756,Export Quantity
Papua New Guinea,2012,3737,Export Quantity
Peru,2012,6,Export Quantity
Philippines,2012,21,Export Quantity
Poland,2012,16896,Export Quantity
Portugal,2012,146,Export Quantity
Romania,2012,69,Export Quantity
Russia,2012,12538,Export Quantity
Rwanda,2012,23010,Export Quantity
Saudi Arabia,2012,1746,Export Quantity
Senegal,2012,247,Export Quantity
Serbia,2012,42,Export Quantity
Singapore,2012,1346,Export Quantity
Slovakia,2012,398,Export Quantity
Slovenia,2012,11,Export Quantity
South Africa,2012,2798,Export Quantity
South Korea,2012,569,Export Quantity
Spain,2012,1194,Export Quantity
Sri Lanka,2012,318396,Export Quantity
Sudan,2012,6,Export Quantity
Sweden,2012,498,Export Quantity
Switzerland,2012,2830,Export Quantity
Syria,2012,27,Export Quantity
Tanzania,2012,27784,Export Quantity
Thailand,2012,1428,Export Quantity
Togo,2012,106,Export Quantity
Trinidad and Tobago,2012,31,Export Quantity
Tunisia,2012,15,Export Quantity
Türkiye,2012,3161,Export Quantity
Uganda,2012,55210,Export Quantity
United Arab Emirates,2012,31040,Export Quantity
United Kingdom,2012,21258,Export Quantity
United States,2012,14196,Export Quantity
Uruguay,2012,17,Export Quantity
Vietnam,2012,146898,Export Quantity
Yemen,2012,2710,Export Quantity
Zambia,2012,16,Export Quantity
Zimbabwe,2012,11540,Export Quantity
Angola,2007,150,Export Quantity
Argentina,2007,75767,Export Quantity
Australia,2007,649,Export Quantity
Austria,2007,2343,Export Quantity
Azerbaijan,2007,5988,Export Quantity
Bangladesh,2007,5269,Export Quantity
Belarus,2007,40,Export Quantity
Belgium,2007,8075,Export Quantity
Belize,2007,5,Export Quantity
Bolivia,2007,7,Export Quantity
Bosnia and Herzegovina,2007,9,Export Quantity
Brazil,2007,3298,Export Quantity
Brunei,2007,12,Export Quantity
Burundi,2007,2437,Export Quantity
Canada,2007,3799,Export Quantity
Chad,2007,14,Export Quantity
Chile,2007,777,Export Quantity
"China, Hong Kong SAR",2007,1859,Export Quantity
"China, Macao SAR",2007,271,Export Quantity
"China, Mainland",2007,289616,Export Quantity
"China, Taiwan Province of",2007,2583,Export Quantity
Colombia,2007,9,Export Quantity
Costa Rica,2007,44,Export Quantity
Croatia,2007,21,Export Quantity
Cyprus,2007,16,Export Quantity
Czechia,2007,291,Export Quantity
Côte d'Ivoire,2007,570,Export Quantity
DR Congo (Brazzaville),2007,21,Export Quantity
Denmark,2007,242,Export Quantity
Ecuador,2007,724,Export Quantity
Egypt,2007,1962,Export Quantity
El Salvador,2007,553,Export Quantity
Estonia,2007,10,Export Quantity
Eswatini,2007,39,Export Quantity
Ethiopia,2007,959,Export Quantity
Fiji,2007,36,Export Quantity
Finland,2007,228,Export Quantity
France,2007,2636,Export Quantity
Georgia,2007,2303,Export Quantity
Germany,2007,24037,Export Quantity
Ghana,2007,233,Export Quantity
Greece,2007,25,Export Quantity
Guatemala,2007,350,Export Quantity
Hungary,2007,1678,Export Quantity
India,2007,193459,Export Quantity
Indonesia,2007,83659,Export Quantity
Iran,2007,77028,Export Quantity
Ireland,2007,433,Export Quantity
Israel,2007,296,Export Quantity
Italy,2007,1059,Export Quantity
Jamaica,2007,53,Export Quantity
Japan,2007,1769,Export Quantity
Jordan,2007,83,Export Quantity
Kazakhstan,2007,258,Export Quantity
Kenya,2007,374329,Export Quantity
Kuwait,2007,39,Export Quantity
Kyrgyzstan,2007,203,Export Quantity
Latvia,2007,150,Export Quantity
Lebanon,2007,439,Export Quantity
Liberia,2007,2411,Export Quantity
Lithuania,2007,212,Export Quantity
Luxembourg,2007,5,Export Quantity
Madagascar,2007,321,Export Quantity
Malawi,2007,54397,Export Quantity
Malaysia,2007,1143,Export Quantity
Mali,2007,167,Export Quantity
Mauritania,2007,762,Export Quantity
Mauritius,2007,46,Export Quantity
Mexico,2007,141,Export Quantity
Moldova,2007,128,Export Quantity
Montenegro,2007,41,Export Quantity
Morocco,2007,290,Export Quantity
Mozambique,2007,1518,Export Quantity
Myanmar,2007,688,Export Quantity
Namibia,2007,36,Export Quantity
Nepal,2007,9697,Export Quantity
Netherlands,2007,17561,Export Quantity
New Zealand,2007,101,Export Quantity
Niger,2007,493,Export Quantity
Nigeria,2007,85,Export Quantity
North Macedonia,2007,22,Export Quantity
Norway,2007,9,Export Quantity
Oman,2007,2778,Export Quantity
Pakistan,2007,247,Export Quantity
Palestine,2007,45,Export Quantity
Papua New Guinea,2007,6400,Export Quantity
Paraguay,2007,175,Export Quantity
Philippines,2007,332,Export Quantity
Poland,2007,5690,Export Quantity
Portugal,2007,66,Export Quantity
Qatar,2007,34,Export Quantity
Romania,2007,264,Export Quantity
Russia,2007,10298,Export Quantity
Rwanda,2007,20056,Export Quantity
Saudi Arabia,2007,1411,Export Quantity
Senegal,2007,102,Export Quantity
Serbia,2007,91,Export Quantity
Singapore,2007,1371,Export Quantity
Slovakia,2007,157,Export Quantity
Slovenia,2007,73,Export Quantity
Somalia,2007,321,Export Quantity
South Africa,2007,5137,Export Quantity
South Korea,2007,814,Export Quantity
Spain,2007,226,Export Quantity
Sri Lanka,2007,190203,Export Quantity
Sweden,2007,869,Export Quantity
Switzerland,2007,723,Export Quantity
Syria,2007,1056,Export Quantity
Tajikistan,2007,100,Export Quantity
Tanzania,2007,30506,Export Quantity
Thailand,2007,2720,Export Quantity
Trinidad and Tobago,2007,58,Export Quantity
Tunisia,2007,8,Export Quantity
Türkiye,2007,3330,Export Quantity
Uganda,2007,44015,Export Quantity
United Arab Emirates,2007,37218,Export Quantity
United Kingdom,2007,25353,Export Quantity
United States,2007,8071,Export Quantity
Uruguay,2007,5,Export Quantity
Vietnam,2007,114000,Export Quantity
Yemen,2007,1468,Export Quantity
Zambia,2007,664,Export Quantity
Zimbabwe,2007,6840,Export Quantity
Angola,2008,150,Export Quantity
Argentina,2008,77498,Export Quantity
Australia,2008,1447,Export Quantity
Austria,2008,2098,Export Quantity
Azerbaijan,2008,5252,Export Quantity
Bangladesh,2008,8259,Export Quantity
Belarus,2008,60,Export Quantity
Belgium,2008,8167,Export Quantity
Bolivia,2008,8,Export Quantity
Botswana,2008,9,Export Quantity
Brazil,2008,3034,Export Quantity
Brunei,2008,12,Export Quantity
Bulgaria,2008,17,Export Quantity
Burundi,2008,6149,Export Quantity
Cameroon,2008,19,Export Quantity
Canada,2008,3247,Export Quantity
Chad,2008,14,Export Quantity
Chile,2008,504,Export Quantity
"China, Hong Kong SAR",2008,1959,Export Quantity
"China, Macao SAR",2008,272,Export Quantity
"China, Mainland",2008,296946,Export Quantity
"China, Taiwan Province of",2008,2843,Export Quantity
Colombia,2008,150,Export Quantity
Congo (Brazzaville),2008,167,Export Quantity
Costa Rica,2008,96,Export Quantity
Croatia,2008,21,Export Quantity
Cyprus,2008,4,Export Quantity
Czechia,2008,653,Export Quantity
Côte d'Ivoire,2008,491,Export Quantity
DR Congo (Brazzaville),2008,6,Export Quantity
Denmark,2008,485,Export Quantity
Ecuador,2008,513,Export Quantity
Egypt,2008,1252,Export Quantity
El Salvador,2008,2247,Export Quantity
Estonia,2008,16,Export Quantity
Eswatini,2008,39,Export Quantity
Ethiopia,2008,528,Export Quantity
Fiji,2008,43,Export Quantity
Finland,2008,181,Export Quantity
France,2008,3527,Export Quantity
Georgia,2008,2213,Export Quantity
Germany,2008,26994,Export Quantity
Ghana,2008,93,Export Quantity
Greece,2008,19,Export Quantity
Guatemala,2008,254,Export Quantity
Guyana,2008,6,Export Quantity
Hungary,2008,1662,Export Quantity
India,2008,203207,Export Quantity
Indonesia,2008,96210,Export Quantity
Iran,2008,24084,Export Quantity
Ireland,2008,473,Export Quantity
Israel,2008,242,Export Quantity
Italy,2008,1018,Export Quantity
Jamaica,2008,60,Export Quantity
Japan,2008,1767,Export Quantity
Jordan,2008,421,Export Quantity
Kazakhstan,2008,733,Export Quantity
Kenya,2008,396641,Export Quantity
Kuwait,2008,39,Export Quantity
Kyrgyzstan,2008,259,Export Quantity
Latvia,2008,127,Export Quantity
Lebanon,2008,170,Export Quantity
Lithuania,2008,251,Export Quantity
Madagascar,2008,178,Export Quantity
Malawi,2008,30435,Export Quantity
Malaysia,2008,1609,Export Quantity
Mali,2008,41,Export Quantity
Malta,2008,5,Export Quantity
Mauritania,2008,762,Export Quantity
Mauritius,2008,41,Export Quantity
Mexico,2008,108,Export Quantity
Moldova,2008,43,Export Quantity
Montenegro,2008,91,Export Quantity
Morocco,2008,455,Export Quantity
Mozambique,2008,1174,Export Quantity
Myanmar,2008,412,Export Quantity
Namibia,2008,10,Export Quantity
Nepal,2008,9762,Export Quantity
Netherlands,2008,18834,Export Quantity
New Zealand,2008,96,Export Quantity
Niger,2008,851,Export Quantity
Nigeria,2008,18,Export Quantity
North Macedonia,2008,11,Export Quantity
Norway,2008,5,Export Quantity
Oman,2008,3115,Export Quantity
Pakistan,2008,568,Export Quantity
Papua New Guinea,2008,5937,Export Quantity
Paraguay,2008,199,Export Quantity
Philippines,2008,163,Export Quantity
Poland,2008,7002,Export Quantity
Portugal,2008,72,Export Quantity
Qatar,2008,11,Export Quantity
Romania,2008,297,Export Quantity
Russia,2008,11464,Export Quantity
Rwanda,2008,20042,Export Quantity
Saudi Arabia,2008,675,Export Quantity
Senegal,2008,60,Export Quantity
Serbia,2008,44,Export Quantity
Singapore,2008,1233,Export Quantity
Slovakia,2008,168,Export Quantity
Slovenia,2008,91,Export Quantity
South Africa,2008,9284,Export Quantity
South Korea,2008,637,Export Quantity
Spain,2008,352,Export Quantity
Sri Lanka,2008,318329,Export Quantity
Sweden,2008,941,Export Quantity
Switzerland,2008,1703,Export Quantity
Syria,2008,188,Export Quantity
Tajikistan,2008,171,Export Quantity
Tanzania,2008,28103,Export Quantity
Thailand,2008,2365,Export Quantity
Togo,2008,266,Export Quantity
Trinidad and Tobago,2008,47,Export Quantity
Tunisia,2008,8,Export Quantity
Türkiye,2008,3191,Export Quantity
Uganda,2008,46022,Export Quantity
United Arab Emirates,2008,45872,Export Quantity
United Kingdom,2008,27652,Export Quantity
United States,2008,9091,Export Quantity
Uruguay,2008,6,Export Quantity
Vietnam,2008,104700,Export Quantity
Yemen,2008,1935,Export Quantity
Zambia,2008,174,Export Quantity
Zimbabwe,2008,5979,Export Quantity
Angola,2003,150,Export Quantity
Argentina,2003,59062,Export Quantity
Australia,2003,811,Export Quantity
Austria,2003,779,Export Quantity
Azerbaijan,2003,1853,Export Quantity
Bahrain,2003,46,Export Quantity
Bangladesh,2003,7348,Export Quantity
Belarus,2003,164,Export Quantity
Belgium,2003,7750,Export Quantity
Belize,2003,5,Export Quantity
Bosnia and Herzegovina,2003,4,Export Quantity
Botswana,2003,9,Export Quantity
Brazil,2003,4209,Export Quantity
Burkina Faso,2003,5,Export Quantity
Burundi,2003,792,Export Quantity
Cambodia,2003,7,Export Quantity
Canada,2003,2001,Export Quantity
Chad,2003,31,Export Quantity
Chile,2003,779,Export Quantity
"China, Hong Kong SAR",2003,3180,Export Quantity
"China, Macao SAR",2003,203,Export Quantity
"China, Mainland",2003,259914,Export Quantity
"China, Taiwan Province of",2003,2749,Export Quantity
Colombia,2003,23,Export Quantity
Costa Rica,2003,54,Export Quantity
Croatia,2003,17,Export Quantity
Czechia,2003,155,Export Quantity
Côte d'Ivoire,2003,279,Export Quantity
DR Congo (Brazzaville),2003,146,Export Quantity
Denmark,2003,281,Export Quantity
Djibouti,2003,153,Export Quantity
Ecuador,2003,1094,Export Quantity
Egypt,2003,1574,Export Quantity
El Salvador,2003,304,Export Quantity
Estonia,2003,62,Export Quantity
Eswatini,2003,136,Export Quantity
Ethiopia,2003,2193,Export Quantity
Fiji,2003,9,Export Quantity
Finland,2003,150,Export Quantity
France,2003,3714,Export Quantity
Georgia,2003,8471,Export Quantity
Germany,2003,18755,Export Quantity
Ghana,2003,37,Export Quantity
Greece,2003,80,Export Quantity
Guatemala,2003,47,Export Quantity
Hungary,2003,985,Export Quantity
India,2003,174246,Export Quantity
Indonesia,2003,88176,Export Quantity
Iran,2003,7402,Export Quantity
Ireland,2003,646,Export Quantity
Israel,2003,120,Export Quantity
Italy,2003,786,Export Quantity
Jamaica,2003,168,Export Quantity
Japan,2003,845,Export Quantity
Jordan,2003,273,Export Quantity
Kazakhstan,2003,109,Export Quantity
Kenya,2003,293751,Export Quantity
Kyrgyzstan,2003,968,Export Quantity
Latvia,2003,28,Export Quantity
Lebanon,2003,92,Export Quantity
Liberia,2003,7,Export Quantity
Lithuania,2003,187,Export Quantity
Luxembourg,2003,50,Export Quantity
Madagascar,2003,436,Export Quantity
Malawi,2003,36924,Export Quantity
Malaysia,2003,1631,Export Quantity
Mali,2003,21,Export Quantity
Mauritania,2003,11,Export Quantity
Mauritius,2003,52,Export Quantity
Mexico,2003,239,Export Quantity
Moldova,2003,44,Export Quantity
Morocco,2003,196,Export Quantity
Mozambique,2003,937,Export Quantity
Myanmar,2003,548,Export Quantity
Namibia,2003,15,Export Quantity
Nepal,2003,2160,Export Quantity
Netherlands,2003,10970,Export Quantity
New Zealand,2003,46,Export Quantity
Niger,2003,56,Export Quantity
Nigeria,2003,180,Export Quantity
North Macedonia,2003,6,Export Quantity
Norway,2003,10,Export Quantity
Oman,2003,1997,Export Quantity
Pakistan,2003,39,Export Quantity
Palestine,2003,100,Export Quantity
Papua New Guinea,2003,6600,Export Quantity
Paraguay,2003,16,Export Quantity
Peru,2003,8,Export Quantity
Poland,2003,3526,Export Quantity
Portugal,2003,29,Export Quantity
Qatar,2003,46,Export Quantity
Romania,2003,58,Export Quantity
Russia,2003,2959,Export Quantity
Rwanda,2003,15170,Export Quantity
Saudi Arabia,2003,551,Export Quantity
Senegal,2003,67,Export Quantity
Singapore,2003,2439,Export Quantity
Slovakia,2003,214,Export Quantity
Slovenia,2003,18,Export Quantity
South Africa,2003,7617,Export Quantity
South Korea,2003,1612,Export Quantity
Spain,2003,230,Export Quantity
Sri Lanka,2003,297003,Export Quantity
Sudan,2003,5,Export Quantity
Sweden,2003,839,Export Quantity
Switzerland,2003,1958,Export Quantity
Syria,2003,113,Export Quantity
Tajikistan,2003,15,Export Quantity
Tanzania,2003,20887,Export Quantity
Thailand,2003,1072,Export Quantity
Togo,2003,4,Export Quantity
Trinidad and Tobago,2003,89,Export Quantity
Tunisia,2003,21,Export Quantity
Türkiye,2003,6711,Export Quantity
Uganda,2003,8071,Export Quantity
United Arab Emirates,2003,18973,Export Quantity
United Kingdom,2003,37319,Export Quantity
United States,2003,7189,Export Quantity
Uruguay,2003,7,Export Quantity
Uzbekistan,2003,12,Export Quantity
Vietnam,2003,58600,Export Quantity
Yemen,2003,245,Export Quantity
Zambia,2003,817,Export Quantity
Zimbabwe,2003,13355,Export Quantity
Angola,2015,7,Export Quantity
Argentina,2015,76029,Export Quantity
Armenia,2015,56,Export Quantity
Australia,2015,847,Export Quantity
Austria,2015,1639,Export Quantity
Bahrain,2015,8,Export Quantity
Bangladesh,2015,574,Export Quantity
Belarus,2015,42,Export Quantity
Belgium,2015,14531,Export Quantity
Benin,2015,22,Export Quantity
Bolivia,2015,9,Export Quantity
Brazil,2015,399,Export Quantity
Bulgaria,2015,179,Export Quantity
Burundi,2015,10032,Export Quantity
Cameroon,2015,21,Export Quantity
Canada,2015,2265,Export Quantity
Chile,2015,252,Export Quantity
"China, Hong Kong SAR",2015,1835,Export Quantity
"China, Macao SAR",2015,221,Export Quantity
"China, Mainland",2015,324951,Export Quantity
"China, Taiwan Province of",2015,4744,Export Quantity
Colombia,2015,80,Export Quantity
Costa Rica,2015,90,Export Quantity
Croatia,2015,42,Export Quantity
Czechia,2015,729,Export Quantity
Côte d'Ivoire,2015,286,Export Quantity
DR Congo (Brazzaville),2015,13,Export Quantity
Denmark,2015,549,Export Quantity
Dominican Republic,2015,4,Export Quantity
Ecuador,2015,830,Export Quantity
Egypt,2015,1935,Export Quantity
El Salvador,2015,8,Export Quantity
Estonia,2015,58,Export Quantity
Ethiopia,2015,1026,Export Quantity
Fiji,2015,55,Export Quantity
Finland,2015,63,Export Quantity
France,2015,4157,Export Quantity
Gambia,2015,97,Export Quantity
Georgia,2015,1708,Export Quantity
Germany,2015,25392,Export Quantity
Ghana,2015,100,Export Quantity
Greece,2015,62,Export Quantity
Guatemala,2015,131,Export Quantity
Guinea,2015,4,Export Quantity
Guyana,2015,52,Export Quantity
Hungary,2015,48,Export Quantity
India,2015,235132,Export Quantity
Indonesia,2015,61915,Export Quantity
Iran,2015,7968,Export Quantity
Ireland,2015,589,Export Quantity
Israel,2015,115,Export Quantity
Italy,2015,1075,Export Quantity
Jamaica,2015,198,Export Quantity
Japan,2015,4263,Export Quantity
Jordan,2015,1077,Export Quantity
Kazakhstan,2015,1687,Export Quantity
Kenya,2015,298557,Export Quantity
Kuwait,2015,517,Export Quantity
Kyrgyzstan,2015,200,Export Quantity
Laos,2015,62,Export Quantity
Latvia,2015,526,Export Quantity
Lebanon,2015,274,Export Quantity
Lithuania,2015,912,Export Quantity
Luxembourg,2015,9,Export Quantity
Madagascar,2015,51,Export Quantity
Malawi,2015,38785,Export Quantity
Malaysia,2015,1877,Export Quantity
Mali,2015,66,Export Quantity
Mauritania,2015,11,Export Quantity
Mauritius,2015,41,Export Quantity
Mexico,2015,49,Export Quantity
Moldova,2015,92,Export Quantity
Montenegro,2015,14,Export Quantity
Morocco,2015,825,Export Quantity
Mozambique,2015,466,Export Quantity
Myanmar,2015,801,Export Quantity
Namibia,2015,234,Export Quantity
Nepal,2015,11002,Export Quantity
Netherlands,2015,16792,Export Quantity
New Zealand,2015,112,Export Quantity
Niger,2015,3376,Export Quantity
Nigeria,2015,12,Export Quantity
North Macedonia,2015,11,Export Quantity
Norway,2015,26,Export Quantity
Oman,2015,1929,Export Quantity
Pakistan,2015,1382,Export Quantity
Papua New Guinea,2015,1303,Export Quantity
Paraguay,2015,47,Export Quantity
Peru,2015,9,Export Quantity
Philippines,2015,10,Export Quantity
Poland,2015,19676,Export Quantity
Portugal,2015,228,Export Quantity
Qatar,2015,34,Export Quantity
Romania,2015,120,Export Quantity
Russia,2015,12517,Export Quantity
Rwanda,2015,25626,Export Quantity
Saudi Arabia,2015,1716,Export Quantity
Senegal,2015,2144,Export Quantity
Serbia,2015,39,Export Quantity
Sierra Leone,2015,15,Export Quantity
Singapore,2015,1798,Export Quantity
Slovakia,2015,113,Export Quantity
Slovenia,2015,19,Export Quantity
South Africa,2015,6118,Export Quantity
South Korea,2015,287,Export Quantity
Spain,2015,1145,Export Quantity
Sri Lanka,2015,304835,Export Quantity
Suriname,2015,7,Export Quantity
Sweden,2015,364,Export Quantity
Switzerland,2015,4125,Export Quantity
Syria,2015,33,Export Quantity
Tanzania,2015,29293,Export Quantity
Thailand,2015,1840,Export Quantity
Togo,2015,66,Export Quantity
Trinidad and Tobago,2015,97,Export Quantity
Türkiye,2015,5490,Export Quantity
Uganda,2015,53319,Export Quantity
United Arab Emirates,2015,30301,Export Quantity
United Kingdom,2015,20095,Export Quantity
United States,2015,16079,Export Quantity
Uruguay,2015,12,Export Quantity
Vanuatu,2015,9,Export Quantity
Vietnam,2015,125185,Export Quantity
Yemen,2015,1619,Export Quantity
Zimbabwe,2015,13959,Export Quantity
Albania,2010,7,Export Quantity
Angola,2010,150,Export Quantity
Argentina,2010,85695,Export Quantity
Australia,2010,1299,Export Quantity
Austria,2010,2201,Export Quantity
Azerbaijan,2010,8126,Export Quantity
Bahrain,2010,10,Export Quantity
Bangladesh,2010,1981,Export Quantity
Belarus,2010,19,Export Quantity
Belgium,2010,10082,Export Quantity
Bolivia,2010,11,Export Quantity
Bosnia and Herzegovina,2010,8,Export Quantity
Botswana,2010,6,Export Quantity
Brazil,2010,2542,Export Quantity
Brunei,2010,53,Export Quantity
Bulgaria,2010,12,Export Quantity
Burkina Faso,2010,39,Export Quantity
Burundi,2010,7769,Export Quantity
Canada,2010,2366,Export Quantity
Chad,2010,14,Export Quantity
Chile,2010,421,Export Quantity
"China, Hong Kong SAR",2010,2295,Export Quantity
"China, Macao SAR",2010,325,Export Quantity
"China, Mainland",2010,302525,Export Quantity
"China, Taiwan Province of",2010,2632,Export Quantity
Colombia,2010,45,Export Quantity
Costa Rica,2010,73,Export Quantity
Croatia,2010,45,Export Quantity
Czechia,2010,376,Export Quantity
Côte d'Ivoire,2010,376,Export Quantity
DR Congo (Brazzaville),2010,90,Export Quantity
Denmark,2010,520,Export Quantity
Ecuador,2010,625,Export Quantity
Egypt,2010,1919,Export Quantity
El Salvador,2010,14,Export Quantity
Estonia,2010,22,Export Quantity
Eswatini,2010,39,Export Quantity
Ethiopia,2010,484,Export Quantity
Fiji,2010,84,Export Quantity
Finland,2010,184,Export Quantity
France,2010,3980,Export Quantity
Gambia,2010,36,Export Quantity
Georgia,2010,1492,Export Quantity
Germany,2010,25939,Export Quantity
Greece,2010,70,Export Quantity
Guatemala,2010,182,Export Quantity
Guyana,2010,18,Export Quantity
Hungary,2010,1367,Export Quantity
India,2010,234560,Export Quantity
Indonesia,2010,87101,Export Quantity
Iran,2010,24611,Export Quantity
Ireland,2010,876,Export Quantity
Israel,2010,204,Export Quantity
Italy,2010,1223,Export Quantity
Jamaica,2010,180,Export Quantity
Japan,2010,2287,Export Quantity
Jordan,2010,131,Export Quantity
Kazakhstan,2010,269,Export Quantity
Kenya,2010,417661,Export Quantity
Kuwait,2010,4,Export Quantity
Kyrgyzstan,2010,223,Export Quantity
Latvia,2010,1211,Export Quantity
Lebanon,2010,277,Export Quantity
Libya,2010,10,Export Quantity
Lithuania,2010,488,Export Quantity
Luxembourg,2010,5,Export Quantity
Madagascar,2010,201,Export Quantity
Malawi,2010,49999,Export Quantity
Malaysia,2010,2286,Export Quantity
Mali,2010,69,Export Quantity
Mexico,2010,240,Export Quantity
Moldova,2010,20,Export Quantity
Montenegro,2010,18,Export Quantity
Morocco,2010,645,Export Quantity
Mozambique,2010,1759,Export Quantity
Myanmar,2010,579,Export Quantity
Namibia,2010,90,Export Quantity
Nepal,2010,8498,Export Quantity
Netherlands,2010,17628,Export Quantity
New Zealand,2010,332,Export Quantity
Niger,2010,1041,Export Quantity
Nigeria,2010,33,Export Quantity
North Macedonia,2010,5,Export Quantity
Norway,2010,15,Export Quantity
Oman,2010,712,Export Quantity
Pakistan,2010,1244,Export Quantity
Papua New Guinea,2010,4581,Export Quantity
Paraguay,2010,72,Export Quantity
Peru,2010,89,Export Quantity
Philippines,2010,365,Export Quantity
Poland,2010,10008,Export Quantity
Portugal,2010,106,Export Quantity
Romania,2010,106,Export Quantity
Russia,2010,9170,Export Quantity
Rwanda,2010,22143,Export Quantity
Saudi Arabia,2010,2232,Export Quantity
Senegal,2010,26,Export Quantity
Serbia,2010,48,Export Quantity
Singapore,2010,1085,Export Quantity
Slovakia,2010,140,Export Quantity
Slovenia,2010,20,Export Quantity
Somalia,2010,18,Export Quantity
South Africa,2010,4346,Export Quantity
South Korea,2010,711,Export Quantity
Spain,2010,633,Export Quantity
Sri Lanka,2010,312908,Export Quantity
Sweden,2010,851,Export Quantity
Switzerland,2010,1928,Export Quantity
Syria,2010,109,Export Quantity
Tanzania,2010,26172,Export Quantity
Thailand,2010,2381,Export Quantity
Togo,2010,4,Export Quantity
Trinidad and Tobago,2010,34,Export Quantity
Tunisia,2010,17,Export Quantity
Türkiye,2010,2191,Export Quantity
Uganda,2010,55079,Export Quantity
United Arab Emirates,2010,49819,Export Quantity
United Kingdom,2010,30676,Export Quantity
United States,2010,10835,Export Quantity
Uruguay,2010,29,Export Quantity
Vanuatu,2010,5,Export Quantity
Vietnam,2010,136515,Export Quantity
Yemen,2010,1672,Export Quantity
Zambia,2010,76,Export Quantity
Zimbabwe,2010,10023,Export Quantity
Albania,2021,9,Export Quantity
Algeria,2021,9,Export Quantity
Angola,2021,5,Export Quantity
Antigua and Barbuda,2021,46,Export Quantity
Argentina,2021,64201,Export Quantity
Armenia,2021,91,Export Quantity
Australia,2021,1218,Export Quantity
Austria,2021,1284,Export Quantity
Azerbaijan,2021,1116,Export Quantity
Bahrain,2021,29,Export Quantity
Bangladesh,2021,869,Export Quantity
Belarus,2021,1081,Export Quantity
Belgium,2021,8748,Export Quantity
Belize,2021,8,Export Quantity
Brazil,2021,182,Export Quantity
Bulgaria,2021,19,Export Quantity
Burkina Faso,2021,16,Export Quantity
Burundi,2021,11388,Export Quantity
Cameroon,2021,5,Export Quantity
Canada,2021,1858,Export Quantity
Chile,2021,1004,Export Quantity
"China, Hong Kong SAR",2021,5584,Export Quantity
"China, Macao SAR",2021,191,Export Quantity
"China, Mainland",2021,369354,Export Quantity
"China, Taiwan Province of",2021,8969,Export Quantity
Colombia,2021,185,Export Quantity
Costa Rica,2021,79,Export Quantity
Croatia,2021,46,Export Quantity
Czechia,2021,564,Export Quantity
Côte d'Ivoire,2021,50,Export Quantity
DR Congo (Brazzaville),2021,4,Export Quantity
Denmark,2021,490,Export Quantity
Djibouti,2021,629,Export Quantity
Dominican Republic,2021,7,Export Quantity
Ecuador,2021,592,Export Quantity
Egypt,2021,1581,Export Quantity
El Salvador,2021,7,Export Quantity
Estonia,2021,50,Export Quantity
Ethiopia,2021,1290,Export Quantity
Fiji,2021,69,Export Quantity
Finland,2021,99,Export Quantity
France,2021,3744,Export Quantity
Georgia,2021,2440,Export Quantity
Germany,2021,22201,Export Quantity
Ghana,2021,48,Export Quantity
Greece,2021,118,Export Quantity
Guatemala,2021,169,Export Quantity
Hungary,2021,62,Export Quantity
India,2021,197240,Export Quantity
Indonesia,2021,42640,Export Quantity
Iran,2021,9807,Export Quantity
Iraq,2021,30,Export Quantity
Ireland,2021,1165,Export Quantity
Israel,2021,141,Export Quantity
Italy,2021,697,Export Quantity
Jamaica,2021,370,Export Quantity
Japan,2021,6297,Export Quantity
Jordan,2021,4263,Export Quantity
Kazakhstan,2021,5654,Export Quantity
Kenya,2021,556552,Export Quantity
Kuwait,2021,8,Export Quantity
Kyrgyzstan,2021,86,Export Quantity
Laos,2021,2972,Export Quantity
Latvia,2021,313,Export Quantity
Lebanon,2021,77,Export Quantity
Lithuania,2021,300,Export Quantity
Luxembourg,2021,22,Export Quantity
Madagascar,2021,22,Export Quantity
Malawi,2021,36798,Export Quantity
Malaysia,2021,6279,Export Quantity
Mali,2021,9,Export Quantity
Mauritius,2021,53,Export Quantity
Mexico,2021,52,Export Quantity
Moldova,2021,37,Export Quantity
Morocco,2021,1351,Export Quantity
Mozambique,2021,3644,Export Quantity
Myanmar,2021,3954,Export Quantity
Nepal,2021,9441,Export Quantity
Netherlands,2021,15535,Export Quantity
New Zealand,2021,389,Export Quantity
Niger,2021,1414,Export Quantity
Nigeria,2021,42,Export Quantity
North Macedonia,2021,40,Export Quantity
Norway,2021,11,Export Quantity
Oman,2021,4539,Export Quantity
Pakistan,2021,5421,Export Quantity
Palestine,2021,5,Export Quantity
Papua New Guinea,2021,269,Export Quantity
Peru,2021,435,Export Quantity
Philippines,2021,26,Export Quantity
Poland,2021,21817,Export Quantity
Portugal,2021,132,Export Quantity
Qatar,2021,8,Export Quantity
Romania,2021,68,Export Quantity
Russia,2021,21853,Export Quantity
Rwanda,2021,38867,Export Quantity
Saudi Arabia,2021,1748,Export Quantity
Senegal,2021,1239,Export Quantity
Serbia,2021,51,Export Quantity
Sierra Leone,2021,34,Export Quantity
Singapore,2021,1568,Export Quantity
Slovakia,2021,50,Export Quantity
Slovenia,2021,43,Export Quantity
South Africa,2021,4437,Export Quantity
South Korea,2021,516,Export Quantity
Spain,2021,1372,Export Quantity
Sri Lanka,2021,282986,Export Quantity
Sudan,2021,395,Export Quantity
Suriname,2021,11,Export Quantity
Sweden,2021,375,Export Quantity
Switzerland,2021,6294,Export Quantity
Syria,2021,106,Export Quantity
Tanzania,2021,24239,Export Quantity
Thailand,2021,3482,Export Quantity
Togo,2021,12,Export Quantity
Trinidad and Tobago,2021,50,Export Quantity
Türkiye,2021,5815,Export Quantity
Uganda,2021,18064,Export Quantity
United Arab Emirates,2021,59510,Export Quantity
United Kingdom,2021,16463,Export Quantity
United States,2021,15239,Export Quantity
Uzbekistan,2021,176,Export Quantity
Vietnam,2021,82470,Export Quantity
Yemen,2021,1274,Export Quantity
Zambia,2021,49,Export Quantity
Zimbabwe,2021,11569,Export Quantity
Afghanistan,2019,52,Export Quantity
Angola,2019,20,Export Quantity
Argentina,2019,75322,Export Quantity
Armenia,2019,12,Export Quantity
Australia,2019,1407,Export Quantity
Austria,2019,975,Export Quantity
Azerbaijan,2019,1506,Export Quantity
Bahrain,2019,35,Export Quantity
Bangladesh,2019,880,Export Quantity
Belarus,2019,493,Export Quantity
Belgium,2019,12084,Export Quantity
Belize,2019,4,Export Quantity
Brazil,2019,305,Export Quantity
Brunei,2019,7,Export Quantity
Bulgaria,2019,465,Export Quantity
Burundi,2019,10086,Export Quantity
Cameroon,2019,89,Export Quantity
Canada,2019,3248,Export Quantity
Chile,2019,295,Export Quantity
"China, Hong Kong SAR",2019,8674,Export Quantity
"China, Mainland",2019,366806,Export Quantity
"China, Taiwan Province of",2019,10304,Export Quantity
Colombia,2019,195,Export Quantity
Costa Rica,2019,64,Export Quantity
Croatia,2019,40,Export Quantity
Czechia,2019,408,Export Quantity
Côte d'Ivoire,2019,279,Export Quantity
Denmark,2019,441,Export Quantity
Djibouti,2019,506,Export Quantity
Dominican Republic,2019,8,Export Quantity
Ecuador,2019,591,Export Quantity
Egypt,2019,1749,Export Quantity
El Salvador,2019,22,Export Quantity
Estonia,2019,25,Export Quantity
Ethiopia,2019,1232,Export Quantity
Fiji,2019,114,Export Quantity
Finland,2019,32,Export Quantity
France,2019,3078,Export Quantity
Gambia,2019,8,Export Quantity
Georgia,2019,2099,Export Quantity
Germany,2019,22728,Export Quantity
Ghana,2019,9,Export Quantity
Greece,2019,464,Export Quantity
Guatemala,2019,162,Export Quantity
Guinea,2019,6,Export Quantity
Hungary,2019,41,Export Quantity
India,2019,258051,Export Quantity
Indonesia,2019,42491,Export Quantity
Iran,2019,10000,Export Quantity
Iraq,2019,5,Export Quantity
Ireland,2019,768,Export Quantity
Israel,2019,150,Export Quantity
Italy,2019,1523,Export Quantity
Jamaica,2019,281,Export Quantity
Japan,2019,5192,Export Quantity
Jordan,2019,3203,Export Quantity
Kazakhstan,2019,2616,Export Quantity
Kenya,2019,475997,Export Quantity
Kuwait,2019,43,Export Quantity
Kyrgyzstan,2019,247,Export Quantity
Laos,2019,2368,Export Quantity
Latvia,2019,326,Export Quantity
Lebanon,2019,504,Export Quantity
Lesotho,2019,139,Export Quantity
Liberia,2019,105,Export Quantity
Lithuania,2019,394,Export Quantity
Luxembourg,2019,7,Export Quantity
Malawi,2019,46944,Export Quantity
Malaysia,2019,4644,Export Quantity
Mali,2019,421,Export Quantity
Mauritius,2019,34,Export Quantity
Mexico,2019,57,Export Quantity
Moldova,2019,96,Export Quantity
Mongolia,2019,6,Export Quantity
Montenegro,2019,11,Export Quantity
Morocco,2019,1904,Export Quantity
Mozambique,2019,3455,Export Quantity
Myanmar,2019,3011,Export Quantity
Nepal,2019,10660,Export Quantity
Netherlands,2019,12304,Export Quantity
New Zealand,2019,74,Export Quantity
Niger,2019,2760,Export Quantity
Nigeria,2019,598,Export Quantity
Norway,2019,11,Export Quantity
Oman,2019,310,Export Quantity
Pakistan,2019,5181,Export Quantity
Panama,2019,17,Export Quantity
Papua New Guinea,2019,345,Export Quantity
Peru,2019,28,Export Quantity
Philippines,2019,12,Export Quantity
Poland,2019,22892,Export Quantity
Portugal,2019,170,Export Quantity
Qatar,2019,12,Export Quantity
Romania,2019,171,Export Quantity
Russia,2019,19851,Export Quantity
Rwanda,2019,31157,Export Quantity
Saudi Arabia,2019,1247,Export Quantity
Senegal,2019,1072,Export Quantity
Serbia,2019,46,Export Quantity
Sierra Leone,2019,172,Export Quantity
Singapore,2019,2181,Export Quantity
Slovakia,2019,22,Export Quantity
Slovenia,2019,36,Export Quantity
South Africa,2019,5270,Export Quantity
South Korea,2019,366,Export Quantity
Spain,2019,1206,Export Quantity
Sri Lanka,2019,289586,Export Quantity
Sweden,2019,443,Export Quantity
Switzerland,2019,5437,Export Quantity
Syria,2019,87,Export Quantity
Tajikistan,2019,41,Export Quantity
Tanzania,2019,31655,Export Quantity
Thailand,2019,3471,Export Quantity
Togo,2019,90,Export Quantity
Trinidad and Tobago,2019,57,Export Quantity
Turkmenistan,2019,40,Export Quantity
Türkiye,2019,4362,Export Quantity
Uganda,2019,69095,Export Quantity
United Arab Emirates,2019,65799,Export Quantity
United Kingdom,2019,19154,Export Quantity
United States,2019,17187,Export Quantity
Uzbekistan,2019,38,Export Quantity
Vietnam,2019,134933,Export Quantity
Yemen,2019,1097,Export Quantity
Zambia,2019,11,Export Quantity
Zimbabwe,2019,14534,Export Quantity
Afghanistan,2018,44,Export Quantity
Algeria,2018,6,Export Quantity
Argentina,2018,72619,Export Quantity
Armenia,2018,25,Export Quantity
Australia,2018,1185,Export Quantity
Austria,2018,1048,Export Quantity
Azerbaijan,2018,1367,Export Quantity
Bahrain,2018,17,Export Quantity
Bangladesh,2018,949,Export Quantity
Belarus,2018,351,Export Quantity
Belgium,2018,11182,Export Quantity
Belize,2018,5,Export Quantity
Benin,2018,2962,Export Quantity
Bolivia,2018,13,Export Quantity
Brazil,2018,227,Export Quantity
Bulgaria,2018,776,Export Quantity
Burundi,2018,10495,Export Quantity
Cameroon,2018,5,Export Quantity
Canada,2018,2681,Export Quantity
Chad,2018,36,Export Quantity
Chile,2018,340,Export Quantity
"China, Hong Kong SAR",2018,7137,Export Quantity
"China, Macao SAR",2018,111,Export Quantity
"China, Mainland",2018,364815,Export Quantity
"China, Taiwan Province of",2018,8797,Export Quantity
Colombia,2018,157,Export Quantity
Costa Rica,2018,84,Export Quantity
Croatia,2018,33,Export Quantity
Czechia,2018,351,Export Quantity
Côte d'Ivoire,2018,234,Export Quantity
DR Congo (Brazzaville),2018,380,Export Quantity
Denmark,2018,558,Export Quantity
Djibouti,2018,330,Export Quantity
Dominican Republic,2018,4,Export Quantity
Ecuador,2018,711,Export Quantity
Egypt,2018,738,Export Quantity
Estonia,2018,19,Export Quantity
Ethiopia,2018,1083,Export Quantity
Fiji,2018,80,Export Quantity
Finland,2018,20,Export Quantity
France,2018,3178,Export Quantity
Georgia,2018,2058,Export Quantity
Germany,2018,23106,Export Quantity
Ghana,2018,31,Export Quantity
Greece,2018,303,Export Quantity
Guatemala,2018,136,Export Quantity
Guinea,2018,12,Export Quantity
Honduras,2018,6,Export Quantity
Hungary,2018,43,Export Quantity
India,2018,262423,Export Quantity
Indonesia,2018,49030,Export Quantity
Iran,2018,16327,Export Quantity
Ireland,2018,745,Export Quantity
Israel,2018,118,Export Quantity
Italy,2018,1229,Export Quantity
Jamaica,2018,309,Export Quantity
Japan,2018,5222,Export Quantity
Jordan,2018,3340,Export Quantity
Kazakhstan,2018,2958,Export Quantity
Kenya,2018,500591,Export Quantity
Kuwait,2018,647,Export Quantity
Kyrgyzstan,2018,308,Export Quantity
Laos,2018,94,Export Quantity
Latvia,2018,408,Export Quantity
Lebanon,2018,713,Export Quantity
Lithuania,2018,362,Export Quantity
Luxembourg,2018,16,Export Quantity
Madagascar,2018,24,Export Quantity
Malawi,2018,47625,Export Quantity
Malaysia,2018,3999,Export Quantity
Mali,2018,234,Export Quantity
Mauritius,2018,33,Export Quantity
Mexico,2018,63,Export Quantity
Moldova,2018,152,Export Quantity
Mongolia,2018,17,Export Quantity
Montenegro,2018,6,Export Quantity
Morocco,2018,4289,Export Quantity
Mozambique,2018,4483,Export Quantity
Myanmar,2018,3777,Export Quantity
Nepal,2018,17695,Export Quantity
Netherlands,2018,13054,Export Quantity
New Zealand,2018,79,Export Quantity
Niger,2018,3287,Export Quantity
Nigeria,2018,342,Export Quantity
Norway,2018,16,Export Quantity
Oman,2018,1911,Export Quantity
Pakistan,2018,5155,Export Quantity
Panama,2018,13,Export Quantity
Papua New Guinea,2018,711,Export Quantity
Peru,2018,32,Export Quantity
Poland,2018,19069,Export Quantity
Portugal,2018,242,Export Quantity
Qatar,2018,20,Export Quantity
Romania,2018,235,Export Quantity
Russia,2018,18852,Export Quantity
Rwanda,2018,30946,Export Quantity
Saudi Arabia,2018,2049,Export Quantity
Senegal,2018,2742,Export Quantity
Serbia,2018,73,Export Quantity
Sierra Leone,2018,10,Export Quantity
Singapore,2018,2449,Export Quantity
Slovakia,2018,72,Export Quantity
Slovenia,2018,35,Export Quantity
South Africa,2018,5974,Export Quantity
South Korea,2018,355,Export Quantity
Spain,2018,1411,Export Quantity
Sri Lanka,2018,164709,Export Quantity
Sweden,2018,484,Export Quantity
Switzerland,2018,4871,Export Quantity
Syria,2018,111,Export Quantity
Tanzania,2018,26909,Export Quantity
Thailand,2018,2743,Export Quantity
Togo,2018,96,Export Quantity
Trinidad and Tobago,2018,73,Export Quantity
Turkmenistan,2018,20,Export Quantity
Türkiye,2018,3556,Export Quantity
Uganda,2018,70101,Export Quantity
United Arab Emirates,2018,67492,Export Quantity
United Kingdom,2018,18107,Export Quantity
United States,2018,18275,Export Quantity
Uzbekistan,2018,20,Export Quantity
Vanuatu,2018,10,Export Quantity
Vietnam,2018,77234,Export Quantity
Yemen,2018,1093,Export Quantity
Zambia,2018,5,Export Quantity
Zimbabwe,2018,14229,Export Quantity
Afghanistan,2016,168,Export Quantity
Argentina,2016,78177,Export Quantity
Armenia,2016,12,Export Quantity
Australia,2016,1371,Export Quantity
Austria,2016,1514,Export Quantity
Bahrain,2016,44,Export Quantity
Bangladesh,2016,721,Export Quantity
Barbados,2016,10,Export Quantity
Belarus,2016,151,Export Quantity
Belgium,2016,14385,Export Quantity
Bolivia,2016,6,Export Quantity
Botswana,2016,4,Export Quantity
Brazil,2016,367,Export Quantity
Bulgaria,2016,471,Export Quantity
Burkina Faso,2016,5,Export Quantity
Burundi,2016,10654,Export Quantity
Cameroon,2016,21,Export Quantity
Canada,2016,2442,Export Quantity
Chad,2016,9,Export Quantity
Chile,2016,316,Export Quantity
"China, Hong Kong SAR",2016,2161,Export Quantity
"China, Mainland",2016,328699,Export Quantity
"China, Taiwan Province of",2016,5758,Export Quantity
Colombia,2016,109,Export Quantity
Costa Rica,2016,83,Export Quantity
Croatia,2016,35,Export Quantity
Czechia,2016,1007,Export Quantity
Côte d'Ivoire,2016,203,Export Quantity
DR Congo (Brazzaville),2016,508,Export Quantity
Denmark,2016,492,Export Quantity
Djibouti,2016,97,Export Quantity
Dominican Republic,2016,11,Export Quantity
Ecuador,2016,697,Export Quantity
Egypt,2016,2650,Export Quantity
El Salvador,2016,4,Export Quantity
Estonia,2016,40,Export Quantity
Ethiopia,2016,2196,Export Quantity
Fiji,2016,70,Export Quantity
Finland,2016,68,Export Quantity
France,2016,3833,Export Quantity
Gambia,2016,253,Export Quantity
Georgia,2016,1567,Export Quantity
Germany,2016,25697,Export Quantity
Greece,2016,96,Export Quantity
Guatemala,2016,165,Export Quantity
Guyana,2016,15,Export Quantity
Hungary,2016,38,Export Quantity
India,2016,230456,Export Quantity
Indonesia,2016,51317,Export Quantity
Iran,2016,14787,Export Quantity
Ireland,2016,723,Export Quantity
Israel,2016,158,Export Quantity
Italy,2016,1648,Export Quantity
Jamaica,2016,193,Export Quantity
Japan,2016,4251,Export Quantity
Jordan,2016,2501,Export Quantity
Kazakhstan,2016,1928,Export Quantity
Kenya,2016,481076,Export Quantity
Kuwait,2016,423,Export Quantity
Kyrgyzstan,2016,168,Export Quantity
Laos,2016,67,Export Quantity
Latvia,2016,519,Export Quantity
Lebanon,2016,307,Export Quantity
Libya,2016,450,Export Quantity
Lithuania,2016,433,Export Quantity
Luxembourg,2016,14,Export Quantity
Madagascar,2016,95,Export Quantity
Malawi,2016,43656,Export Quantity
Malaysia,2016,2415,Export Quantity
Mali,2016,1310,Export Quantity
Mauritius,2016,41,Export Quantity
Mexico,2016,35,Export Quantity
Moldova,2016,105,Export Quantity
Mongolia,2016,7,Export Quantity
Montenegro,2016,14,Export Quantity
Morocco,2016,1022,Export Quantity
Mozambique,2016,3142,Export Quantity
Myanmar,2016,1271,Export Quantity
Namibia,2016,9,Export Quantity
Nepal,2016,13325,Export Quantity
Netherlands,2016,17465,Export Quantity
New Zealand,2016,147,Export Quantity
Niger,2016,4199,Export Quantity
Nigeria,2016,71,Export Quantity
North Macedonia,2016,5,Export Quantity
Norway,2016,21,Export Quantity
Oman,2016,1419,Export Quantity
Pakistan,2016,1458,Export Quantity
Papua New Guinea,2016,896,Export Quantity
Paraguay,2016,35,Export Quantity
Peru,2016,22,Export Quantity
Poland,2016,19686,Export Quantity
Portugal,2016,199,Export Quantity
Qatar,2016,14,Export Quantity
Romania,2016,155,Export Quantity
Russia,2016,14767,Export Quantity
Rwanda,2016,25416,Export Quantity
Saudi Arabia,2016,1668,Export Quantity
Senegal,2016,434,Export Quantity
Serbia,2016,75,Export Quantity
Sierra Leone,2016,14,Export Quantity
Singapore,2016,2380,Export Quantity
Slovakia,2016,35,Export Quantity
Slovenia,2016,39,Export Quantity
South Africa,2016,5136,Export Quantity
South Korea,2016,376,Export Quantity
Spain,2016,914,Export Quantity
Sri Lanka,2016,286760,Export Quantity
Suriname,2016,112,Export Quantity
Sweden,2016,401,Export Quantity
Switzerland,2016,4252,Export Quantity
Syria,2016,75,Export Quantity
Tajikistan,2016,59,Export Quantity
Tanzania,2016,26308,Export Quantity
Thailand,2016,1825,Export Quantity
Togo,2016,33,Export Quantity
Trinidad and Tobago,2016,58,Export Quantity
Türkiye,2016,6117,Export Quantity
Uganda,2016,56286,Export Quantity
United Arab Emirates,2016,31878,Export Quantity
United Kingdom,2016,18706,Export Quantity
United States,2016,17718,Export Quantity
Uzbekistan,2016,7,Export Quantity
Vietnam,2016,136362,Export Quantity
Yemen,2016,66,Export Quantity
Zimbabwe,2016,11083,Export Quantity
Afghanistan,2020,6,Export Quantity
Albania,2020,4,Export Quantity
Algeria,2020,5,Export Quantity
Angola,2020,5,Export Quantity
Argentina,2020,65978,Export Quantity
Armenia,2020,40,Export Quantity
Australia,2020,1232,Export Quantity
Austria,2020,1149,Export Quantity
Azerbaijan,2020,1357,Export Quantity
Bahrain,2020,12,Export Quantity
Bangladesh,2020,2225,Export Quantity
Belarus,2020,731,Export Quantity
Belgium,2020,9572,Export Quantity
Belize,2020,6,Export Quantity
Bosnia and Herzegovina,2020,10,Export Quantity
Brazil,2020,235,Export Quantity
Bulgaria,2020,50,Export Quantity
Burkina Faso,2020,18,Export Quantity
Burundi,2020,9122,Export Quantity
Cameroon,2020,20,Export Quantity
Canada,2020,3018,Export Quantity
Chile,2020,234,Export Quantity
"China, Hong Kong SAR",2020,4966,Export Quantity
"China, Mainland",2020,348815,Export Quantity
"China, Taiwan Province of",2020,8019,Export Quantity
Colombia,2020,178,Export Quantity
Costa Rica,2020,198,Export Quantity
Croatia,2020,38,Export Quantity
Cyprus,2020,4,Export Quantity
Czechia,2020,492,Export Quantity
Côte d'Ivoire,2020,357,Export Quantity
Denmark,2020,444,Export Quantity
Djibouti,2020,643,Export Quantity
Ecuador,2020,623,Export Quantity
Egypt,2020,1463,Export Quantity
Estonia,2020,18,Export Quantity
Ethiopia,2020,2125,Export Quantity
Fiji,2020,81,Export Quantity
Finland,2020,73,Export Quantity
France,2020,3404,Export Quantity
Georgia,2020,2374,Export Quantity
Germany,2020,22111,Export Quantity
Ghana,2020,28,Export Quantity
Greece,2020,169,Export Quantity
Guatemala,2020,159,Export Quantity
Hungary,2020,46,Export Quantity
India,2020,210486,Export Quantity
Indonesia,2020,45265,Export Quantity
Iran,2020,12000,Export Quantity
Iraq,2020,4,Export Quantity
Ireland,2020,796,Export Quantity
Israel,2020,157,Export Quantity
Italy,2020,810,Export Quantity
Jamaica,2020,356,Export Quantity
Japan,2020,5340,Export Quantity
Jordan,2020,2960,Export Quantity
Kazakhstan,2020,4171,Export Quantity
Kenya,2020,575509,Export Quantity
Kuwait,2020,528,Export Quantity
Kyrgyzstan,2020,364,Export Quantity
Laos,2020,1876,Export Quantity
Latvia,2020,298,Export Quantity
Lebanon,2020,228,Export Quantity
Lesotho,2020,110,Export Quantity
Lithuania,2020,366,Export Quantity
Luxembourg,2020,9,Export Quantity
Madagascar,2020,81,Export Quantity
Malawi,2020,46923,Export Quantity
Malaysia,2020,5885,Export Quantity
Mali,2020,19,Export Quantity
Mauritania,2020,24,Export Quantity
Mauritius,2020,47,Export Quantity
Mexico,2020,101,Export Quantity
Moldova,2020,53,Export Quantity
Montenegro,2020,21,Export Quantity
Morocco,2020,1638,Export Quantity
Mozambique,2020,3204,Export Quantity
Myanmar,2020,3402,Export Quantity
Nepal,2020,13499,Export Quantity
Netherlands,2020,14338,Export Quantity
New Zealand,2020,105,Export Quantity
Niger,2020,1694,Export Quantity
Nigeria,2020,479,Export Quantity
North Macedonia,2020,18,Export Quantity
Norway,2020,7,Export Quantity
Oman,2020,271,Export Quantity
Pakistan,2020,3169,Export Quantity
Panama,2020,22,Export Quantity
Papua New Guinea,2020,305,Export Quantity
Peru,2020,82,Export Quantity
Philippines,2020,40,Export Quantity
Poland,2020,24262,Export Quantity
Portugal,2020,121,Export Quantity
Romania,2020,148,Export Quantity
Russia,2020,20538,Export Quantity
Rwanda,2020,37033,Export Quantity
Saudi Arabia,2020,1828,Export Quantity
Senegal,2020,1247,Export Quantity
Serbia,2020,52,Export Quantity
Sierra Leone,2020,32,Export Quantity
Singapore,2020,2439,Export Quantity
Slovakia,2020,28,Export Quantity
Slovenia,2020,45,Export Quantity
South Africa,2020,5112,Export Quantity
South Korea,2020,500,Export Quantity
Spain,2020,1094,Export Quantity
Sri Lanka,2020,285087,Export Quantity
Sudan,2020,18,Export Quantity
Sweden,2020,339,Export Quantity
Switzerland,2020,5909,Export Quantity
Syria,2020,75,Export Quantity
Tajikistan,2020,25,Export Quantity
Tanzania,2020,24096,Export Quantity
Thailand,2020,2851,Export Quantity
Togo,2020,51,Export Quantity
Trinidad and Tobago,2020,177,Export Quantity
Turkmenistan,2020,25,Export Quantity
Türkiye,2020,4918,Export Quantity
Uganda,2020,72454,Export Quantity
United Arab Emirates,2020,57720,Export Quantity
United Kingdom,2020,19087,Export Quantity
United States,2020,14262,Export Quantity
Uzbekistan,2020,134,Export Quantity
Vietnam,2020,126449,Export Quantity
Yemen,2020,1372,Export Quantity
Zambia,2020,61,Export Quantity
Zimbabwe,2020,12138,Export Quantity
Argentina,2017,74921,Export Quantity
Armenia,2017,13,Export Quantity
Australia,2017,1366,Export Quantity
Austria,2017,1005,Export Quantity
Bahrain,2017,43,Export Quantity
Bangladesh,2017,2149,Export Quantity
Belarus,2017,182,Export Quantity
Belgium,2017,14063,Export Quantity
Bolivia,2017,7,Export Quantity
Brazil,2017,297,Export Quantity
Bulgaria,2017,583,Export Quantity
Burundi,2017,9577,Export Quantity
Cameroon,2017,11,Export Quantity
Canada,2017,3005,Export Quantity
Chad,2017,31,Export Quantity
Chile,2017,340,Export Quantity
"China, Hong Kong SAR",2017,4450,Export Quantity
"China, Macao SAR",2017,189,Export Quantity
"China, Mainland",2017,355258,Export Quantity
"China, Taiwan Province of",2017,7653,Export Quantity
Colombia,2017,119,Export Quantity
Costa Rica,2017,89,Export Quantity
Croatia,2017,37,Export Quantity
Czechia,2017,504,Export Quantity
Côte d'Ivoire,2017,205,Export Quantity
DR Congo (Brazzaville),2017,594,Export Quantity
Denmark,2017,424,Export Quantity
Djibouti,2017,298,Export Quantity
Dominican Republic,2017,25,Export Quantity
Ecuador,2017,764,Export Quantity
Egypt,2017,787,Export Quantity
El Salvador,2017,5,Export Quantity
Estonia,2017,29,Export Quantity
Ethiopia,2017,2088,Export Quantity
Fiji,2017,72,Export Quantity
Finland,2017,32,Export Quantity
France,2017,3446,Export Quantity
Gambia,2017,314,Export Quantity
Georgia,2017,2270,Export Quantity
Germany,2017,25578,Export Quantity
Ghana,2017,69,Export Quantity
Greece,2017,128,Export Quantity
Guatemala,2017,141,Export Quantity
Honduras,2017,17,Export Quantity
Hungary,2017,49,Export Quantity
India,2017,261419,Export Quantity
Indonesia,2017,51357,Export Quantity
Iran,2017,14658,Export Quantity
Iraq,2017,51,Export Quantity
Ireland,2017,861,Export Quantity
Israel,2017,87,Export Quantity
Italy,2017,777,Export Quantity
Jamaica,2017,275,Export Quantity
Japan,2017,4745,Export Quantity
Jordan,2017,2623,Export Quantity
Kazakhstan,2017,1863,Export Quantity
Kenya,2017,467024,Export Quantity
Kuwait,2017,721,Export Quantity
Kyrgyzstan,2017,274,Export Quantity
Laos,2017,73,Export Quantity
Latvia,2017,306,Export Quantity
Lebanon,2017,272,Export Quantity
Libya,2017,450,Export Quantity
Lithuania,2017,420,Export Quantity
Luxembourg,2017,14,Export Quantity
Madagascar,2017,61,Export Quantity
Malawi,2017,41273,Export Quantity
Malaysia,2017,2876,Export Quantity
Mali,2017,2030,Export Quantity
Mauritius,2017,47,Export Quantity
Mexico,2017,55,Export Quantity
Moldova,2017,134,Export Quantity
Mongolia,2017,11,Export Quantity
Montenegro,2017,13,Export Quantity
Morocco,2017,906,Export Quantity
Mozambique,2017,3452,Export Quantity
Myanmar,2017,3742,Export Quantity
Namibia,2017,12,Export Quantity
Nepal,2017,12941,Export Quantity
Netherlands,2017,17151,Export Quantity
New Zealand,2017,112,Export Quantity
Niger,2017,4813,Export Quantity
Nigeria,2017,154,Export Quantity
North Macedonia,2017,7,Export Quantity
Norway,2017,29,Export Quantity
Oman,2017,3837,Export Quantity
Pakistan,2017,1589,Export Quantity
Panama,2017,120,Export Quantity
Papua New Guinea,2017,938,Export Quantity
Paraguay,2017,10,Export Quantity
Peru,2017,28,Export Quantity
Philippines,2017,24,Export Quantity
Poland,2017,20109,Export Quantity
Portugal,2017,178,Export Quantity
Romania,2017,238,Export Quantity
Russia,2017,16863,Export Quantity
Rwanda,2017,26243,Export Quantity
Saudi Arabia,2017,1959,Export Quantity
Senegal,2017,1121,Export Quantity
Serbia,2017,58,Export Quantity
Sierra Leone,2017,13,Export Quantity
Singapore,2017,2004,Export Quantity
Slovakia,2017,52,Export Quantity
Slovenia,2017,32,Export Quantity
South Africa,2017,5375,Export Quantity
South Korea,2017,512,Export Quantity
Spain,2017,1231,Export Quantity
Sri Lanka,2017,286863,Export Quantity
Sudan,2017,11,Export Quantity
Sweden,2017,370,Export Quantity
Switzerland,2017,4622,Export Quantity
Syria,2017,153,Export Quantity
Tajikistan,2017,21,Export Quantity
Tanzania,2017,27548,Export Quantity
Thailand,2017,2709,Export Quantity
Togo,2017,32,Export Quantity
Trinidad and Tobago,2017,53,Export Quantity
Türkiye,2017,5177,Export Quantity
Uganda,2017,59207,Export Quantity
United Arab Emirates,2017,54613,Export Quantity
United Kingdom,2017,18863,Export Quantity
United States,2017,18497,Export Quantity
Uzbekistan,2017,21,Export Quantity
Vietnam,2017,146441,Export Quantity
Yemen,2017,751,Export Quantity
Zambia,2017,36,Export Quantity
Zimbabwe,2017,13396,Export Quantity
Argentina,2014,76892,Export Quantity
Armenia,2014,10,Export Quantity
Australia,2014,1417,Export Quantity
Austria,2014,2209,Export Quantity
Azerbaijan,2014,5440,Export Quantity
Bahrain,2014,20,Export Quantity
Bangladesh,2014,2475,Export Quantity
Belarus,2014,24,Export Quantity
Belgium,2014,14334,Export Quantity
Bolivia,2014,5,Export Quantity
Botswana,2014,6,Export Quantity
Brazil,2014,447,Export Quantity
Bulgaria,2014,66,Export Quantity
Burundi,2014,10444,Export Quantity
Cameroon,2014,15,Export Quantity
Canada,2014,2043,Export Quantity
Chad,2014,9,Export Quantity
Chile,2014,330,Export Quantity
"China, Hong Kong SAR",2014,2172,Export Quantity
"China, Macao SAR",2014,87,Export Quantity
"China, Mainland",2014,301484,Export Quantity
"China, Taiwan Province of",2014,3737,Export Quantity
Colombia,2014,97,Export Quantity
Costa Rica,2014,75,Export Quantity
Croatia,2014,42,Export Quantity
Czechia,2014,909,Export Quantity
Côte d'Ivoire,2014,418,Export Quantity
DR Congo (Brazzaville),2014,8,Export Quantity
Denmark,2014,571,Export Quantity
Ecuador,2014,749,Export Quantity
Egypt,2014,2385,Export Quantity
El Salvador,2014,4,Export Quantity
Estonia,2014,76,Export Quantity
Ethiopia,2014,1389,Export Quantity
Fiji,2014,81,Export Quantity
Finland,2014,175,Export Quantity
France,2014,3963,Export Quantity
Gambia,2014,292,Export Quantity
Georgia,2014,1913,Export Quantity
Germany,2014,27163,Export Quantity
Ghana,2014,720,Export Quantity
Greece,2014,47,Export Quantity
Guatemala,2014,158,Export Quantity
Guyana,2014,99,Export Quantity
Hungary,2014,1087,Export Quantity
India,2014,212606,Export Quantity
Indonesia,2014,66399,Export Quantity
Iran,2014,35613,Export Quantity
Ireland,2014,653,Export Quantity
Israel,2014,155,Export Quantity
Italy,2014,1016,Export Quantity
Jamaica,2014,388,Export Quantity
Japan,2014,3594,Export Quantity
Jordan,2014,441,Export Quantity
Kazakhstan,2014,1521,Export Quantity
Kenya,2014,296136,Export Quantity
Kuwait,2014,970,Export Quantity
Kyrgyzstan,2014,19,Export Quantity
Laos,2014,101,Export Quantity
Latvia,2014,384,Export Quantity
Lebanon,2014,358,Export Quantity
Liberia,2014,16,Export Quantity
Libya,2014,352,Export Quantity
Lithuania,2014,542,Export Quantity
Luxembourg,2014,12,Export Quantity
Madagascar,2014,80,Export Quantity
Malawi,2014,40000,Export Quantity
Malaysia,2014,2318,Export Quantity
Mali,2014,537,Export Quantity
Mauritius,2014,52,Export Quantity
Mexico,2014,41,Export Quantity
Moldova,2014,23,Export Quantity
Mongolia,2014,5,Export Quantity
Montenegro,2014,19,Export Quantity
Morocco,2014,691,Export Quantity
Mozambique,2014,4084,Export Quantity
Myanmar,2014,883,Export Quantity
Namibia,2014,67,Export Quantity
Nepal,2014,9943,Export Quantity
Netherlands,2014,16590,Export Quantity
New Zealand,2014,168,Export Quantity
Niger,2014,2601,Export Quantity
Nigeria,2014,23,Export Quantity
North Macedonia,2014,6,Export Quantity
Norway,2014,23,Export Quantity
Oman,2014,467,Export Quantity
Pakistan,2014,2990,Export Quantity
Papua New Guinea,2014,1933,Export Quantity
Paraguay,2014,35,Export Quantity
Peru,2014,7,Export Quantity
Philippines,2014,12,Export Quantity
Poland,2014,21639,Export Quantity
Portugal,2014,195,Export Quantity
Qatar,2014,78,Export Quantity
Romania,2014,57,Export Quantity
Russia,2014,12308,Export Quantity
Rwanda,2014,24032,Export Quantity
Saudi Arabia,2014,1889,Export Quantity
Senegal,2014,2667,Export Quantity
Serbia,2014,45,Export Quantity
Sierra Leone,2014,17,Export Quantity
Singapore,2014,1387,Export Quantity
Slovakia,2014,49,Export Quantity
Slovenia,2014,31,Export Quantity
South Africa,2014,7130,Export Quantity
South Korea,2014,452,Export Quantity
Spain,2014,1329,Export Quantity
Sri Lanka,2014,325141,Export Quantity
Sudan,2014,17,Export Quantity
Sweden,2014,379,Export Quantity
Switzerland,2014,4160,Export Quantity
Syria,2014,17,Export Quantity
Tanzania,2014,27808,Export Quantity
Thailand,2014,1638,Export Quantity
Togo,2014,83,Export Quantity
Trinidad and Tobago,2014,120,Export Quantity
Tunisia,2014,21,Export Quantity
Turkmenistan,2014,20,Export Quantity
Türkiye,2014,4631,Export Quantity
Uganda,2014,59687,Export Quantity
United Arab Emirates,2014,71342,Export Quantity
United Kingdom,2014,20744,Export Quantity
United States,2014,15388,Export Quantity
Uruguay,2014,19,Export Quantity
Vietnam,2014,132252,Export Quantity
Yemen,2014,3479,Export Quantity
Zimbabwe,2014,12790,Export Quantity
Angola,2006,150,Export Quantity
Argentina,2006,72056,Export Quantity
Australia,2006,443,Export Quantity
Austria,2006,2066,Export Quantity
Azerbaijan,2006,6422,Export Quantity
Bahrain,2006,17,Export Quantity
Bangladesh,2006,7842,Export Quantity
Belarus,2006,59,Export Quantity
Belgium,2006,7002,Export Quantity
Bhutan,2006,9,Export Quantity
Bolivia,2006,14,Export Quantity
Bosnia and Herzegovina,2006,10,Export Quantity
Brazil,2006,3238,Export Quantity
Bulgaria,2006,4,Export Quantity
Burkina Faso,2006,10,Export Quantity
Burundi,2006,5974,Export Quantity
Cameroon,2006,18,Export Quantity
Canada,2006,3482,Export Quantity
Chad,2006,78,Export Quantity
Chile,2006,787,Export Quantity
"China, Hong Kong SAR",2006,1863,Export Quantity
"China, Macao SAR",2006,255,Export Quantity
"China, Mainland",2006,286594,Export Quantity
"China, Taiwan Province of",2006,2031,Export Quantity
Colombia,2006,4,Export Quantity
Comoros,2006,22,Export Quantity
Congo (Brazzaville),2006,12,Export Quantity
Costa Rica,2006,38,Export Quantity
Croatia,2006,18,Export Quantity
Czechia,2006,246,Export Quantity
Côte d'Ivoire,2006,395,Export Quantity
DR Congo (Brazzaville),2006,131,Export Quantity
Denmark,2006,213,Export Quantity
Djibouti,2006,6,Export Quantity
Ecuador,2006,840,Export Quantity
Egypt,2006,1786,Export Quantity
El Salvador,2006,160,Export Quantity
Estonia,2006,9,Export Quantity
Eswatini,2006,56,Export Quantity
Ethiopia,2006,743,Export Quantity
Fiji,2006,9,Export Quantity
Finland,2006,223,Export Quantity
France,2006,2752,Export Quantity
Gambia,2006,5,Export Quantity
Georgia,2006,3818,Export Quantity
Germany,2006,25310,Export Quantity
Ghana,2006,76,Export Quantity
Greece,2006,20,Export Quantity
Guatemala,2006,232,Export Quantity
Hungary,2006,1473,Export Quantity
India,2006,181326,Export Quantity
Indonesia,2006,95339,Export Quantity
Iran,2006,33548,Export Quantity
Ireland,2006,362,Export Quantity
Israel,2006,340,Export Quantity
Italy,2006,1704,Export Quantity
Jamaica,2006,127,Export Quantity
Japan,2006,1681,Export Quantity
Jordan,2006,72,Export Quantity
Kazakhstan,2006,270,Export Quantity
Kenya,2006,325066,Export Quantity
Kuwait,2006,21,Export Quantity
Kyrgyzstan,2006,362,Export Quantity
Latvia,2006,56,Export Quantity
Lebanon,2006,81,Export Quantity
Liberia,2006,1625,Export Quantity
Lithuania,2006,172,Export Quantity
Luxembourg,2006,10,Export Quantity
Madagascar,2006,282,Export Quantity
Malawi,2006,27503,Export Quantity
Malaysia,2006,1091,Export Quantity
Mali,2006,143,Export Quantity
Mauritania,2006,2487,Export Quantity
Mauritius,2006,41,Export Quantity
Mexico,2006,203,Export Quantity
Moldova,2006,52,Export Quantity
Montenegro,2006,65,Export Quantity
Morocco,2006,293,Export Quantity
Mozambique,2006,505,Export Quantity
Myanmar,2006,508,Export Quantity
Namibia,2006,35,Export Quantity
Nepal,2006,3881,Export Quantity
Netherlands,2006,17350,Export Quantity
New Zealand,2006,92,Export Quantity
Niger,2006,571,Export Quantity
Nigeria,2006,94,Export Quantity
North Macedonia,2006,13,Export Quantity
Norway,2006,21,Export Quantity
Oman,2006,2778,Export Quantity
Pakistan,2006,232,Export Quantity
Palestine,2006,110,Export Quantity
Papua New Guinea,2006,6600,Export Quantity
Paraguay,2006,90,Export Quantity
Poland,2006,4772,Export Quantity
Portugal,2006,62,Export Quantity
Qatar,2006,17,Export Quantity
Romania,2006,541,Export Quantity
Russia,2006,8525,Export Quantity
Rwanda,2006,16849,Export Quantity
Saudi Arabia,2006,1179,Export Quantity
Senegal,2006,13,Export Quantity
Serbia,2006,53,Export Quantity
Singapore,2006,1715,Export Quantity
Slovakia,2006,271,Export Quantity
Slovenia,2006,78,Export Quantity
South Africa,2006,3505,Export Quantity
South Korea,2006,1541,Export Quantity
Spain,2006,266,Export Quantity
Sri Lanka,2006,204240,Export Quantity
Sweden,2006,1406,Export Quantity
Switzerland,2006,1276,Export Quantity
Syria,2006,1520,Export Quantity
Tajikistan,2006,100,Export Quantity
Tanzania,2006,24825,Export Quantity
Thailand,2006,1472,Export Quantity
Togo,2006,41,Export Quantity
Trinidad and Tobago,2006,46,Export Quantity
Tunisia,2006,6,Export Quantity
Türkiye,2006,2674,Export Quantity
Uganda,2006,30584,Export Quantity
United Arab Emirates,2006,27411,Export Quantity
United Kingdom,2006,25905,Export Quantity
United States,2006,3899,Export Quantity
Vietnam,2006,105000,Export Quantity
Yemen,2006,902,Export Quantity
Zambia,2006,599,Export Quantity
Zimbabwe,2006,11532,Export Quantity
Angola,2005,150,Export Quantity
Argentina,2005,68270,Export Quantity
Australia,2005,664,Export Quantity
Austria,2005,1187,Export Quantity
Azerbaijan,2005,5213,Export Quantity
Bahrain,2005,28,Export Quantity
Bangladesh,2005,12560,Export Quantity
Barbados,2005,6,Export Quantity
Belarus,2005,90,Export Quantity
Belgium,2005,5229,Export Quantity
Belize,2005,6,Export Quantity
Bolivia,2005,23,Export Quantity
Bosnia and Herzegovina,2005,6,Export Quantity
Brazil,2005,3407,Export Quantity
Burundi,2005,746,Export Quantity
Cameroon,2005,113,Export Quantity
Canada,2005,3171,Export Quantity
Chad,2005,41,Export Quantity
Chile,2005,764,Export Quantity
"China, Hong Kong SAR",2005,2055,Export Quantity
"China, Macao SAR",2005,185,Export Quantity
"China, Mainland",2005,286563,Export Quantity
"China, Taiwan Province of",2005,2251,Export Quantity
Colombia,2005,11,Export Quantity
Costa Rica,2005,50,Export Quantity
Croatia,2005,14,Export Quantity
Czechia,2005,174,Export Quantity
Côte d'Ivoire,2005,382,Export Quantity
DR Congo (Brazzaville),2005,299,Export Quantity
Denmark,2005,160,Export Quantity
Djibouti,2005,30,Export Quantity
Ecuador,2005,1066,Export Quantity
Egypt,2005,1336,Export Quantity
El Salvador,2005,237,Export Quantity
Estonia,2005,45,Export Quantity
Eswatini,2005,139,Export Quantity
Ethiopia,2005,1257,Export Quantity
Fiji,2005,23,Export Quantity
Finland,2005,198,Export Quantity
France,2005,4485,Export Quantity
Gabon,2005,19,Export Quantity
Georgia,2005,6017,Export Quantity
Germany,2005,22090,Export Quantity
Ghana,2005,35,Export Quantity
Greece,2005,30,Export Quantity
Guatemala,2005,97,Export Quantity
Hungary,2005,1166,Export Quantity
India,2005,159121,Export Quantity
Indonesia,2005,102294,Export Quantity
Iran,2005,12756,Export Quantity
Ireland,2005,522,Export Quantity
Israel,2005,273,Export Quantity
Italy,2005,971,Export Quantity
Jamaica,2005,20,Export Quantity
Japan,2005,1145,Export Quantity
Jordan,2005,89,Export Quantity
Kazakhstan,2005,218,Export Quantity
Kenya,2005,347971,Export Quantity
Kuwait,2005,6,Export Quantity
Kyrgyzstan,2005,376,Export Quantity
Latvia,2005,45,Export Quantity
Lebanon,2005,73,Export Quantity
Liberia,2005,800,Export Quantity
Lithuania,2005,133,Export Quantity
Luxembourg,2005,19,Export Quantity
Madagascar,2005,233,Export Quantity
Malawi,2005,44600,Export Quantity
Malaysia,2005,1483,Export Quantity
Mali,2005,4,Export Quantity
Mauritania,2005,350,Export Quantity
Mauritius,2005,53,Export Quantity
Mexico,2005,406,Export Quantity
Moldova,2005,31,Export Quantity
Mongolia,2005,67,Export Quantity
Morocco,2005,321,Export Quantity
Mozambique,2005,317,Export Quantity
Myanmar,2005,612,Export Quantity
Namibia,2005,32,Export Quantity
Nepal,2005,5406,Export Quantity
Netherlands,2005,16581,Export Quantity
New Zealand,2005,133,Export Quantity
Niger,2005,1260,Export Quantity
Nigeria,2005,48,Export Quantity
North Macedonia,2005,25,Export Quantity
Norway,2005,10,Export Quantity
Oman,2005,2334,Export Quantity
Pakistan,2005,162,Export Quantity
Palestine,2005,45,Export Quantity
Papua New Guinea,2005,6900,Export Quantity
Paraguay,2005,46,Export Quantity
Peru,2005,7,Export Quantity
Philippines,2005,423,Export Quantity
Poland,2005,5534,Export Quantity
Portugal,2005,30,Export Quantity
Qatar,2005,14,Export Quantity
Romania,2005,68,Export Quantity
Russia,2005,6686,Export Quantity
Rwanda,2005,16661,Export Quantity
Saudi Arabia,2005,1002,Export Quantity
Senegal,2005,12,Export Quantity
Singapore,2005,2078,Export Quantity
Slovakia,2005,295,Export Quantity
Slovenia,2005,30,Export Quantity
Somalia,2005,16,Export Quantity
South Africa,2005,2231,Export Quantity
South Korea,2005,1481,Export Quantity
Spain,2005,350,Export Quantity
Sri Lanka,2005,307793,Export Quantity
Sweden,2005,843,Export Quantity
Switzerland,2005,2432,Export Quantity
Syria,2005,11,Export Quantity
Tajikistan,2005,100,Export Quantity
Tanzania,2005,23259,Export Quantity
Thailand,2005,1249,Export Quantity
Trinidad and Tobago,2005,55,Export Quantity
Tunisia,2005,15,Export Quantity
Türkiye,2005,5769,Export Quantity
Uganda,2005,36532,Export Quantity
United Arab Emirates,2005,38717,Export Quantity
United Kingdom,2005,25163,Export Quantity
United States,2005,5298,Export Quantity
Uruguay,2005,5,Export Quantity
Uzbekistan,2005,9,Export Quantity
Vietnam,2005,88000,Export Quantity
Yemen,2005,927,Export Quantity
Zambia,2005,734,Export Quantity
Zimbabwe,2005,4825,Export Quantity
Afghanistan,2021,3,Export Quantity
Albania,2008,3,Export Quantity
Algeria,2019,3,Export Quantity
Angola,2018,3,Export Quantity
Armenia,2005,3,Export Quantity
Bahrain,2007,3,Export Quantity
Bahrain,2008,3,Export Quantity
Bahrain,2013,3,Export Quantity
Barbados,2002,3,Export Quantity
Barbados,2006,3,Export Quantity
Barbados,2013,3,Export Quantity
Barbados,2015,3,Export Quantity
Barbados,2017,3,Export Quantity
Botswana,2011,3,Export Quantity
Botswana,2017,3,Export Quantity
Brunei,2006,3,Export Quantity
Brunei,2013,3,Export Quantity
Bulgaria,2005,3,Export Quantity
Bulgaria,2007,3,Export Quantity
Bulgaria,2009,3,Export Quantity
Colombia,1992,3,Export Quantity
Colombia,2001,3,Export Quantity
Congo (Brazzaville),2005,3,Export Quantity
Costa Rica,1996,3,Export Quantity
Costa Rica,1997,3,Export Quantity
Dominican Republic,2014,3,Export Quantity
Eswatini,2015,3,Export Quantity
Eswatini,2016,3,Export Quantity
Gabon,2000,3,Export Quantity
Ghana,2016,3,Export Quantity
Guinea,2017,3,Export Quantity
Guinea-Bissau,2014,3,Export Quantity
Guyana,2006,3,Export Quantity
Guyana,2017,3,Export Quantity
Guyana,2018,3,Export Quantity
Guyana,2019,3,Export Quantity
Haiti,2015,3,Export Quantity
Honduras,2016,3,Export Quantity
Kiribati,2019,3,Export Quantity
Kiribati,2021,3,Export Quantity
Libya,2013,3,Export Quantity
Luxembourg,2008,3,Export Quantity
Malta,1994,3,Export Quantity
Malta,1999,3,Export Quantity
Mongolia,2020,3,Export Quantity
Nicaragua,2003,3,Export Quantity
North Macedonia,2018,3,Export Quantity
Panama,2015,3,Export Quantity
Paraguay,2000,3,Export Quantity
Paraguay,2002,3,Export Quantity
Peru,2006,3,Export Quantity
Peru,2008,3,Export Quantity
Peru,2009,3,Export Quantity
Qatar,2010,3,Export Quantity
Saint Kitts and Nevis,2020,3,Export Quantity
Togo,2004,3,Export Quantity
Togo,2007,3,Export Quantity
Trinidad and Tobago,1997,3,Export Quantity
Trinidad and Tobago,1998,3,Export Quantity
Tunisia,2015,3,Export Quantity
Uruguay,2000,3,Export Quantity
Uruguay,2004,3,Export Quantity
Venezuela,2021,3,Export Quantity
Zambia,2016,3,Export Quantity
Albania,2005,2,Export Quantity
Albania,2012,2,Export Quantity
Armenia,2006,2,Export Quantity
Bahrain,2009,2,Export Quantity
Barbados,1995,2,Export Quantity
Barbados,2010,2,Export Quantity
Barbados,2012,2,Export Quantity
Barbados,2014,2,Export Quantity
Barbados,2018,2,Export Quantity
Barbados,2019,2,Export Quantity
Barbados,2020,2,Export Quantity
Barbados,2021,2,Export Quantity
Belize,1994,2,Export Quantity
Belize,1996,2,Export Quantity
Belize,2011,2,Export Quantity
Bhutan,1997,2,Export Quantity
Bhutan,1998,2,Export Quantity
Bhutan,1999,2,Export Quantity
Bhutan,2000,2,Export Quantity
Bhutan,2001,2,Export Quantity
Bhutan,2002,2,Export Quantity
Bosnia and Herzegovina,2008,2,Export Quantity
Bosnia and Herzegovina,2021,2,Export Quantity
Botswana,1995,2,Export Quantity
Botswana,2007,2,Export Quantity
Botswana,2013,2,Export Quantity
Brunei,2018,2,Export Quantity
Bulgaria,2003,2,Export Quantity
Burkina Faso,2007,2,Export Quantity
Burkina Faso,2008,2,Export Quantity
Cameroon,1999,2,Export Quantity
Cameroon,2009,2,Export Quantity
Chad,2015,2,Export Quantity
Colombia,1999,2,Export Quantity
Costa Rica,1991,2,Export Quantity
Costa Rica,1998,2,Export Quantity
Cyprus,2003,2,Export Quantity
Cyprus,2011,2,Export Quantity
Cyprus,2018,2,Export Quantity
Dominica,2016,2,Export Quantity
Equatorial Guinea,2018,2,Export Quantity
French Polynesia,2008,2,Export Quantity
French Polynesia,2014,2,Export Quantity
French Polynesia,2016,2,Export Quantity
Gabon,2019,2,Export Quantity
Gambia,2018,2,Export Quantity
Ghana,2000,2,Export Quantity
Guyana,2001,2,Export Quantity
Guyana,2004,2,Export Quantity
Guyana,2020,2,Export Quantity
Lesotho,2017,2,Export Quantity
Madagascar,2019,2,Export Quantity
Malta,2000,2,Export Quantity
Malta,2003,2,Export Quantity
Mexico,1991,2,Export Quantity
Mongolia,2004,2,Export Quantity
Mongolia,2021,2,Export Quantity
Morocco,1991,2,Export Quantity
Morocco,1992,2,Export Quantity
Morocco,1994,2,Export Quantity
Nicaragua,2004,2,Export Quantity
Nicaragua,2020,2,Export Quantity
North Macedonia,1996,2,Export Quantity
North Macedonia,2011,2,Export Quantity
North Macedonia,2019,2,Export Quantity
Peru,2007,2,Export Quantity
Philippines,2018,2,Export Quantity
Qatar,2011,2,Export Quantity
Romania,1991,2,Export Quantity
Saint Lucia,2014,2,Export Quantity
Saint Lucia,2016,2,Export Quantity
Saint Lucia,2017,2,Export Quantity
Saint Lucia,2018,2,Export Quantity
Saint Lucia,2019,2,Export Quantity
Samoa,2021,2,Export Quantity
Senegal,2002,2,Export Quantity
Seychelles,1994,2,Export Quantity
Seychelles,2007,2,Export Quantity
Seychelles,2008,2,Export Quantity
Seychelles,2009,2,Export Quantity
Sudan,2010,2,Export Quantity
Sudan,2011,2,Export Quantity
Sudan,2013,2,Export Quantity
Suriname,2014,2,Export Quantity
Tajikistan,1996,2,Export Quantity
Tajikistan,2010,2,Export Quantity
Togo,1994,2,Export Quantity
Trinidad and Tobago,1996,2,Export Quantity
Tunisia,1999,2,Export Quantity
Tunisia,2016,2,Export Quantity
Uruguay,2001,2,Export Quantity
Uruguay,2016,2,Export Quantity
Zambia,2014,2,Export Quantity
Afghanistan,2014,1,Export Quantity
Albania,2006,1,Export Quantity
Albania,2013,1,Export Quantity
Algeria,1999,1,Export Quantity
Algeria,2000,1,Export Quantity
Algeria,2003,1,Export Quantity
Algeria,2006,1,Export Quantity
Algeria,2013,1,Export Quantity
Algeria,2017,1,Export Quantity
Angola,2017,1,Export Quantity
Antigua and Barbuda,2014,1,Export Quantity
Armenia,2010,1,Export Quantity
Bahamas,2003,1,Export Quantity
Bahamas,2009,1,Export Quantity
Barbados,1994,1,Export Quantity
Barbados,2007,1,Export Quantity
Barbados,2008,1,Export Quantity
Barbados,2009,1,Export Quantity
Barbados,2011,1,Export Quantity
Belize,1993,1,Export Quantity
Benin,2016,1,Export Quantity
Bolivia,2000,1,Export Quantity
Bolivia,2001,1,Export Quantity
Bolivia,2019,1,Export Quantity
Bosnia and Herzegovina,2004,1,Export Quantity
Bosnia and Herzegovina,2011,1,Export Quantity
Bosnia and Herzegovina,2012,1,Export Quantity
Bosnia and Herzegovina,2013,1,Export Quantity
Bosnia and Herzegovina,2015,1,Export Quantity
Bosnia and Herzegovina,2016,1,Export Quantity
Bosnia and Herzegovina,2017,1,Export Quantity
Bosnia and Herzegovina,2018,1,Export Quantity
Bosnia and Herzegovina,2019,1,Export Quantity
Botswana,2015,1,Export Quantity
Botswana,2018,1,Export Quantity
Brunei,2017,1,Export Quantity
Brunei,2020,1,Export Quantity
Brunei,2021,1,Export Quantity
Burkina Faso,2005,1,Export Quantity
Burkina Faso,2014,1,Export Quantity
Cambodia,2019,1,Export Quantity
Cameroon,2003,1,Export Quantity
Cameroon,2010,1,Export Quantity
Cameroon,2011,1,Export Quantity
Chad,2013,1,Export Quantity
Colombia,1993,1,Export Quantity
Comoros,1997,1,Export Quantity
Comoros,2019,1,Export Quantity
Costa Rica,1994,1,Export Quantity
Costa Rica,1995,1,Export Quantity
Costa Rica,2000,1,Export Quantity
Cuba,2021,1,Export Quantity
Cyprus,1990,1,Export Quantity
Cyprus,1991,1,Export Quantity
Cyprus,2004,1,Export Quantity
Cyprus,2005,1,Export Quantity
Cyprus,2010,1,Export Quantity
Cyprus,2013,1,Export Quantity
Cyprus,2017,1,Export Quantity
Cyprus,2019,1,Export Quantity
Cyprus,2021,1,Export Quantity
Djibouti,1991,1,Export Quantity
Djibouti,2015,1,Export Quantity
Dominica,1995,1,Export Quantity
Dominica,2021,1,Export Quantity
Dominican Republic,2012,1,Export Quantity
Dominican Republic,2020,1,Export Quantity
El Salvador,2018,1,Export Quantity
El Salvador,2020,1,Export Quantity
Eswatini,2013,1,Export Quantity
Eswatini,2014,1,Export Quantity
Eswatini,2021,1,Export Quantity
French Polynesia,2003,1,Export Quantity
French Polynesia,2005,1,Export Quantity
French Polynesia,2006,1,Export Quantity
French Polynesia,2007,1,Export Quantity
French Polynesia,2009,1,Export Quantity
French Polynesia,2010,1,Export Quantity
French Polynesia,2012,1,Export Quantity
French Polynesia,2013,1,Export Quantity
French Polynesia,2015,1,Export Quantity
French Polynesia,2017,1,Export Quantity
French Polynesia,2018,1,Export Quantity
French Polynesia,2019,1,Export Quantity
Gambia,2001,1,Export Quantity
Gambia,2003,1,Export Quantity
Guinea,2020,1,Export Quantity
Guinea,2021,1,Export Quantity
Guinea-Bissau,2019,1,Export Quantity
Guyana,2000,1,Export Quantity
Guyana,2002,1,Export Quantity
Guyana,2003,1,Export Quantity
Haiti,2020,1,Export Quantity
Haiti,2021,1,Export Quantity
Honduras,2002,1,Export Quantity
Honduras,2005,1,Export Quantity
Honduras,2006,1,Export Quantity
Honduras,2014,1,Export Quantity
Honduras,2020,1,Export Quantity
Honduras,2021,1,Export Quantity
Iceland,2019,1,Export Quantity
Iceland,2020,1,Export Quantity
Iceland,2021,1,Export Quantity
Kuwait,2003,1,Export Quantity
Kuwait,2011,1,Export Quantity
Kuwait,2012,1,Export Quantity
Lesotho,2014,1,Export Quantity
Lesotho,2018,1,Export Quantity
Liberia,2013,1,Export Quantity
Liberia,2018,1,Export Quantity
Malta,2001,1,Export Quantity
Malta,2011,1,Export Quantity
Malta,2012,1,Export Quantity
Mongolia,2006,1,Export Quantity
Mongolia,2007,1,Export Quantity
Morocco,1990,1,Export Quantity
Namibia,2018,1,Export Quantity
Namibia,2019,1,Export Quantity
Nicaragua,2017,1,Export Quantity
Nigeria,1991,1,Export Quantity
Panama,2016,1,Export Quantity
Paraguay,2018,1,Export Quantity
Paraguay,2019,1,Export Quantity
Paraguay,2020,1,Export Quantity
Paraguay,2021,1,Export Quantity
Philippines,1996,1,Export Quantity
Philippines,2016,1,Export Quantity
Qatar,2012,1,Export Quantity
Qatar,2013,1,Export Quantity
Qatar,2017,1,Export Quantity
Saint Kitts and Nevis,2014,1,Export Quantity
Saint Kitts and Nevis,2018,1,Export Quantity
Saint Kitts and Nevis,2019,1,Export Quantity
Saint Lucia,2004,1,Export Quantity
Saint Lucia,2005,1,Export Quantity
Saint Lucia,2006,1,Export Quantity
Saint Lucia,2007,1,Export Quantity
Saint Lucia,2020,1,Export Quantity
Saint Vincent and the Grenadines,2008,1,Export Quantity
Samoa,2018,1,Export Quantity
Senegal,1999,1,Export Quantity
Senegal,2009,1,Export Quantity
Seychelles,1991,1,Export Quantity
Seychelles,1993,1,Export Quantity
Seychelles,1995,1,Export Quantity
Seychelles,1996,1,Export Quantity
Seychelles,1997,1,Export Quantity
Seychelles,1998,1,Export Quantity
Seychelles,1999,1,Export Quantity
Seychelles,2015,1,Export Quantity
Somalia,2003,1,Export Quantity
Somalia,2018,1,Export Quantity
Togo,2005,1,Export Quantity
Trinidad and Tobago,1990,1,Export Quantity
Trinidad and Tobago,1993,1,Export Quantity
Trinidad and Tobago,1995,1,Export Quantity
Tunisia,2017,1,Export Quantity
Tunisia,2020,1,Export Quantity
Uruguay,1992,1,Export Quantity
Uruguay,2006,1,Export Quantity
Uruguay,2009,1,Export Quantity
Venezuela,1990,1,Export Quantity
Venezuela,1994,1,Export Quantity
Venezuela,1996,1,Export Quantity
Venezuela,1997,1,Export Quantity
Venezuela,2000,1,Export Quantity
Venezuela,2017,1,Export Quantity
Zambia,1990,1,Export Quantity
Algeria,2016,2000,Export Value
Angola,2017,2000,Export Value
Armenia,2011,2000,Export Value
Azerbaijan,1993,2000,Export Value
Belize,2019,2000,Export Value
Belize,2020,2000,Export Value
Belize,2021,2000,Export Value
Bhutan,2020,2000,Export Value
Burkina Faso,2003,2000,Export Value
Burkina Faso,2005,2000,Export Value
Cabo Verde,2015,2000,Export Value
Cabo Verde,2006,2000,Export Value
Cambodia,2016,2000,Export Value
Cambodia,2021,2000,Export Value
Cameroon,2003,2000,Export Value
Chad,2016,2000,Export Value
Comoros,1997,2000,Export Value
Dominica,2016,2000,Export Value
Dominica,2008,2000,Export Value
Dominica,2009,2000,Export Value
Gambia,2018,2000,Export Value
Gambia,2001,2000,Export Value
Grenada,2008,2000,Export Value
Grenada,2009,2000,Export Value
Grenada,2017,2000,Export Value
Guyana,2018,2000,Export Value
Guyana,2019,2000,Export Value
Guyana,2020,2000,Export Value
Guyana,2000,2000,Export Value
Guyana,2002,2000,Export Value
Guyana,2004,2000,Export Value
Honduras,2002,2000,Export Value
Iceland,2015,2000,Export Value
Iceland,2008,2000,Export Value
Iceland,2010,2000,Export Value
Iceland,2017,2000,Export Value
Lesotho,2015,2000,Export Value
Libya,1999,2000,Export Value
Malta,2005,2000,Export Value
Malta,2012,2000,Export Value
Malta,1990,2000,Export Value
Mongolia,2004,2000,Export Value
New Caledonia,2012,2000,Export Value
Nicaragua,2018,2000,Export Value
Nigeria,1991,2000,Export Value
Paraguay,2012,2000,Export Value
Saint Kitts and Nevis,2014,2000,Export Value
Saint Kitts and Nevis,2021,2000,Export Value
Saint Lucia,2003,2000,Export Value
Saint Lucia,2008,2000,Export Value
Saint Lucia,2009,2000,Export Value
Saint Vincent and the Grenadines,2008,2000,Export Value
Samoa,2018,2000,Export Value
Sudan,2011,2000,Export Value
Suriname,2010,2000,Export Value
Tajikistan,2010,2000,Export Value
Trinidad and Tobago,1990,2000,Export Value
Tunisia,1990,2000,Export Value
Tunisia,1992,2000,Export Value
Uruguay,2021,2000,Export Value
Uruguay,1997,2000,Export Value
Uruguay,1999,2000,Export Value
Venezuela,1996,2000,Export Value
Venezuela,2013,2000,Export Value
Venezuela,1992,2000,Export Value
Argentina,1991,27661000,Export Value
Australia,1991,1489000,Export Value
Austria,1991,2097000,Export Value
Bangladesh,1991,43088000,Export Value
Belgium-Luxembourg,1991,18292000,Export Value
Belize,1991,61000,Export Value
Botswana,1991,35000,Export Value
Brazil,1991,9657000,Export Value
Burundi,1991,8396000,Export Value
Cameroon,1991,107000,Export Value
Canada,1991,1919000,Export Value
Chile,1991,977000,Export Value
"China, Hong Kong SAR",1991,45533000,Export Value
"China, Macao SAR",1991,377000,Export Value
"China, Mainland",1991,376058000,Export Value
"China, Taiwan Province of",1991,19383000,Export Value
Colombia,1991,74000,Export Value
Costa Rica,1991,23000,Export Value
Cyprus,1991,32000,Export Value
Czechoslovakia,1991,30000,Export Value
DR Congo (Brazzaville),1991,1475000,Export Value
Denmark,1991,1707000,Export Value
Ecuador,1991,1623000,Export Value
Egypt,1991,50000,Export Value
El Salvador,1991,87000,Export Value
Fiji,1991,108000,Export Value
Finland,1991,94000,Export Value
France,1991,14305000,Export Value
Germany,1991,42397000,Export Value
Greece,1991,53000,Export Value
Guatemala,1991,342000,Export Value
Hungary,1991,168000,Export Value
India,1991,490292000,Export Value
Indonesia,1991,143122000,Export Value
Ireland,1991,5541000,Export Value
Israel,1991,25000,Export Value
Italy,1991,5741000,Export Value
Jamaica,1991,44000,Export Value
Japan,1991,3660000,Export Value
Jordan,1991,3039000,Export Value
Kenya,1991,274863000,Export Value
Kuwait,1991,1384000,Export Value
Madagascar,1991,168000,Export Value
Malawi,1991,35895000,Export Value
Malaysia,1991,1072000,Export Value
Mauritius,1991,5281000,Export Value
Mexico,1991,19000,Export Value
Morocco,1991,10000,Export Value
Mozambique,1991,791000,Export Value
Myanmar,1991,200000,Export Value
Nepal,1991,33000,Export Value
Netherlands,1991,34311000,Export Value
New Zealand,1991,167000,Export Value
Norway,1991,119000,Export Value
Oman,1991,356000,Export Value
Panama,1991,852000,Export Value
Papua New Guinea,1991,4409000,Export Value
Peru,1991,189000,Export Value
Portugal,1991,446000,Export Value
Qatar,1991,697000,Export Value
Romania,1991,10000,Export Value
Rwanda,1991,22365000,Export Value
Saudi Arabia,1991,737000,Export Value
Seychelles,1991,5000,Export Value
Singapore,1991,24141000,Export Value
South Africa,1991,2394000,Export Value
South Korea,1991,666000,Export Value
Spain,1991,698000,Export Value
Sri Lanka,1991,426085000,Export Value
Sweden,1991,443000,Export Value
Switzerland,1991,8465000,Export Value
Tanzania,1991,21700000,Export Value
Thailand,1991,387000,Export Value
Togo,1991,37000,Export Value
Trinidad and Tobago,1991,54000,Export Value
Türkiye,1991,3090000,Export Value
Uganda,1991,6780000,Export Value
United Arab Emirates,1991,37302000,Export Value
United Kingdom,1991,242487000,Export Value
United States,1991,13288000,Export Value
Venezuela,1991,3000,Export Value
Vietnam,1991,9221000,Export Value
Yugoslav SFR,1991,160000,Export Value
Zambia,1991,834000,Export Value
Zimbabwe,1991,12584000,Export Value
Argentina,1990,35726000,Export Value
Australia,1990,1588000,Export Value
Austria,1990,3467000,Export Value
Bangladesh,1990,36018000,Export Value
Belgium-Luxembourg,1990,15190000,Export Value
Belize,1990,131000,Export Value
Botswana,1990,29000,Export Value
Brazil,1990,10424000,Export Value
Brunei,1990,40000,Export Value
Burundi,1990,6697000,Export Value
Cameroon,1990,6657000,Export Value
Canada,1990,1356000,Export Value
Chile,1990,614000,Export Value
"China, Hong Kong SAR",1990,30680000,Export Value
"China, Macao SAR",1990,175000,Export Value
"China, Mainland",1990,412709000,Export Value
"China, Taiwan Province of",1990,18300000,Export Value
Cyprus,1990,5000,Export Value
Czechoslovakia,1990,605000,Export Value
DR Congo (Brazzaville),1990,3000000,Export Value
Denmark,1990,1528000,Export Value
Ecuador,1990,1383000,Export Value
Egypt,1990,41000,Export Value
El Salvador,1990,29000,Export Value
Ethiopia,1990,21000,Export Value
Fiji,1990,202000,Export Value
Finland,1990,83000,Export Value
France,1990,17939000,Export Value
Germany,1990,49708000,Export Value
Greece,1990,121000,Export Value
Guatemala,1990,196000,Export Value
Hungary,1990,1057000,Export Value
India,1990,594191000,Export Value
Indonesia,1990,181015000,Export Value
Iran,1990,180000,Export Value
Ireland,1990,4902000,Export Value
Israel,1990,35000,Export Value
Italy,1990,4918000,Export Value
Jamaica,1990,50000,Export Value
Japan,1990,3009000,Export Value
Jordan,1990,491000,Export Value
Kenya,1990,276764000,Export Value
Kuwait,1990,466000,Export Value
Madagascar,1990,20000,Export Value
Malawi,1990,45552000,Export Value
Malaysia,1990,1519000,Export Value
Mauritius,1990,5602000,Export Value
Mexico,1990,548000,Export Value
Morocco,1990,4000,Export Value
Mozambique,1990,498000,Export Value
Nepal,1990,58000,Export Value
Netherlands,1990,37399000,Export Value
New Zealand,1990,135000,Export Value
Nigeria,1990,70000,Export Value
Norway,1990,181000,Export Value
Oman,1990,809000,Export Value
Pakistan,1990,1092000,Export Value
Panama,1990,1358000,Export Value
Papua New Guinea,1990,7016000,Export Value
Peru,1990,90000,Export Value
Portugal,1990,177000,Export Value
Qatar,1990,745000,Export Value
Russia,1990,6900000,Export Value
Rwanda,1990,21491000,Export Value
Saudi Arabia,1990,535000,Export Value
Senegal,1990,4548000,Export Value
Singapore,1990,26985000,Export Value
South Africa,1990,1787000,Export Value
South Korea,1990,973000,Export Value
Spain,1990,487000,Export Value
Sri Lanka,1990,493902000,Export Value
Sweden,1990,477000,Export Value
Switzerland,1990,7008000,Export Value
Tanzania,1990,21450000,Export Value
Thailand,1990,419000,Export Value
Togo,1990,22000,Export Value
Türkiye,1990,43255000,Export Value
Uganda,1990,3566000,Export Value
United Arab Emirates,1990,21220000,Export Value
United Kingdom,1990,244842000,Export Value
United States,1990,12558000,Export Value
Venezuela,1990,10000,Export Value
Vietnam,1990,24698000,Export Value
Yugoslav SFR,1990,125000,Export Value
Zimbabwe,1990,12999000,Export Value
Argentina,1992,28530000,Export Value
Australia,1992,1438000,Export Value
Austria,1992,2304000,Export Value
Bangladesh,1992,33706000,Export Value
Belgium-Luxembourg,1992,24603000,Export Value
Belize,1992,54000,Export Value
Botswana,1992,22000,Export Value
Brazil,1992,9737000,Export Value
Burundi,1992,9141000,Export Value
Canada,1992,2553000,Export Value
Chile,1992,1023000,Export Value
"China, Hong Kong SAR",1992,63920000,Export Value
"China, Macao SAR",1992,443000,Export Value
"China, Mainland",1992,361893000,Export Value
"China, Taiwan Province of",1992,18173000,Export Value
Colombia,1992,21000,Export Value
Costa Rica,1992,554000,Export Value
Croatia,1992,383000,Export Value
Cyprus,1992,41000,Export Value
DR Congo (Brazzaville),1992,630000,Export Value
Denmark,1992,1690000,Export Value
Ecuador,1992,1605000,Export Value
Egypt,1992,76000,Export Value
El Salvador,1992,100000,Export Value
Fiji,1992,144000,Export Value
Finland,1992,311000,Export Value
France,1992,16563000,Export Value
Germany,1992,43923000,Export Value
Greece,1992,285000,Export Value
Guatemala,1992,388000,Export Value
Honduras,1992,14000,Export Value
Hungary,1992,451000,Export Value
India,1992,360933000,Export Value
Indonesia,1992,140823000,Export Value
Ireland,1992,2988000,Export Value
Israel,1992,468000,Export Value
Italy,1992,3693000,Export Value
Japan,1992,3887000,Export Value
Jordan,1992,655000,Export Value
Kenya,1992,297775000,Export Value
Kuwait,1992,228000,Export Value
Madagascar,1992,196000,Export Value
Malawi,1992,35442000,Export Value
Malaysia,1992,1170000,Export Value
Malta,1992,57000,Export Value
Mauritius,1992,6211000,Export Value
Mexico,1992,75000,Export Value
Moldova,1992,5000,Export Value
Morocco,1992,15000,Export Value
Mozambique,1992,216000,Export Value
Nepal,1992,63000,Export Value
Netherlands,1992,44243000,Export Value
New Zealand,1992,385000,Export Value
Nigeria,1992,80000,Export Value
North Macedonia,1992,406000,Export Value
Norway,1992,117000,Export Value
Oman,1992,533000,Export Value
Pakistan,1992,106000,Export Value
Panama,1992,1095000,Export Value
Papua New Guinea,1992,6772000,Export Value
Peru,1992,220000,Export Value
Poland,1992,5003000,Export Value
Portugal,1992,161000,Export Value
Qatar,1992,657000,Export Value
Romania,1992,20000,Export Value
Russia,1992,151000,Export Value
Rwanda,1992,20088000,Export Value
Saudi Arabia,1992,289000,Export Value
Singapore,1992,20266000,Export Value
Slovenia,1992,86000,Export Value
South Africa,1992,2432000,Export Value
South Korea,1992,917000,Export Value
Spain,1992,556000,Export Value
Sri Lanka,1992,339175000,Export Value
Sweden,1992,785000,Export Value
Switzerland,1992,9131000,Export Value
Tanzania,1992,22400000,Export Value
Thailand,1992,522000,Export Value
Trinidad and Tobago,1992,48000,Export Value
Türkiye,1992,6200000,Export Value
Uganda,1992,7721000,Export Value
United Arab Emirates,1992,22131000,Export Value
United Kingdom,1992,241476000,Export Value
United States,1992,13807000,Export Value
Uruguay,1992,24000,Export Value
Vietnam,1992,16122000,Export Value
Zambia,1992,83000,Export Value
Zimbabwe,1992,7359000,Export Value
Argentina,1993,39150000,Export Value
Australia,1993,2290000,Export Value
Austria,1993,3528000,Export Value
Bangladesh,1993,40433000,Export Value
Belgium-Luxembourg,1993,25763000,Export Value
Belize,1993,11000,Export Value
Botswana,1993,6000,Export Value
Brazil,1993,10705000,Export Value
Bulgaria,1993,345000,Export Value
Burundi,1993,8853000,Export Value
Cameroon,1993,159000,Export Value
Canada,1993,2514000,Export Value
Chile,1993,964000,Export Value
"China, Hong Kong SAR",1993,47759000,Export Value
"China, Macao SAR",1993,580000,Export Value
"China, Mainland",1993,355679000,Export Value
"China, Taiwan Province of",1993,21176000,Export Value
Colombia,1993,5000,Export Value
Costa Rica,1993,3441000,Export Value
Croatia,1993,130000,Export Value
Cyprus,1993,248000,Export Value
Czechia,1993,1628000,Export Value
DR Congo (Brazzaville),1993,1750000,Export Value
Denmark,1993,1298000,Export Value
Ecuador,1993,1831000,Export Value
Egypt,1993,732000,Export Value
El Salvador,1993,117000,Export Value
Estonia,1993,184000,Export Value
Fiji,1993,105000,Export Value
Finland,1993,915000,Export Value
France,1993,15635000,Export Value
Georgia,1993,22000000,Export Value
Germany,1993,57193000,Export Value
Greece,1993,479000,Export Value
Guatemala,1993,599000,Export Value
Hungary,1993,1609000,Export Value
India,1993,331845000,Export Value
Indonesia,1993,155697000,Export Value
Ireland,1993,1026000,Export Value
Israel,1993,367000,Export Value
Italy,1993,881000,Export Value
Japan,1993,4996000,Export Value
Jordan,1993,174000,Export Value
Kenya,1993,347432000,Export Value
Kuwait,1993,212000,Export Value
Latvia,1993,119000,Export Value
Liberia,1993,320000,Export Value
Madagascar,1993,292000,Export Value
Malawi,1993,35587000,Export Value
Malaysia,1993,1104000,Export Value
Malta,1993,21000,Export Value
Mauritius,1993,5833000,Export Value
Mexico,1993,157000,Export Value
Morocco,1993,38000,Export Value
Mozambique,1993,50000,Export Value
Nepal,1993,110000,Export Value
Netherlands,1993,35573000,Export Value
New Zealand,1993,431000,Export Value
North Macedonia,1993,213000,Export Value
Norway,1993,103000,Export Value
Oman,1993,1303000,Export Value
Pakistan,1993,171000,Export Value
Panama,1993,1030000,Export Value
Papua New Guinea,1993,7341000,Export Value
Peru,1993,441000,Export Value
Poland,1993,5853000,Export Value
Portugal,1993,123000,Export Value
Qatar,1993,584000,Export Value
Romania,1993,22000,Export Value
Russia,1993,96000,Export Value
Rwanda,1993,18606000,Export Value
Saudi Arabia,1993,358000,Export Value
Seychelles,1993,5000,Export Value
Singapore,1993,27434000,Export Value
Slovakia,1993,346000,Export Value
Slovenia,1993,105000,Export Value
South Africa,1993,2721000,Export Value
South Korea,1993,949000,Export Value
Spain,1993,156000,Export Value
Sri Lanka,1993,260996000,Export Value
Sweden,1993,585000,Export Value
Switzerland,1993,7766000,Export Value
Tanzania,1993,38000000,Export Value
Thailand,1993,446000,Export Value
Trinidad and Tobago,1993,3000,Export Value
Türkiye,1993,45794000,Export Value
Uganda,1993,11141000,Export Value
United Arab Emirates,1993,9487000,Export Value
United Kingdom,1993,232293000,Export Value
United States,1993,17129000,Export Value
Vietnam,1993,20300000,Export Value
Zimbabwe,1993,10031000,Export Value
Argentina,1994,38072000,Export Value
Australia,1994,4563000,Export Value
Austria,1994,5557000,Export Value
Azerbaijan,1994,2324000,Export Value
Bangladesh,1994,41744000,Export Value
Barbados,1994,5000,Export Value
Belgium-Luxembourg,1994,31036000,Export Value
Belize,1994,13000,Export Value
Botswana,1994,20000,Export Value
Brazil,1994,10481000,Export Value
Bulgaria,1994,733000,Export Value
Burundi,1994,10857000,Export Value
Canada,1994,2745000,Export Value
Chile,1994,1710000,Export Value
"China, Hong Kong SAR",1994,49832000,Export Value
"China, Macao SAR",1994,67000,Export Value
"China, Mainland",1994,294350000,Export Value
"China, Taiwan Province of",1994,21057000,Export Value
Costa Rica,1994,6000,Export Value
Croatia,1994,818000,Export Value
Cyprus,1994,204000,Export Value
Czechia,1994,2368000,Export Value
DR Congo (Brazzaville),1994,1300000,Export Value
Denmark,1994,1491000,Export Value
Ecuador,1994,1583000,Export Value
Egypt,1994,1419000,Export Value
El Salvador,1994,206000,Export Value
Estonia,1994,750000,Export Value
Ethiopia,1994,317000,Export Value
Fiji,1994,77000,Export Value
Finland,1994,3304000,Export Value
France,1994,24316000,Export Value
Georgia,1994,3900000,Export Value
Germany,1994,60689000,Export Value
Greece,1994,200000,Export Value
Guatemala,1994,476000,Export Value
Hungary,1994,8132000,Export Value
India,1994,308399000,Export Value
Indonesia,1994,96181000,Export Value
Iran,1994,552000,Export Value
Ireland,1994,864000,Export Value
Israel,1994,270000,Export Value
Italy,1994,1423000,Export Value
Japan,1994,5503000,Export Value
Jordan,1994,1006000,Export Value
Kenya,1994,302590000,Export Value
Kuwait,1994,821000,Export Value
Latvia,1994,407000,Export Value
Liberia,1994,15000,Export Value
Lithuania,1994,683000,Export Value
Madagascar,1994,195000,Export Value
Malawi,1994,29907000,Export Value
Malaysia,1994,1360000,Export Value
Malta,1994,12000,Export Value
Mauritius,1994,4628000,Export Value
Mexico,1994,597000,Export Value
Moldova,1994,26000,Export Value
Morocco,1994,14000,Export Value
Mozambique,1994,220000,Export Value
Nepal,1994,119000,Export Value
Netherlands,1994,39216000,Export Value
New Zealand,1994,425000,Export Value
North Macedonia,1994,24000,Export Value
Norway,1994,298000,Export Value
Oman,1994,1081000,Export Value
Pakistan,1994,2862000,Export Value
Panama,1994,894000,Export Value
Papua New Guinea,1994,4179000,Export Value
Paraguay,1994,32000,Export Value
Peru,1994,262000,Export Value
Poland,1994,4371000,Export Value
Portugal,1994,132000,Export Value
Qatar,1994,547000,Export Value
Romania,1994,11000,Export Value
Russia,1994,13654000,Export Value
Rwanda,1994,10000000,Export Value
Saudi Arabia,1994,849000,Export Value
Seychelles,1994,9000,Export Value
Singapore,1994,26293000,Export Value
Slovakia,1994,423000,Export Value
Slovenia,1994,85000,Export Value
South Africa,1994,2578000,Export Value
South Korea,1994,1719000,Export Value
Spain,1994,605000,Export Value
Sri Lanka,1994,207450000,Export Value
Sweden,1994,2254000,Export Value
Switzerland,1994,7971000,Export Value
Tanzania,1994,39520000,Export Value
Thailand,1994,740000,Export Value
Tunisia,1994,176000,Export Value
Türkiye,1994,5530000,Export Value
Ukraine,1994,196000,Export Value
United Arab Emirates,1994,56835000,Export Value
United Kingdom,1994,198117000,Export Value
United States,1994,18012000,Export Value
Venezuela,1994,6000,Export Value
Vietnam,1994,25800000,Export Value
Zimbabwe,1994,11350000,Export Value
Argentina,1995,31923000,Export Value
Armenia,1995,3000,Export Value
Australia,1995,6946000,Export Value
Austria,1995,6366000,Export Value
Azerbaijan,1995,744000,Export Value
Bangladesh,1995,32838000,Export Value
Barbados,1995,13000,Export Value
Belarus,1995,19000,Export Value
Belgium-Luxembourg,1995,23840000,Export Value
Botswana,1995,6000,Export Value
Brazil,1995,9399000,Export Value
Bulgaria,1995,93000,Export Value
Burundi,1995,9635000,Export Value
Cameroon,1995,435000,Export Value
Canada,1995,3160000,Export Value
Chile,1995,1827000,Export Value
"China, Hong Kong SAR",1995,43610000,Export Value
"China, Macao SAR",1995,86000,Export Value
"China, Mainland",1995,274749000,Export Value
"China, Taiwan Province of",1995,18752000,Export Value
Costa Rica,1995,8000,Export Value
Croatia,1995,673000,Export Value
Cyprus,1995,90000,Export Value
Czechia,1995,1452000,Export Value
Côte d'Ivoire,1995,369000,Export Value
DR Congo (Brazzaville),1995,400000,Export Value
Denmark,1995,913000,Export Value
Dominica,1995,9000,Export Value
Ecuador,1995,1158000,Export Value
Egypt,1995,1185000,Export Value
El Salvador,1995,238000,Export Value
Estonia,1995,452000,Export Value
Ethiopia,1995,125000,Export Value
Fiji,1995,70000,Export Value
Finland,1995,4607000,Export Value
France,1995,33766000,Export Value
Gambia,1995,34000,Export Value
Georgia,1995,3500000,Export Value
Germany,1995,65883000,Export Value
Greece,1995,105000,Export Value
Grenada,1995,74000,Export Value
Guatemala,1995,315000,Export Value
Hungary,1995,4570000,Export Value
India,1995,359054000,Export Value
Indonesia,1995,87719000,Export Value
Ireland,1995,736000,Export Value
Israel,1995,246000,Export Value
Italy,1995,1712000,Export Value
Japan,1995,7813000,Export Value
Jordan,1995,395000,Export Value
Kazakhstan,1995,348000,Export Value
Kenya,1995,373212000,Export Value
Kuwait,1995,1345000,Export Value
Latvia,1995,406000,Export Value
Lithuania,1995,1056000,Export Value
Madagascar,1995,151000,Export Value
Malawi,1995,26562000,Export Value
Malaysia,1995,1138000,Export Value
Mauritius,1995,2987000,Export Value
Mexico,1995,309000,Export Value
Moldova,1995,109000,Export Value
Morocco,1995,311000,Export Value
Mozambique,1995,200000,Export Value
Nepal,1995,272000,Export Value
Netherlands,1995,41513000,Export Value
New Zealand,1995,362000,Export Value
Niger,1995,330000,Export Value
Nigeria,1995,35000,Export Value
North Macedonia,1995,51000,Export Value
Norway,1995,185000,Export Value
Oman,1995,1991000,Export Value
Pakistan,1995,13926000,Export Value
Palestine,1995,73000,Export Value
Panama,1995,1094000,Export Value
Papua New Guinea,1995,4230000,Export Value
Peru,1995,120000,Export Value
Poland,1995,5647000,Export Value
Portugal,1995,191000,Export Value
Qatar,1995,937000,Export Value
Romania,1995,4000,Export Value
Russia,1995,14898000,Export Value
Rwanda,1995,3700000,Export Value
Saudi Arabia,1995,275000,Export Value
Seychelles,1995,16000,Export Value
Singapore,1995,22678000,Export Value
Slovakia,1995,468000,Export Value
Slovenia,1995,305000,Export Value
South Africa,1995,4116000,Export Value
South Korea,1995,1285000,Export Value
Spain,1995,582000,Export Value
Sri Lanka,1995,369009000,Export Value
Sweden,1995,7295000,Export Value
Switzerland,1995,6668000,Export Value
Tanzania,1995,23360000,Export Value
Thailand,1995,960000,Export Value
Trinidad and Tobago,1995,12000,Export Value
Tunisia,1995,285000,Export Value
Turkmenistan,1995,55000,Export Value
Türkiye,1995,3506000,Export Value
Ukraine,1995,440000,Export Value
United Arab Emirates,1995,46527000,Export Value
United Kingdom,1995,202742000,Export Value
United States,1995,17809000,Export Value
Vietnam,1995,19000000,Export Value
Zambia,1995,64000,Export Value
Zimbabwe,1995,11039000,Export Value
Albania,1996,75000,Export Value
Argentina,1996,25736000,Export Value
Australia,1996,10302000,Export Value
Austria,1996,3115000,Export Value
Azerbaijan,1996,990000,Export Value
Bangladesh,1996,30099000,Export Value
Barbados,1996,115000,Export Value
Belarus,1996,37000,Export Value
Belgium-Luxembourg,1996,33301000,Export Value
Belize,1996,12000,Export Value
Botswana,1996,112000,Export Value
Brazil,1996,6505000,Export Value
Bulgaria,1996,140000,Export Value
Burundi,1996,5441000,Export Value
Cameroon,1996,130000,Export Value
Canada,1996,3933000,Export Value
Chile,1996,1414000,Export Value
"China, Hong Kong SAR",1996,42348000,Export Value
"China, Macao SAR",1996,213000,Export Value
"China, Mainland",1996,282500000,Export Value
"China, Taiwan Province of",1996,21273000,Export Value
Colombia,1996,13000,Export Value
Costa Rica,1996,10000,Export Value
Croatia,1996,623000,Export Value
Cyprus,1996,539000,Export Value
Czechia,1996,1450000,Export Value
Côte d'Ivoire,1996,947000,Export Value
DR Congo (Brazzaville),1996,1100000,Export Value
Denmark,1996,1478000,Export Value
Ecuador,1996,1257000,Export Value
Egypt,1996,2304000,Export Value
El Salvador,1996,460000,Export Value
Estonia,1996,1102000,Export Value
Ethiopia,1996,350000,Export Value
Fiji,1996,70000,Export Value
Finland,1996,9476000,Export Value
France,1996,35229000,Export Value
Gambia,1996,34000,Export Value
Georgia,1996,16860000,Export Value
Germany,1996,66786000,Export Value
Ghana,1996,9000,Export Value
Greece,1996,105000,Export Value
Guatemala,1996,392000,Export Value
Hungary,1996,4522000,Export Value
India,1996,282579000,Export Value
Indonesia,1996,112343000,Export Value
Ireland,1996,1520000,Export Value
Israel,1996,91000,Export Value
Italy,1996,2102000,Export Value
Japan,1996,7469000,Export Value
Jordan,1996,691000,Export Value
Kazakhstan,1996,447000,Export Value
Kenya,1996,396861000,Export Value
Kuwait,1996,745000,Export Value
Kyrgyzstan,1996,672000,Export Value
Latvia,1996,215000,Export Value
Lithuania,1996,1680000,Export Value
Madagascar,1996,192000,Export Value
Malawi,1996,23075000,Export Value
Malaysia,1996,1719000,Export Value
Mali,1996,32000,Export Value
Mauritius,1996,1590000,Export Value
Mexico,1996,470000,Export Value
Moldova,1996,76000,Export Value
Morocco,1996,77000,Export Value
Mozambique,1996,230000,Export Value
Nepal,1996,283000,Export Value
Netherlands,1996,35862000,Export Value
New Zealand,1996,620000,Export Value
Nigeria,1996,100000,Export Value
North Macedonia,1996,10000,Export Value
Norway,1996,141000,Export Value
Oman,1996,2123000,Export Value
Pakistan,1996,26000,Export Value
Palestine,1996,206000,Export Value
Panama,1996,921000,Export Value
Papua New Guinea,1996,9639000,Export Value
Paraguay,1996,72000,Export Value
Peru,1996,78000,Export Value
Poland,1996,7451000,Export Value
Portugal,1996,113000,Export Value
Qatar,1996,937000,Export Value
Romania,1996,8000,Export Value
Russia,1996,15937000,Export Value
Rwanda,1996,1121000,Export Value
Saudi Arabia,1996,723000,Export Value
Seychelles,1996,7000,Export Value
Singapore,1996,22103000,Export Value
Slovakia,1996,354000,Export Value
Slovenia,1996,142000,Export Value
South Africa,1996,2904000,Export Value
South Korea,1996,905000,Export Value
Spain,1996,201000,Export Value
Sri Lanka,1996,544957000,Export Value
Sweden,1996,8149000,Export Value
Switzerland,1996,4992000,Export Value
Tanzania,1996,22540000,Export Value
Thailand,1996,910000,Export Value
Trinidad and Tobago,1996,7000,Export Value
Tunisia,1996,15000,Export Value
Türkiye,1996,5109000,Export Value
Ukraine,1996,260000,Export Value
United Arab Emirates,1996,42785000,Export Value
United Kingdom,1996,221152000,Export Value
United States,1996,18814000,Export Value
Vietnam,1996,30000000,Export Value
Zambia,1996,55000,Export Value
Zimbabwe,1996,12855000,Export Value
Argentina,1997,45111000,Export Value
Australia,1997,10581000,Export Value
Austria,1997,3932000,Export Value
Azerbaijan,1997,2529000,Export Value
Bangladesh,1997,31742000,Export Value
Barbados,1997,379000,Export Value
Belarus,1997,200000,Export Value
Belgium-Luxembourg,1997,34492000,Export Value
Belize,1997,3000,Export Value
Botswana,1997,94000,Export Value
Brazil,1997,6293000,Export Value
Bulgaria,1997,71000,Export Value
Burundi,1997,9046000,Export Value
Canada,1997,4028000,Export Value
Chile,1997,1406000,Export Value
"China, Hong Kong SAR",1997,35432000,Export Value
"China, Macao SAR",1997,162000,Export Value
"China, Mainland",1997,332475000,Export Value
"China, Taiwan Province of",1997,19844000,Export Value
Costa Rica,1997,36000,Export Value
Croatia,1997,202000,Export Value
Cyprus,1997,1021000,Export Value
Czechia,1997,1327000,Export Value
Côte d'Ivoire,1997,1051000,Export Value
DR Congo (Brazzaville),1997,940000,Export Value
Denmark,1997,2820000,Export Value
Dominica,1997,3000,Export Value
Ecuador,1997,1379000,Export Value
Egypt,1997,2729000,Export Value
El Salvador,1997,897000,Export Value
Estonia,1997,1069000,Export Value
Eswatini,1997,62000,Export Value
Ethiopia,1997,240000,Export Value
Fiji,1997,60000,Export Value
Finland,1997,8265000,Export Value
France,1997,26709000,Export Value
Gambia,1997,34000,Export Value
Georgia,1997,3872000,Export Value
Germany,1997,73441000,Export Value
Greece,1997,113000,Export Value
Guatemala,1997,293000,Export Value
Hungary,1997,2988000,Export Value
India,1997,497239000,Export Value
Indonesia,1997,88838000,Export Value
Iran,1997,4190000,Export Value
Ireland,1997,2545000,Export Value
Israel,1997,89000,Export Value
Italy,1997,1121000,Export Value
Japan,1997,8150000,Export Value
Jordan,1997,214000,Export Value
Kazakhstan,1997,156000,Export Value
Kenya,1997,410141000,Export Value
Kuwait,1997,1749000,Export Value
Kyrgyzstan,1997,1241000,Export Value
Latvia,1997,158000,Export Value
Lebanon,1997,125000,Export Value
Lithuania,1997,1792000,Export Value
Madagascar,1997,477000,Export Value
Malawi,1997,42790000,Export Value
Malaysia,1997,1300000,Export Value
Mauritius,1997,626000,Export Value
Mexico,1997,452000,Export Value
Moldova,1997,58000,Export Value
Morocco,1997,82000,Export Value
Mozambique,1997,230000,Export Value
Namibia,1997,40000,Export Value
Nepal,1997,397000,Export Value
Netherlands,1997,30490000,Export Value
New Zealand,1997,485000,Export Value
Niger,1997,65000,Export Value
Nigeria,1997,30000,Export Value
North Macedonia,1997,48000,Export Value
Norway,1997,111000,Export Value
Oman,1997,3123000,Export Value
Palestine,1997,103000,Export Value
Panama,1997,1354000,Export Value
Papua New Guinea,1997,7249000,Export Value
Paraguay,1997,22000,Export Value
Peru,1997,148000,Export Value
Poland,1997,11403000,Export Value
Portugal,1997,319000,Export Value
Qatar,1997,937000,Export Value
Romania,1997,50000,Export Value
Russia,1997,15193000,Export Value
Rwanda,1997,16198000,Export Value
Saudi Arabia,1997,499000,Export Value
Seychelles,1997,9000,Export Value
Singapore,1997,18774000,Export Value
Slovakia,1997,447000,Export Value
Slovenia,1997,103000,Export Value
South Africa,1997,2999000,Export Value
South Korea,1997,2644000,Export Value
Spain,1997,554000,Export Value
Sri Lanka,1997,716630000,Export Value
Sweden,1997,7914000,Export Value
Switzerland,1997,4460000,Export Value
Tanzania,1997,28703000,Export Value
Thailand,1997,625000,Export Value
Togo,1997,3000,Export Value
Trinidad and Tobago,1997,13000,Export Value
Tunisia,1997,94000,Export Value
Türkiye,1997,15259000,Export Value
Uganda,1997,16134000,Export Value
Ukraine,1997,345000,Export Value
United Arab Emirates,1997,6000000,Export Value
United Kingdom,1997,245803000,Export Value
United States,1997,18738000,Export Value
Vietnam,1997,48237000,Export Value
Zambia,1997,205000,Export Value
Zimbabwe,1997,24264000,Export Value
Albania,1998,22000,Export Value
Argentina,1998,55560000,Export Value
Australia,1998,9014000,Export Value
Austria,1998,2668000,Export Value
Azerbaijan,1998,1900000,Export Value
Bangladesh,1998,45155000,Export Value
Barbados,1998,546000,Export Value
Belarus,1998,1717000,Export Value
Belgium-Luxembourg,1998,44062000,Export Value
Belize,1998,3000,Export Value
Botswana,1998,78000,Export Value
Brazil,1998,6496000,Export Value
Brunei,1998,11000,Export Value
Bulgaria,1998,122000,Export Value
Burundi,1998,1285000,Export Value
Canada,1998,4772000,Export Value
Chile,1998,908000,Export Value
"China, Hong Kong SAR",1998,28325000,Export Value
"China, Macao SAR",1998,160000,Export Value
"China, Mainland",1998,369795000,Export Value
"China, Taiwan Province of",1998,14860000,Export Value
Costa Rica,1998,23000,Export Value
Croatia,1998,236000,Export Value
Cyprus,1998,162000,Export Value
Czechia,1998,1900000,Export Value
Côte d'Ivoire,1998,1401000,Export Value
DR Congo (Brazzaville),1998,100000,Export Value
Denmark,1998,3332000,Export Value
Djibouti,1998,2884000,Export Value
Dominica,1998,3000,Export Value
Ecuador,1998,1688000,Export Value
Egypt,1998,1943000,Export Value
El Salvador,1998,1505000,Export Value
Estonia,1998,2655000,Export Value
Eswatini,1998,45000,Export Value
Ethiopia,1998,941000,Export Value
Fiji,1998,70000,Export Value
Finland,1998,1960000,Export Value
France,1998,32488000,Export Value
Gambia,1998,34000,Export Value
Georgia,1998,7462000,Export Value
Germany,1998,71589000,Export Value
Ghana,1998,4000,Export Value
Greece,1998,138000,Export Value
Guatemala,1998,204000,Export Value
Honduras,1998,193000,Export Value
Hungary,1998,3883000,Export Value
India,1998,518258000,Export Value
Indonesia,1998,113208000,Export Value
Iran,1998,6199000,Export Value
Ireland,1998,5852000,Export Value
Israel,1998,88000,Export Value
Italy,1998,1356000,Export Value
Japan,1998,9439000,Export Value
Jordan,1998,319000,Export Value
Kazakhstan,1998,10000,Export Value
Kenya,1998,627138000,Export Value
Kuwait,1998,2217000,Export Value
Kyrgyzstan,1998,1645000,Export Value
Latvia,1998,598000,Export Value
Lebanon,1998,179000,Export Value
Libya,1998,102000,Export Value
Lithuania,1998,3147000,Export Value
Madagascar,1998,368000,Export Value
Malawi,1998,42425000,Export Value
Malaysia,1998,874000,Export Value
Malta,1998,30000,Export Value
Mauritius,1998,459000,Export Value
Mexico,1998,402000,Export Value
Moldova,1998,55000,Export Value
Morocco,1998,375000,Export Value
Mozambique,1998,230000,Export Value
Namibia,1998,137000,Export Value
Nepal,1998,178000,Export Value
Netherlands,1998,26718000,Export Value
New Caledonia,1998,3000,Export Value
New Zealand,1998,364000,Export Value
Niger,1998,76000,Export Value
Nigeria,1998,50000,Export Value
North Macedonia,1998,300000,Export Value
Norway,1998,106000,Export Value
Oman,1998,3655000,Export Value
Pakistan,1998,63000,Export Value
Palestine,1998,68000,Export Value
Panama,1998,955000,Export Value
Papua New Guinea,1998,9129000,Export Value
Paraguay,1998,70000,Export Value
Peru,1998,78000,Export Value
Poland,1998,15461000,Export Value
Portugal,1998,256000,Export Value
Qatar,1998,937000,Export Value
Romania,1998,97000,Export Value
Russia,1998,8355000,Export Value
Rwanda,1998,23085000,Export Value
Saudi Arabia,1998,1810000,Export Value
Senegal,1998,4000,Export Value
Seychelles,1998,5000,Export Value
Singapore,1998,21774000,Export Value
Slovakia,1998,373000,Export Value
Slovenia,1998,71000,Export Value
South Africa,1998,7582000,Export Value
South Korea,1998,785000,Export Value
Spain,1998,611000,Export Value
Sri Lanka,1998,747806000,Export Value
Sweden,1998,8617000,Export Value
Switzerland,1998,4704000,Export Value
Tanzania,1998,36993000,Export Value
Thailand,1998,439000,Export Value
Togo,1998,3000,Export Value
Trinidad and Tobago,1998,17000,Export Value
Tunisia,1998,32000,Export Value
Türkiye,1998,14233000,Export Value
Uganda,1998,28181000,Export Value
Ukraine,1998,45000,Export Value
United Arab Emirates,1998,8500000,Export Value
United Kingdom,1998,245732000,Export Value
United States,1998,16358000,Export Value
Uruguay,1998,3000,Export Value
Vietnam,1998,50496000,Export Value
Zambia,1998,313000,Export Value
Zimbabwe,1998,15086000,Export Value
Algeria,1999,5000,Export Value
Argentina,1999,39262000,Export Value
Armenia,1999,12000,Export Value
Australia,1999,6884000,Export Value
Austria,1999,3046000,Export Value
Azerbaijan,1999,4095000,Export Value
Bangladesh,1999,39585000,Export Value
Barbados,1999,476000,Export Value
Belarus,1999,1117000,Export Value
Belgium-Luxembourg,1999,42335000,Export Value
Belize,1999,3000,Export Value
Botswana,1999,69000,Export Value
Brazil,1999,5339000,Export Value
Brunei,1999,70000,Export Value
Bulgaria,1999,130000,Export Value
Burundi,1999,1183000,Export Value
Canada,1999,4360000,Export Value
Chad,1999,60000,Export Value
Chile,1999,878000,Export Value
"China, Hong Kong SAR",1999,25588000,Export Value
"China, Macao SAR",1999,350000,Export Value
"China, Mainland",1999,338338000,Export Value
"China, Taiwan Province of",1999,17013000,Export Value
Colombia,1999,26000,Export Value
Croatia,1999,179000,Export Value
Cyprus,1999,70000,Export Value
Czechia,1999,1320000,Export Value
Côte d'Ivoire,1999,1757000,Export Value
DR Congo (Brazzaville),1999,80000,Export Value
Denmark,1999,3086000,Export Value
Dominica,1999,3000,Export Value
Ecuador,1999,1291000,Export Value
Egypt,1999,1375000,Export Value
El Salvador,1999,1651000,Export Value
Estonia,1999,195000,Export Value
Eswatini,1999,32000,Export Value
Ethiopia,1999,55000,Export Value
Fiji,1999,70000,Export Value
Finland,1999,1344000,Export Value
France,1999,31917000,Export Value
Gambia,1999,73000,Export Value
Georgia,1999,11395000,Export Value
Germany,1999,67732000,Export Value
Ghana,1999,4000,Export Value
Greece,1999,123000,Export Value
Guatemala,1999,205000,Export Value
Honduras,1999,250000,Export Value
Hungary,1999,2411000,Export Value
India,1999,406106000,Export Value
Indonesia,1999,97141000,Export Value
Iran,1999,11278000,Export Value
Ireland,1999,5823000,Export Value
Israel,1999,131000,Export Value
Italy,1999,3320000,Export Value
Jamaica,1999,245000,Export Value
Japan,1999,11936000,Export Value
Jordan,1999,639000,Export Value
Kazakhstan,1999,200000,Export Value
Kenya,1999,459026000,Export Value
Kuwait,1999,3338000,Export Value
Kyrgyzstan,1999,373000,Export Value
Latvia,1999,713000,Export Value
Lebanon,1999,129000,Export Value
Lithuania,1999,2130000,Export Value
Madagascar,1999,328000,Export Value
Malawi,1999,38000000,Export Value
Malaysia,1999,1068000,Export Value
Malta,1999,21000,Export Value
Mauritius,1999,321000,Export Value
Mexico,1999,475000,Export Value
Moldova,1999,6000,Export Value
Mongolia,1999,3000,Export Value
Morocco,1999,1315000,Export Value
Mozambique,1999,100000,Export Value
Namibia,1999,52000,Export Value
Nepal,1999,605000,Export Value
Netherlands,1999,27277000,Export Value
New Caledonia,1999,3000,Export Value
New Zealand,1999,451000,Export Value
Niger,1999,77000,Export Value
Nigeria,1999,50000,Export Value
North Macedonia,1999,214000,Export Value
Norway,1999,31000,Export Value
Oman,1999,1755000,Export Value
Pakistan,1999,63000,Export Value
Palestine,1999,86000,Export Value
Panama,1999,860000,Export Value
Papua New Guinea,1999,7486000,Export Value
Paraguay,1999,96000,Export Value
Peru,1999,65000,Export Value
Poland,1999,11054000,Export Value
Portugal,1999,315000,Export Value
Qatar,1999,937000,Export Value
Romania,1999,585000,Export Value
Russia,1999,8096000,Export Value
Rwanda,1999,14646000,Export Value
Saudi Arabia,1999,1100000,Export Value
Senegal,1999,14000,Export Value
Seychelles,1999,4000,Export Value
Singapore,1999,15756000,Export Value
Slovakia,1999,421000,Export Value
Slovenia,1999,276000,Export Value
South Africa,1999,11050000,Export Value
South Korea,1999,1349000,Export Value
Spain,1999,883000,Export Value
Sri Lanka,1999,605347000,Export Value
Sweden,1999,8957000,Export Value
Switzerland,1999,4708000,Export Value
Tanzania,1999,40757000,Export Value
Thailand,1999,654000,Export Value
Trinidad and Tobago,1999,90000,Export Value
Tunisia,1999,7000,Export Value
Turkmenistan,1999,226000,Export Value
Türkiye,1999,4892000,Export Value
Uganda,1999,21425000,Export Value
Ukraine,1999,72000,Export Value
United Arab Emirates,1999,12000000,Export Value
United Kingdom,1999,195131000,Export Value
United States,1999,21333000,Export Value
Vietnam,1999,45147000,Export Value
Zambia,1999,1595000,Export Value
Zimbabwe,1999,19875000,Export Value
Algeria,2000,12000,Export Value
Argentina,2000,38448000,Export Value
Australia,2000,6347000,Export Value
Austria,2000,1923000,Export Value
Azerbaijan,2000,2043000,Export Value
Bahamas,2000,128000,Export Value
Bangladesh,2000,15761000,Export Value
Barbados,2000,476000,Export Value
Belarus,2000,1450000,Export Value
Belgium,2000,44705000,Export Value
Belize,2000,1347000,Export Value
Bolivia,2000,12000,Export Value
Botswana,2000,162000,Export Value
Brazil,2000,6512000,Export Value
Brunei,2000,80000,Export Value
Bulgaria,2000,140000,Export Value
Burundi,2000,3009000,Export Value
Cameroon,2000,17000,Export Value
Canada,2000,5663000,Export Value
Central African Republic,2000,22000,Export Value
Chad,2000,35000,Export Value
Chile,2000,941000,Export Value
"China, Hong Kong SAR",2000,26678000,Export Value
"China, Macao SAR",2000,337000,Export Value
"China, Mainland",2000,347170000,Export Value
"China, Taiwan Province of",2000,17181000,Export Value
Congo (Brazzaville),2000,32000,Export Value
Costa Rica,2000,5000,Export Value
Croatia,2000,79000,Export Value
Czechia,2000,1105000,Export Value
Côte d'Ivoire,2000,1353000,Export Value
DR Congo (Brazzaville),2000,220000,Export Value
Denmark,2000,2945000,Export Value
Ecuador,2000,1246000,Export Value
Egypt,2000,4889000,Export Value
El Salvador,2000,851000,Export Value
Estonia,2000,167000,Export Value
Eswatini,2000,40000,Export Value
Ethiopia,2000,1500000,Export Value
Fiji,2000,45000,Export Value
Finland,2000,2236000,Export Value
France,2000,29547000,Export Value
Gabon,2000,5000,Export Value
Gambia,2000,7000,Export Value
Georgia,2000,6089000,Export Value
Germany,2000,71349000,Export Value
Greece,2000,52000,Export Value
Guatemala,2000,122000,Export Value
Honduras,2000,14000,Export Value
Hungary,2000,2978000,Export Value
India,2000,431596000,Export Value
Indonesia,2000,112106000,Export Value
Iran,2000,12218000,Export Value
Ireland,2000,2244000,Export Value
Israel,2000,508000,Export Value
Italy,2000,2229000,Export Value
Japan,2000,11178000,Export Value
Jordan,2000,338000,Export Value
Kazakhstan,2000,228000,Export Value
Kenya,2000,461938000,Export Value
Kuwait,2000,2045000,Export Value
Kyrgyzstan,2000,597000,Export Value
Latvia,2000,295000,Export Value
Lebanon,2000,176000,Export Value
Libya,2000,5000,Export Value
Lithuania,2000,1546000,Export Value
Luxembourg,2000,86000,Export Value
Madagascar,2000,438000,Export Value
Malawi,2000,37800000,Export Value
Malaysia,2000,1384000,Export Value
Malta,2000,11000,Export Value
Mauritius,2000,192000,Export Value
Mexico,2000,334000,Export Value
Morocco,2000,1261000,Export Value
Mozambique,2000,101000,Export Value
Namibia,2000,15000,Export Value
Nepal,2000,362000,Export Value
Netherlands,2000,21629000,Export Value
New Caledonia,2000,3000,Export Value
New Zealand,2000,405000,Export Value
Niger,2000,566000,Export Value
North Macedonia,2000,33000,Export Value
Norway,2000,84000,Export Value
Oman,2000,1328000,Export Value
Pakistan,2000,69000,Export Value
Palestine,2000,159000,Export Value
Panama,2000,902000,Export Value
Papua New Guinea,2000,7380000,Export Value
Paraguay,2000,23000,Export Value
Peru,2000,24000,Export Value
Poland,2000,12896000,Export Value
Portugal,2000,291000,Export Value
Qatar,2000,71000,Export Value
Romania,2000,461000,Export Value
Russia,2000,3670000,Export Value
Rwanda,2000,20542000,Export Value
Saudi Arabia,2000,906000,Export Value
Senegal,2000,18000,Export Value
Singapore,2000,17463000,Export Value
Slovakia,2000,598000,Export Value
Slovenia,2000,598000,Export Value
South Africa,2000,18526000,Export Value
South Korea,2000,986000,Export Value
Spain,2000,1583000,Export Value
Sri Lanka,2000,683153000,Export Value
Sweden,2000,12039000,Export Value
Switzerland,2000,3936000,Export Value
Tanzania,2000,40790000,Export Value
Thailand,2000,890000,Export Value
Trinidad and Tobago,2000,50000,Export Value
Tunisia,2000,19000,Export Value
Turkmenistan,2000,313000,Export Value
Türkiye,2000,5782000,Export Value
Uganda,2000,37050000,Export Value
Ukraine,2000,100000,Export Value
United Arab Emirates,2000,25000000,Export Value
United Kingdom,2000,160873000,Export Value
United States,2000,24831000,Export Value
Uruguay,2000,5000,Export Value
Uzbekistan,2000,18000,Export Value
Venezuela,2000,9000,Export Value
Vietnam,2000,69596000,Export Value
Yemen,2000,25000,Export Value
Zambia,2000,560000,Export Value
Zimbabwe,2000,18454000,Export Value
Argentina,2002,40258000,Export Value
Australia,2002,3286000,Export Value
Austria,2002,2836000,Export Value
Azerbaijan,2002,5096000,Export Value
Bahamas,2002,63000,Export Value
Bahrain,2002,85000,Export Value
Bangladesh,2002,4652000,Export Value
Barbados,2002,38000,Export Value
Belarus,2002,811000,Export Value
Belgium,2002,49151000,Export Value
Botswana,2002,24000,Export Value
Brazil,2002,5553000,Export Value
Bulgaria,2002,98000,Export Value
Burundi,2002,584000,Export Value
Cambodia,2002,3000,Export Value
Canada,2002,7251000,Export Value
Chad,2002,200000,Export Value
Chile,2002,4300000,Export Value
"China, Hong Kong SAR",2002,13469000,Export Value
"China, Macao SAR",2002,301000,Export Value
"China, Mainland",2002,331761000,Export Value
"China, Taiwan Province of",2002,16053000,Export Value
Colombia,2002,21000,Export Value
Congo (Brazzaville),2002,19000,Export Value
Costa Rica,2002,250000,Export Value
Croatia,2002,181000,Export Value
Czechia,2002,1092000,Export Value
Côte d'Ivoire,2002,1379000,Export Value
DR Congo (Brazzaville),2002,80000,Export Value
Denmark,2002,4069000,Export Value
Djibouti,2002,888000,Export Value
Ecuador,2002,1203000,Export Value
Egypt,2002,8821000,Export Value
El Salvador,2002,877000,Export Value
Estonia,2002,139000,Export Value
Eswatini,2002,338000,Export Value
Ethiopia,2002,489000,Export Value
Fiji,2002,83000,Export Value
Finland,2002,744000,Export Value
France,2002,34858000,Export Value
Georgia,2002,4655000,Export Value
Germany,2002,88891000,Export Value
Ghana,2002,541000,Export Value
Greece,2002,164000,Export Value
Guatemala,2002,110000,Export Value
Hungary,2002,5049000,Export Value
India,2002,326629000,Export Value
Indonesia,2002,103426000,Export Value
Iran,2002,6194000,Export Value
Ireland,2002,2533000,Export Value
Israel,2002,161000,Export Value
Italy,2002,2713000,Export Value
Jamaica,2002,295000,Export Value
Japan,2002,11839000,Export Value
Jordan,2002,316000,Export Value
Kazakhstan,2002,288000,Export Value
Kenya,2002,500000000,Export Value
Kuwait,2002,97000,Export Value
Kyrgyzstan,2002,2070000,Export Value
Latvia,2002,234000,Export Value
Lebanon,2002,247000,Export Value
Liberia,2002,22000,Export Value
Lithuania,2002,1715000,Export Value
Luxembourg,2002,509000,Export Value
Madagascar,2002,380000,Export Value
Malawi,2002,37044000,Export Value
Malaysia,2002,3687000,Export Value
Mali,2002,74000,Export Value
Malta,2002,7000,Export Value
Mauritania,2002,20000,Export Value
Mauritius,2002,241000,Export Value
Mexico,2002,282000,Export Value
Moldova,2002,49000,Export Value
Morocco,2002,1403000,Export Value
Mozambique,2002,2109000,Export Value
Myanmar,2002,97000,Export Value
Namibia,2002,49000,Export Value
Nepal,2002,359000,Export Value
Netherlands,2002,27500000,Export Value
New Zealand,2002,300000,Export Value
Niger,2002,86000,Export Value
Nigeria,2002,628000,Export Value
North Macedonia,2002,78000,Export Value
Norway,2002,129000,Export Value
Oman,2002,7002000,Export Value
Pakistan,2002,22000,Export Value
Palestine,2002,197000,Export Value
Papua New Guinea,2002,4658000,Export Value
Paraguay,2002,11000,Export Value
Peru,2002,47000,Export Value
Poland,2002,13919000,Export Value
Portugal,2002,411000,Export Value
Qatar,2002,350000,Export Value
Romania,2002,236000,Export Value
Russia,2002,4682000,Export Value
Rwanda,2002,11715000,Export Value
Saint Lucia,2002,40000,Export Value
Saudi Arabia,2002,938000,Export Value
Senegal,2002,8000,Export Value
Seychelles,2002,3000,Export Value
Singapore,2002,15774000,Export Value
Slovakia,2002,1281000,Export Value
Slovenia,2002,79000,Export Value
South Africa,2002,17193000,Export Value
South Korea,2002,4592000,Export Value
Spain,2002,905000,Export Value
Sri Lanka,2002,650961000,Export Value
Sudan,2002,125000,Export Value
Sweden,2002,8708000,Export Value
Switzerland,2002,5129000,Export Value
Tanzania,2002,29639000,Export Value
Thailand,2002,2446000,Export Value
Trinidad and Tobago,2002,647000,Export Value
Tunisia,2002,41000,Export Value
Türkiye,2002,4782000,Export Value
Uganda,2002,31293000,Export Value
Ukraine,2002,249000,Export Value
United Arab Emirates,2002,53986000,Export Value
United Kingdom,2002,191918000,Export Value
United States,2002,26407000,Export Value
Uruguay,2002,13000,Export Value
Uzbekistan,2002,50000,Export Value
Vietnam,2002,82000000,Export Value
Yemen,2002,57000,Export Value
Zambia,2002,850000,Export Value
Zimbabwe,2002,16494000,Export Value
Argentina,2001,41981000,Export Value
Australia,2001,3662000,Export Value
Austria,2001,2421000,Export Value
Azerbaijan,2001,3144000,Export Value
Bahamas,2001,160000,Export Value
Bangladesh,2001,6500000,Export Value
Barbados,2001,369000,Export Value
Belarus,2001,854000,Export Value
Belgium,2001,32610000,Export Value
Bolivia,2001,17000,Export Value
Botswana,2001,27000,Export Value
Brazil,2001,6455000,Export Value
Brunei,2001,60000,Export Value
Bulgaria,2001,2039000,Export Value
Burundi,2001,6811000,Export Value
Canada,2001,7063000,Export Value
Chad,2001,200000,Export Value
Chile,2001,3495000,Export Value
"China, Hong Kong SAR",2001,20846000,Export Value
"China, Macao SAR",2001,294000,Export Value
"China, Mainland",2001,342028000,Export Value
"China, Taiwan Province of",2001,16320000,Export Value
Colombia,2001,6000,Export Value
Congo (Brazzaville),2001,60000,Export Value
Costa Rica,2001,33000,Export Value
Croatia,2001,97000,Export Value
Czechia,2001,1276000,Export Value
Côte d'Ivoire,2001,44204000,Export Value
DR Congo (Brazzaville),2001,20000,Export Value
Denmark,2001,3298000,Export Value
Djibouti,2001,61000,Export Value
Ecuador,2001,1365000,Export Value
Egypt,2001,5427000,Export Value
El Salvador,2001,799000,Export Value
Estonia,2001,363000,Export Value
Eswatini,2001,388000,Export Value
Ethiopia,2001,450000,Export Value
Fiji,2001,62000,Export Value
Finland,2001,1676000,Export Value
France,2001,33709000,Export Value
Georgia,2001,5793000,Export Value
Germany,2001,72195000,Export Value
Ghana,2001,5000,Export Value
Greece,2001,279000,Export Value
Guatemala,2001,175000,Export Value
Guyana,2001,26000,Export Value
Hungary,2001,3985000,Export Value
India,2001,367207000,Export Value
Indonesia,2001,99967000,Export Value
Iran,2001,6254000,Export Value
Ireland,2001,2919000,Export Value
Israel,2001,317000,Export Value
Italy,2001,2822000,Export Value
Jamaica,2001,521000,Export Value
Japan,2001,9972000,Export Value
Jordan,2001,408000,Export Value
Kazakhstan,2001,102000,Export Value
Kenya,2001,448677000,Export Value
Kuwait,2001,1441000,Export Value
Kyrgyzstan,2001,432000,Export Value
Latvia,2001,524000,Export Value
Lebanon,2001,125000,Export Value
Libya,2001,5000,Export Value
Lithuania,2001,1729000,Export Value
Luxembourg,2001,382000,Export Value
Madagascar,2001,434000,Export Value
Malawi,2001,34088000,Export Value
Malaysia,2001,1749000,Export Value
Mali,2001,220000,Export Value
Malta,2001,7000,Export Value
Mauritania,2001,21000,Export Value
Mauritius,2001,212000,Export Value
Mexico,2001,475000,Export Value
Moldova,2001,7000,Export Value
Mongolia,2001,4000,Export Value
Morocco,2001,1501000,Export Value
Mozambique,2001,1700000,Export Value
Namibia,2001,13000,Export Value
Nepal,2001,308000,Export Value
Netherlands,2001,20548000,Export Value
New Caledonia,2001,3000,Export Value
New Zealand,2001,281000,Export Value
Niger,2001,132000,Export Value
Nigeria,2001,650000,Export Value
North Macedonia,2001,47000,Export Value
Norway,2001,27000,Export Value
Oman,2001,1171000,Export Value
Pakistan,2001,86000,Export Value
Palestine,2001,174000,Export Value
Panama,2001,279000,Export Value
Papua New Guinea,2001,6490000,Export Value
Paraguay,2001,66000,Export Value
Peru,2001,63000,Export Value
Philippines,2001,150000,Export Value
Poland,2001,10685000,Export Value
Portugal,2001,319000,Export Value
Romania,2001,157000,Export Value
Russia,2001,2269000,Export Value
Rwanda,2001,16462000,Export Value
Saudi Arabia,2001,881000,Export Value
Senegal,2001,3000,Export Value
Seychelles,2001,3000,Export Value
Singapore,2001,15480000,Export Value
Slovakia,2001,1168000,Export Value
Slovenia,2001,63000,Export Value
South Africa,2001,12083000,Export Value
South Korea,2001,2240000,Export Value
Spain,2001,1203000,Export Value
Sri Lanka,2001,679951000,Export Value
Sweden,2001,11594000,Export Value
Switzerland,2001,4215000,Export Value
Tajikistan,2001,4000,Export Value
Tanzania,2001,32708000,Export Value
Thailand,2001,1936000,Export Value
Trinidad and Tobago,2001,259000,Export Value
Tunisia,2001,70000,Export Value
Turkmenistan,2001,53000,Export Value
Türkiye,2001,4073000,Export Value
Uganda,2001,16230000,Export Value
Ukraine,2001,127000,Export Value
United Arab Emirates,2001,40000000,Export Value
United Kingdom,2001,169496000,Export Value
United States,2001,23690000,Export Value
Uruguay,2001,4000,Export Value
Vietnam,2001,78406000,Export Value
Yemen,2001,12000,Export Value
Zambia,2001,560000,Export Value
Zimbabwe,2001,6558000,Export Value
Angola,2004,221000,Export Value
Argentina,2004,40512000,Export Value
Australia,2004,2942000,Export Value
Austria,2004,4343000,Export Value
Azerbaijan,2004,18578000,Export Value
Bahrain,2004,579000,Export Value
Bangladesh,2004,12168000,Export Value
Belarus,2004,490000,Export Value
Belgium,2004,49016000,Export Value
Bolivia,2004,53000,Export Value
Bosnia and Herzegovina,2004,19000,Export Value
Brazil,2004,5471000,Export Value
Bulgaria,2004,62000,Export Value
Burundi,2004,1221000,Export Value
Canada,2004,14544000,Export Value
Chad,2004,63000,Export Value
Chile,2004,3802000,Export Value
"China, Hong Kong SAR",2004,10982000,Export Value
"China, Macao SAR",2004,271000,Export Value
"China, Mainland",2004,436845000,Export Value
"China, Taiwan Province of",2004,16827000,Export Value
Colombia,2004,7000,Export Value
Costa Rica,2004,171000,Export Value
Croatia,2004,236000,Export Value
Cyprus,2004,26000,Export Value
Czechia,2004,1279000,Export Value
Côte d'Ivoire,2004,769000,Export Value
DR Congo (Brazzaville),2004,80000,Export Value
Denmark,2004,3238000,Export Value
Djibouti,2004,296000,Export Value
Ecuador,2004,1126000,Export Value
Egypt,2004,7131000,Export Value
El Salvador,2004,347000,Export Value
Estonia,2004,43000,Export Value
Eswatini,2004,839000,Export Value
Ethiopia,2004,1941000,Export Value
Fiji,2004,59000,Export Value
Finland,2004,1001000,Export Value
France,2004,42186000,Export Value
French Polynesia,2004,8000,Export Value
Gabon,2004,21000,Export Value
Gambia,2004,24000,Export Value
Georgia,2004,3739000,Export Value
Germany,2004,131929000,Export Value
Ghana,2004,47000,Export Value
Greece,2004,154000,Export Value
Guatemala,2004,218000,Export Value
Hungary,2004,9642000,Export Value
India,2004,377742000,Export Value
Indonesia,2004,116018000,Export Value
Iran,2004,8257000,Export Value
Ireland,2004,3406000,Export Value
Israel,2004,1292000,Export Value
Italy,2004,3981000,Export Value
Jamaica,2004,200000,Export Value
Japan,2004,16732000,Export Value
Jordan,2004,461000,Export Value
Kazakhstan,2004,364000,Export Value
Kenya,2004,463726000,Export Value
Kuwait,2004,24000,Export Value
Kyrgyzstan,2004,2769000,Export Value
Latvia,2004,351000,Export Value
Lebanon,2004,455000,Export Value
Liberia,2004,42000,Export Value
Lithuania,2004,1438000,Export Value
Luxembourg,2004,347000,Export Value
Madagascar,2004,132000,Export Value
Malawi,2004,47200000,Export Value
Malaysia,2004,2341000,Export Value
Mauritius,2004,402000,Export Value
Mexico,2004,642000,Export Value
Moldova,2004,195000,Export Value
Morocco,2004,2858000,Export Value
Mozambique,2004,630000,Export Value
Myanmar,2004,214000,Export Value
Namibia,2004,113000,Export Value
Nepal,2004,4510000,Export Value
Netherlands,2004,36752000,Export Value
New Zealand,2004,332000,Export Value
Nicaragua,2004,10000,Export Value
Niger,2004,202000,Export Value
Nigeria,2004,126000,Export Value
North Macedonia,2004,70000,Export Value
Norway,2004,63000,Export Value
Oman,2004,10105000,Export Value
Pakistan,2004,584000,Export Value
Palestine,2004,74000,Export Value
Panama,2004,29000,Export Value
Papua New Guinea,2004,7108000,Export Value
Paraguay,2004,208000,Export Value
Peru,2004,65000,Export Value
Philippines,2004,7000,Export Value
Poland,2004,25377000,Export Value
Portugal,2004,719000,Export Value
Qatar,2004,47000,Export Value
Romania,2004,685000,Export Value
Russia,2004,22980000,Export Value
Rwanda,2004,1950000,Export Value
Saint Lucia,2004,4000,Export Value
Saudi Arabia,2004,2897000,Export Value
Senegal,2004,320000,Export Value
Singapore,2004,3435000,Export Value
Slovakia,2004,1438000,Export Value
Slovenia,2004,147000,Export Value
Somalia,2004,38000,Export Value
South Africa,2004,12670000,Export Value
South Korea,2004,5325000,Export Value
Spain,2004,2321000,Export Value
Sri Lanka,2004,732521000,Export Value
Sudan,2004,19000,Export Value
Sweden,2004,8503000,Export Value
Switzerland,2004,4773000,Export Value
Tanzania,2004,30116000,Export Value
Thailand,2004,1887000,Export Value
Togo,2004,8000,Export Value
Trinidad and Tobago,2004,1652000,Export Value
Tunisia,2004,225000,Export Value
Türkiye,2004,6857000,Export Value
Uganda,2004,37256000,Export Value
Ukraine,2004,250000,Export Value
United Arab Emirates,2004,43323000,Export Value
United Kingdom,2004,259008000,Export Value
United States,2004,29892000,Export Value
Uruguay,2004,14000,Export Value
Uzbekistan,2004,30000,Export Value
Vietnam,2004,96693000,Export Value
Yemen,2004,2048000,Export Value
Zambia,2004,830000,Export Value
Zimbabwe,2004,13277000,Export Value
Angola,2011,221000,Export Value
Argentina,2011,105247000,Export Value
Australia,2011,7221000,Export Value
Austria,2011,16883000,Export Value
Azerbaijan,2011,32284000,Export Value
Bahrain,2011,238000,Export Value
Bangladesh,2011,2594000,Export Value
Barbados,2011,9000,Export Value
Belarus,2011,473000,Export Value
Belgium,2011,100620000,Export Value
Belize,2011,9000,Export Value
Bolivia,2011,229000,Export Value
Bosnia and Herzegovina,2011,18000,Export Value
Botswana,2011,28000,Export Value
Brazil,2011,8595000,Export Value
Brunei,2011,106000,Export Value
Bulgaria,2011,129000,Export Value
Burundi,2011,10122000,Export Value
Cameroon,2011,32000,Export Value
Canada,2011,35663000,Export Value
Chad,2011,28000,Export Value
Chile,2011,3467000,Export Value
"China, Hong Kong SAR",2011,20013000,Export Value
"China, Mainland",2011,965080000,Export Value
"China, Taiwan Province of",2011,31126000,Export Value
Colombia,2011,189000,Export Value
Congo (Brazzaville),2011,210000,Export Value
Costa Rica,2011,547000,Export Value
Croatia,2011,546000,Export Value
Cyprus,2011,24000,Export Value
Czechia,2011,6747000,Export Value
Côte d'Ivoire,2011,1285000,Export Value
DR Congo (Brazzaville),2011,90000,Export Value
Denmark,2011,9813000,Export Value
Ecuador,2011,953000,Export Value
Egypt,2011,22936000,Export Value
El Salvador,2011,26000,Export Value
Estonia,2011,297000,Export Value
Eswatini,2011,10000,Export Value
Ethiopia,2011,1343000,Export Value
Fiji,2011,37000,Export Value
Finland,2011,1249000,Export Value
France,2011,48936000,Export Value
French Polynesia,2011,9000,Export Value
Gambia,2011,1637000,Export Value
Georgia,2011,2445000,Export Value
Germany,2011,229383000,Export Value
Ghana,2011,88000,Export Value
Greece,2011,1220000,Export Value
Guatemala,2011,127000,Export Value
Guyana,2011,243000,Export Value
Hungary,2011,21726000,Export Value
India,2011,867143000,Export Value
Indonesia,2011,166717000,Export Value
Iran,2011,17608000,Export Value
Ireland,2011,10707000,Export Value
Israel,2011,2371000,Export Value
Italy,2011,11628000,Export Value
Jamaica,2011,555000,Export Value
Japan,2011,60263000,Export Value
Jordan,2011,1889000,Export Value
Kazakhstan,2011,3833000,Export Value
Kenya,2011,858250000,Export Value
Kuwait,2011,3000,Export Value
Kyrgyzstan,2011,1078000,Export Value
Latvia,2011,7210000,Export Value
Lebanon,2011,1768000,Export Value
Lithuania,2011,6471000,Export Value
Luxembourg,2011,143000,Export Value
Madagascar,2011,378000,Export Value
Malawi,2011,86361000,Export Value
Malaysia,2011,6810000,Export Value
Mali,2011,234000,Export Value
Malta,2011,5000,Export Value
Mauritius,2011,344000,Export Value
Mexico,2011,1078000,Export Value
Moldova,2011,115000,Export Value
Montenegro,2011,39000,Export Value
Morocco,2011,11269000,Export Value
Mozambique,2011,1936000,Export Value
Myanmar,2011,1182000,Export Value
Nepal,2011,19448000,Export Value
Netherlands,2011,55839000,Export Value
New Zealand,2011,828000,Export Value
Niger,2011,868000,Export Value
Nigeria,2011,72000,Export Value
North Macedonia,2011,33000,Export Value
Norway,2011,168000,Export Value
Oman,2011,4388000,Export Value
Pakistan,2011,4233000,Export Value
Papua New Guinea,2011,6488000,Export Value
Paraguay,2011,863000,Export Value
Peru,2011,32000,Export Value
Philippines,2011,112000,Export Value
Poland,2011,139393000,Export Value
Portugal,2011,2178000,Export Value
Qatar,2011,9000,Export Value
Romania,2011,685000,Export Value
Russia,2011,50500000,Export Value
Rwanda,2011,47426000,Export Value
Saint Lucia,2011,5000,Export Value
Saudi Arabia,2011,13468000,Export Value
Senegal,2011,26000,Export Value
Serbia,2011,639000,Export Value
Singapore,2011,11146000,Export Value
Slovakia,2011,5560000,Export Value
Slovenia,2011,190000,Export Value
Somalia,2011,11000,Export Value
South Africa,2011,12047000,Export Value
South Korea,2011,2403000,Export Value
Spain,2011,6682000,Export Value
Sri Lanka,2011,1476881000,Export Value
Sweden,2011,10593000,Export Value
Switzerland,2011,17273000,Export Value
Syria,2011,294000,Export Value
Tanzania,2011,46938000,Export Value
Thailand,2011,5234000,Export Value
Togo,2011,176000,Export Value
Trinidad and Tobago,2011,371000,Export Value
Tunisia,2011,276000,Export Value
Türkiye,2011,10367000,Export Value
Uganda,2011,72126000,Export Value
Ukraine,2011,1971000,Export Value
United Arab Emirates,2011,191814000,Export Value
United Kingdom,2011,262959000,Export Value
United States,2011,73651000,Export Value
Uruguay,2011,102000,Export Value
Vietnam,2011,204018000,Export Value
Yemen,2011,13657000,Export Value
Zambia,2011,44000,Export Value
Zimbabwe,2011,15842000,Export Value
Angola,2009,221000,Export Value
Argentina,2009,72523000,Export Value
Australia,2009,5945000,Export Value
Austria,2009,15974000,Export Value
Azerbaijan,2009,26938000,Export Value
Bahamas,2009,7000,Export Value
Bahrain,2009,11000,Export Value
Bangladesh,2009,9042000,Export Value
Barbados,2009,12000,Export Value
Belarus,2009,14000,Export Value
Belgium,2009,73749000,Export Value
Bolivia,2009,105000,Export Value
Bosnia and Herzegovina,2009,79000,Export Value
Botswana,2009,39000,Export Value
Brazil,2009,6531000,Export Value
Brunei,2009,106000,Export Value
Bulgaria,2009,34000,Export Value
Burundi,2009,7596000,Export Value
Cameroon,2009,15000,Export Value
Canada,2009,34124000,Export Value
Chad,2009,28000,Export Value
Chile,2009,3688000,Export Value
"China, Hong Kong SAR",2009,10801000,Export Value
"China, Macao SAR",2009,913000,Export Value
"China, Mainland",2009,704947000,Export Value
"China, Taiwan Province of",2009,18986000,Export Value
Colombia,2009,207000,Export Value
Costa Rica,2009,347000,Export Value
Croatia,2009,536000,Export Value
Cyprus,2009,12000,Export Value
Czechia,2009,4779000,Export Value
Côte d'Ivoire,2009,2470000,Export Value
DR Congo (Brazzaville),2009,7000,Export Value
Denmark,2009,7293000,Export Value
Ecuador,2009,1011000,Export Value
Egypt,2009,26411000,Export Value
El Salvador,2009,360000,Export Value
Estonia,2009,193000,Export Value
Eswatini,2009,10000,Export Value
Ethiopia,2009,964000,Export Value
Fiji,2009,188000,Export Value
Finland,2009,865000,Export Value
France,2009,51353000,Export Value
French Polynesia,2009,25000,Export Value
Gambia,2009,3187000,Export Value
Georgia,2009,2112000,Export Value
Germany,2009,186395000,Export Value
Ghana,2009,93000,Export Value
Greece,2009,875000,Export Value
Guatemala,2009,298000,Export Value
Guyana,2009,98000,Export Value
Hungary,2009,14217000,Export Value
India,2009,583803000,Export Value
Indonesia,2009,171628000,Export Value
Iran,2009,8530000,Export Value
Ireland,2009,2562000,Export Value
Israel,2009,2010000,Export Value
Italy,2009,7397000,Export Value
Jamaica,2009,932000,Export Value
Japan,2009,37268000,Export Value
Jordan,2009,1744000,Export Value
Kazakhstan,2009,1680000,Export Value
Kenya,2009,894027000,Export Value
Kuwait,2009,1882000,Export Value
Kyrgyzstan,2009,235000,Export Value
Latvia,2009,2898000,Export Value
Lebanon,2009,1992000,Export Value
Lithuania,2009,3950000,Export Value
Luxembourg,2009,100000,Export Value
Madagascar,2009,334000,Export Value
Malawi,2009,78243000,Export Value
Malaysia,2009,4938000,Export Value
Mali,2009,38000,Export Value
Mauritania,2009,493000,Export Value
Mauritius,2009,351000,Export Value
Mexico,2009,1099000,Export Value
Moldova,2009,404000,Export Value
Montenegro,2009,59000,Export Value
Morocco,2009,8921000,Export Value
Mozambique,2009,1977000,Export Value
Myanmar,2009,946000,Export Value
Nepal,2009,16020000,Export Value
Netherlands,2009,62376000,Export Value
New Zealand,2009,834000,Export Value
Niger,2009,1059000,Export Value
Nigeria,2009,170000,Export Value
North Macedonia,2009,82000,Export Value
Norway,2009,117000,Export Value
Oman,2009,5807000,Export Value
Pakistan,2009,3304000,Export Value
Papua New Guinea,2009,8075000,Export Value
Paraguay,2009,879000,Export Value
Peru,2009,30000,Export Value
Philippines,2009,7000,Export Value
Poland,2009,60284000,Export Value
Portugal,2009,1657000,Export Value
Qatar,2009,145000,Export Value
Romania,2009,1861000,Export Value
Russia,2009,62964000,Export Value
Rwanda,2009,30830000,Export Value
Saudi Arabia,2009,3269000,Export Value
Senegal,2009,5000,Export Value
Serbia,2009,617000,Export Value
Seychelles,2009,21000,Export Value
Singapore,2009,6848000,Export Value
Slovakia,2009,1772000,Export Value
Slovenia,2009,1302000,Export Value
South Africa,2009,15386000,Export Value
South Korea,2009,3326000,Export Value
Spain,2009,2571000,Export Value
Sri Lanka,2009,1175097000,Export Value
Sudan,2009,15000,Export Value
Sweden,2009,11660000,Export Value
Switzerland,2009,5259000,Export Value
Syria,2009,203000,Export Value
Tajikistan,2009,70000,Export Value
Tanzania,2009,68140000,Export Value
Thailand,2009,4654000,Export Value
Togo,2009,33000,Export Value
Trinidad and Tobago,2009,578000,Export Value
Tunisia,2009,118000,Export Value
Türkiye,2009,7754000,Export Value
Uganda,2009,59761000,Export Value
Ukraine,2009,1052000,Export Value
United Arab Emirates,2009,153786000,Export Value
United Kingdom,2009,281126000,Export Value
United States,2009,53427000,Export Value
Uruguay,2009,15000,Export Value
Vietnam,2009,178000000,Export Value
Yemen,2009,10256000,Export Value
Zambia,2009,305000,Export Value
Zimbabwe,2009,8156000,Export Value
Angola,2003,221000,Export Value
Argentina,2003,34119000,Export Value
Australia,2003,3797000,Export Value
Austria,2003,3710000,Export Value
Azerbaijan,2003,3936000,Export Value
Bahamas,2003,4000,Export Value
Bahrain,2003,182000,Export Value
Bangladesh,2003,8223000,Export Value
Belarus,2003,782000,Export Value
Belgium,2003,56475000,Export Value
Belize,2003,6000,Export Value
Bolivia,2003,6000,Export Value
Bosnia and Herzegovina,2003,50000,Export Value
Botswana,2003,76000,Export Value
Brazil,2003,5693000,Export Value
Bulgaria,2003,38000,Export Value
Burundi,2003,566000,Export Value
Cambodia,2003,6000,Export Value
Canada,2003,9751000,Export Value
Chad,2003,57000,Export Value
Chile,2003,4028000,Export Value
"China, Hong Kong SAR",2003,10872000,Export Value
"China, Macao SAR",2003,270000,Export Value
"China, Mainland",2003,367187000,Export Value
"China, Taiwan Province of",2003,17971000,Export Value
Colombia,2003,41000,Export Value
Costa Rica,2003,177000,Export Value
Croatia,2003,203000,Export Value
Cyprus,2003,34000,Export Value
Czechia,2003,971000,Export Value
Côte d'Ivoire,2003,1263000,Export Value
DR Congo (Brazzaville),2003,234000,Export Value
Denmark,2003,3216000,Export Value
Djibouti,2003,160000,Export Value
Ecuador,2003,1161000,Export Value
Egypt,2003,8942000,Export Value
El Salvador,2003,558000,Export Value
Estonia,2003,171000,Export Value
Eswatini,2003,380000,Export Value
Ethiopia,2003,2069000,Export Value
Fiji,2003,36000,Export Value
Finland,2003,598000,Export Value
France,2003,42174000,Export Value
French Polynesia,2003,15000,Export Value
Georgia,2003,4365000,Export Value
Germany,2003,105188000,Export Value
Ghana,2003,128000,Export Value
Greece,2003,247000,Export Value
Guatemala,2003,114000,Export Value
Hungary,2003,7929000,Export Value
India,2003,333408000,Export Value
Indonesia,2003,95816000,Export Value
Iran,2003,6550000,Export Value
Ireland,2003,4829000,Export Value
Israel,2003,383000,Export Value
Italy,2003,4084000,Export Value
Jamaica,2003,471000,Export Value
Japan,2003,13763000,Export Value
Jordan,2003,1022000,Export Value
Kazakhstan,2003,302000,Export Value
Kenya,2003,481485000,Export Value
Kuwait,2003,3000,Export Value
Kyrgyzstan,2003,2495000,Export Value
Latvia,2003,434000,Export Value
Lebanon,2003,379000,Export Value
Liberia,2003,14000,Export Value
Lithuania,2003,1502000,Export Value
Luxembourg,2003,704000,Export Value
Madagascar,2003,401000,Export Value
Malawi,2003,42069000,Export Value
Malaysia,2003,3080000,Export Value
Mali,2003,43000,Export Value
Malta,2003,9000,Export Value
Mauritania,2003,18000,Export Value
Mauritius,2003,373000,Export Value
Mexico,2003,615000,Export Value
Moldova,2003,88000,Export Value
Morocco,2003,1916000,Export Value
Mozambique,2003,789000,Export Value
Myanmar,2003,142000,Export Value
Namibia,2003,45000,Export Value
Nepal,2003,5121000,Export Value
Netherlands,2003,29920000,Export Value
New Zealand,2003,281000,Export Value
Nicaragua,2003,11000,Export Value
Niger,2003,76000,Export Value
Nigeria,2003,130000,Export Value
North Macedonia,2003,56000,Export Value
Norway,2003,57000,Export Value
Oman,2003,10480000,Export Value
Pakistan,2003,193000,Export Value
Palestine,2003,223000,Export Value
Papua New Guinea,2003,5431000,Export Value
Paraguay,2003,73000,Export Value
Peru,2003,17000,Export Value
Poland,2003,15421000,Export Value
Portugal,2003,493000,Export Value
Qatar,2003,168000,Export Value
Romania,2003,431000,Export Value
Russia,2003,8719000,Export Value
Rwanda,2003,11844000,Export Value
Saudi Arabia,2003,2408000,Export Value
Senegal,2003,113000,Export Value
Singapore,2003,7468000,Export Value
Slovakia,2003,972000,Export Value
Slovenia,2003,120000,Export Value
Somalia,2003,3000,Export Value
South Africa,2003,12753000,Export Value
South Korea,2003,4046000,Export Value
Spain,2003,2108000,Export Value
Sri Lanka,2003,672517000,Export Value
Sudan,2003,3000,Export Value
Sweden,2003,10621000,Export Value
Switzerland,2003,4751000,Export Value
Syria,2003,154000,Export Value
Tajikistan,2003,12000,Export Value
Tanzania,2003,24719000,Export Value
Thailand,2003,1469000,Export Value
Togo,2003,5000,Export Value
Trinidad and Tobago,2003,1237000,Export Value
Tunisia,2003,209000,Export Value
Türkiye,2003,6959000,Export Value
Uganda,2003,8259000,Export Value
Ukraine,2003,292000,Export Value
United Arab Emirates,2003,43203000,Export Value
United Kingdom,2003,239928000,Export Value
United States,2003,28672000,Export Value
Uruguay,2003,10000,Export Value
Uzbekistan,2003,42000,Export Value
Vietnam,2003,58392000,Export Value
Yemen,2003,757000,Export Value
Zambia,2003,850000,Export Value
Zimbabwe,2003,14933000,Export Value
Albania,2012,15000,Export Value
Angola,2012,221000,Export Value
Antigua and Barbuda,2012,183000,Export Value
Argentina,2012,106461000,Export Value
Armenia,2012,88000,Export Value
Australia,2012,6128000,Export Value
Austria,2012,16094000,Export Value
Azerbaijan,2012,37431000,Export Value
Bahrain,2012,24000,Export Value
Bangladesh,2012,2445000,Export Value
Barbados,2012,28000,Export Value
Belarus,2012,2050000,Export Value
Belgium,2012,91974000,Export Value
Bolivia,2012,136000,Export Value
Bosnia and Herzegovina,2012,20000,Export Value
Botswana,2012,85000,Export Value
Brazil,2012,6893000,Export Value
Brunei,2012,106000,Export Value
Bulgaria,2012,211000,Export Value
Burundi,2012,14436000,Export Value
Canada,2012,35010000,Export Value
Chad,2012,28000,Export Value
Chile,2012,3563000,Export Value
"China, Hong Kong SAR",2012,20883000,Export Value
"China, Macao SAR",2012,894000,Export Value
"China, Mainland",2012,1042116000,Export Value
"China, Taiwan Province of",2012,36395000,Export Value
Colombia,2012,393000,Export Value
Congo (Brazzaville),2012,75000,Export Value
Costa Rica,2012,820000,Export Value
Croatia,2012,575000,Export Value
Cyprus,2012,8000,Export Value
Czechia,2012,7104000,Export Value
Côte d'Ivoire,2012,1463000,Export Value
DR Congo (Brazzaville),2012,190000,Export Value
Denmark,2012,10231000,Export Value
Djibouti,2012,42000,Export Value
Dominican Republic,2012,4000,Export Value
Ecuador,2012,1068000,Export Value
Egypt,2012,24445000,Export Value
El Salvador,2012,44000,Export Value
Estonia,2012,426000,Export Value
Eswatini,2012,10000,Export Value
Ethiopia,2012,704000,Export Value
Fiji,2012,22000,Export Value
Finland,2012,1298000,Export Value
France,2012,51938000,Export Value
French Polynesia,2012,26000,Export Value
Gambia,2012,1804000,Export Value
Georgia,2012,2458000,Export Value
Germany,2012,222923000,Export Value
Ghana,2012,13000,Export Value
Greece,2012,1213000,Export Value
Guatemala,2012,142000,Export Value
Guyana,2012,23000,Export Value
Hungary,2012,17117000,Export Value
India,2012,685600000,Export Value
Indonesia,2012,156741000,Export Value
Iran,2012,11368000,Export Value
Ireland,2012,9716000,Export Value
Israel,2012,1638000,Export Value
Italy,2012,5446000,Export Value
Jamaica,2012,1772000,Export Value
Japan,2012,64486000,Export Value
Jordan,2012,1177000,Export Value
Kazakhstan,2012,6122000,Export Value
Kenya,2012,635621000,Export Value
Kuwait,2012,3000,Export Value
Kyrgyzstan,2012,1421000,Export Value
Latvia,2012,5982000,Export Value
Lebanon,2012,1502000,Export Value
Lithuania,2012,5364000,Export Value
Luxembourg,2012,130000,Export Value
Madagascar,2012,235000,Export Value
Malawi,2012,57087000,Export Value
Malaysia,2012,7595000,Export Value
Mali,2012,9000,Export Value
Mauritius,2012,283000,Export Value
Mexico,2012,752000,Export Value
Moldova,2012,5000,Export Value
Montenegro,2012,61000,Export Value
Morocco,2012,17258000,Export Value
Mozambique,2012,2757000,Export Value
Myanmar,2012,2257000,Export Value
Namibia,2012,105000,Export Value
Nepal,2012,17651000,Export Value
Netherlands,2012,68597000,Export Value
New Zealand,2012,1614000,Export Value
Niger,2012,1263000,Export Value
Nigeria,2012,29000,Export Value
North Macedonia,2012,73000,Export Value
Norway,2012,120000,Export Value
Oman,2012,4691000,Export Value
Pakistan,2012,11191000,Export Value
Papua New Guinea,2012,6341000,Export Value
Peru,2012,52000,Export Value
Philippines,2012,23000,Export Value
Poland,2012,174917000,Export Value
Portugal,2012,2571000,Export Value
Qatar,2012,10000,Export Value
Romania,2012,481000,Export Value
Russia,2012,82699000,Export Value
Rwanda,2012,87339000,Export Value
Saint Lucia,2012,5000,Export Value
Saudi Arabia,2012,7664000,Export Value
Senegal,2012,312000,Export Value
Serbia,2012,480000,Export Value
Singapore,2012,12155000,Export Value
Slovakia,2012,3945000,Export Value
Slovenia,2012,186000,Export Value
South Africa,2012,13516000,Export Value
South Korea,2012,5797000,Export Value
Spain,2012,9931000,Export Value
Sri Lanka,2012,1403154000,Export Value
Sudan,2012,46000,Export Value
Sweden,2012,6393000,Export Value
Switzerland,2012,20092000,Export Value
Syria,2012,221000,Export Value
Tanzania,2012,56001000,Export Value
Thailand,2012,5741000,Export Value
Togo,2012,237000,Export Value
Trinidad and Tobago,2012,95000,Export Value
Tunisia,2012,141000,Export Value
Türkiye,2012,12201000,Export Value
Uganda,2012,73902000,Export Value
Ukraine,2012,2127000,Export Value
United Arab Emirates,2012,229095000,Export Value
United Kingdom,2012,196242000,Export Value
United States,2012,86689000,Export Value
Uruguay,2012,137000,Export Value
Vietnam,2012,224847000,Export Value
Yemen,2012,15035000,Export Value
Zambia,2012,34000,Export Value
Zimbabwe,2012,17687000,Export Value
Albania,2005,3000,Export Value
Angola,2005,221000,Export Value
Argentina,2005,45676000,Export Value
Armenia,2005,3000,Export Value
Australia,2005,3901000,Export Value
Austria,2005,6035000,Export Value
Azerbaijan,2005,14097000,Export Value
Bahrain,2005,74000,Export Value
Bangladesh,2005,15218000,Export Value
Barbados,2005,61000,Export Value
Belarus,2005,276000,Export Value
Belgium,2005,43431000,Export Value
Belize,2005,17000,Export Value
Bolivia,2005,162000,Export Value
Bosnia and Herzegovina,2005,73000,Export Value
Brazil,2005,5810000,Export Value
Bulgaria,2005,66000,Export Value
Burundi,2005,829000,Export Value
Cameroon,2005,212000,Export Value
Canada,2005,20522000,Export Value
Chad,2005,63000,Export Value
Chile,2005,4608000,Export Value
"China, Hong Kong SAR",2005,8685000,Export Value
"China, Macao SAR",2005,482000,Export Value
"China, Mainland",2005,484211000,Export Value
"China, Taiwan Province of",2005,15598000,Export Value
Colombia,2005,83000,Export Value
Congo (Brazzaville),2005,4000,Export Value
Costa Rica,2005,164000,Export Value
Croatia,2005,245000,Export Value
Cyprus,2005,7000,Export Value
Czechia,2005,1533000,Export Value
Côte d'Ivoire,2005,1145000,Export Value
DR Congo (Brazzaville),2005,445000,Export Value
Denmark,2005,4783000,Export Value
Djibouti,2005,47000,Export Value
Ecuador,2005,1120000,Export Value
Egypt,2005,9526000,Export Value
El Salvador,2005,511000,Export Value
Estonia,2005,120000,Export Value
Eswatini,2005,654000,Export Value
Ethiopia,2005,1560000,Export Value
Fiji,2005,85000,Export Value
Finland,2005,888000,Export Value
France,2005,38128000,Export Value
French Polynesia,2005,13000,Export Value
Gabon,2005,23000,Export Value
Georgia,2005,3095000,Export Value
Germany,2005,138358000,Export Value
Ghana,2005,55000,Export Value
Greece,2005,243000,Export Value
Guatemala,2005,297000,Export Value
Hungary,2005,11115000,Export Value
India,2005,372628000,Export Value
Indonesia,2005,121496000,Export Value
Iran,2005,12699000,Export Value
Ireland,2005,3806000,Export Value
Israel,2005,1638000,Export Value
Italy,2005,5770000,Export Value
Jamaica,2005,168000,Export Value
Japan,2005,20008000,Export Value
Jordan,2005,200000,Export Value
Kazakhstan,2005,654000,Export Value
Kenya,2005,566875000,Export Value
Kuwait,2005,3000,Export Value
Kyrgyzstan,2005,1086000,Export Value
Latvia,2005,388000,Export Value
Lebanon,2005,358000,Export Value
Liberia,2005,600000,Export Value
Lithuania,2005,1636000,Export Value
Luxembourg,2005,292000,Export Value
Madagascar,2005,283000,Export Value
Malawi,2005,49700000,Export Value
Malaysia,2005,2932000,Export Value
Mauritania,2005,237000,Export Value
Mauritius,2005,430000,Export Value
Mexico,2005,502000,Export Value
Moldova,2005,408000,Export Value
Mongolia,2005,28000,Export Value
Morocco,2005,4180000,Export Value
Mozambique,2005,321000,Export Value
Myanmar,2005,267000,Export Value
Namibia,2005,103000,Export Value
Nepal,2005,6778000,Export Value
Netherlands,2005,40984000,Export Value
New Zealand,2005,819000,Export Value
Niger,2005,772000,Export Value
Nigeria,2005,201000,Export Value
North Macedonia,2005,150000,Export Value
Norway,2005,139000,Export Value
Oman,2005,5510000,Export Value
Pakistan,2005,566000,Export Value
Palestine,2005,97000,Export Value
Papua New Guinea,2005,6460000,Export Value
Paraguay,2005,194000,Export Value
Peru,2005,22000,Export Value
Philippines,2005,394000,Export Value
Poland,2005,30099000,Export Value
Portugal,2005,623000,Export Value
Qatar,2005,28000,Export Value
Romania,2005,883000,Export Value
Russia,2005,33130000,Export Value
Rwanda,2005,23310000,Export Value
Saint Lucia,2005,10000,Export Value
Saudi Arabia,2005,3668000,Export Value
Senegal,2005,17000,Export Value
Singapore,2005,4666000,Export Value
Slovakia,2005,1341000,Export Value
Slovenia,2005,434000,Export Value
Somalia,2005,22000,Export Value
South Africa,2005,6853000,Export Value
South Korea,2005,4808000,Export Value
Spain,2005,2288000,Export Value
Sri Lanka,2005,804299000,Export Value
Sweden,2005,8167000,Export Value
Switzerland,2005,6215000,Export Value
Syria,2005,23000,Export Value
Tajikistan,2005,80000,Export Value
Tanzania,2005,26258000,Export Value
Thailand,2005,2227000,Export Value
Trinidad and Tobago,2005,824000,Export Value
Tunisia,2005,131000,Export Value
Türkiye,2005,7010000,Export Value
Uganda,2005,34274000,Export Value
Ukraine,2005,844000,Export Value
United Arab Emirates,2005,89829000,Export Value
United Kingdom,2005,235886000,Export Value
United States,2005,34065000,Export Value
Uruguay,2005,24000,Export Value
Uzbekistan,2005,30000,Export Value
Vietnam,2005,96934000,Export Value
Yemen,2005,3034000,Export Value
Zambia,2005,651000,Export Value
Zimbabwe,2005,2834000,Export Value
Albania,2010,3000,Export Value
Angola,2010,221000,Export Value
Argentina,2010,94475000,Export Value
Armenia,2010,7000,Export Value
Australia,2010,7242000,Export Value
Austria,2010,17306000,Export Value
Azerbaijan,2010,32987000,Export Value
Bahrain,2010,72000,Export Value
Bangladesh,2010,4289000,Export Value
Barbados,2010,13000,Export Value
Belarus,2010,118000,Export Value
Belgium,2010,83062000,Export Value
Bolivia,2010,139000,Export Value
Bosnia and Herzegovina,2010,108000,Export Value
Botswana,2010,46000,Export Value
Brazil,2010,8550000,Export Value
Brunei,2010,106000,Export Value
Bulgaria,2010,107000,Export Value
Burkina Faso,2010,40000,Export Value
Burundi,2010,10023000,Export Value
Cambodia,2010,3000,Export Value
Cameroon,2010,9000,Export Value
Canada,2010,36994000,Export Value
Chad,2010,28000,Export Value
Chile,2010,3206000,Export Value
"China, Hong Kong SAR",2010,19275000,Export Value
"China, Macao SAR",2010,859000,Export Value
"China, Mainland",2010,784145000,Export Value
"China, Taiwan Province of",2010,23461000,Export Value
Colombia,2010,290000,Export Value
Costa Rica,2010,379000,Export Value
Croatia,2010,513000,Export Value
Cyprus,2010,11000,Export Value
Czechia,2010,6143000,Export Value
Côte d'Ivoire,2010,1164000,Export Value
DR Congo (Brazzaville),2010,46000,Export Value
Denmark,2010,7977000,Export Value
Ecuador,2010,1133000,Export Value
Egypt,2010,12793000,Export Value
El Salvador,2010,100000,Export Value
Estonia,2010,261000,Export Value
Eswatini,2010,10000,Export Value
Ethiopia,2010,843000,Export Value
Fiji,2010,280000,Export Value
Finland,2010,1089000,Export Value
France,2010,51216000,Export Value
French Polynesia,2010,17000,Export Value
Gambia,2010,98000,Export Value
Georgia,2010,1186000,Export Value
Germany,2010,194718000,Export Value
Greece,2010,1475000,Export Value
Guatemala,2010,210000,Export Value
Guyana,2010,10000,Export Value
Hungary,2010,15559000,Export Value
India,2010,694661000,Export Value
Indonesia,2010,178549000,Export Value
Iran,2010,18498000,Export Value
Ireland,2010,7993000,Export Value
Israel,2010,3057000,Export Value
Italy,2010,9522000,Export Value
Jamaica,2010,1607000,Export Value
Japan,2010,50241000,Export Value
Jordan,2010,489000,Export Value
Kazakhstan,2010,1000000,Export Value
Kenya,2010,1165137000,Export Value
Kuwait,2010,81000,Export Value
Kyrgyzstan,2010,444000,Export Value
Latvia,2010,8481000,Export Value
Lebanon,2010,1856000,Export Value
Libya,2010,9000,Export Value
Lithuania,2010,5434000,Export Value
Luxembourg,2010,140000,Export Value
Madagascar,2010,302000,Export Value
Malawi,2010,120787000,Export Value
Malaysia,2010,6074000,Export Value
Mali,2010,193000,Export Value
Mexico,2010,1089000,Export Value
Moldova,2010,346000,Export Value
Mongolia,2010,5000,Export Value
Montenegro,2010,30000,Export Value
Morocco,2010,12489000,Export Value
Mozambique,2010,2679000,Export Value
Myanmar,2010,884000,Export Value
Nepal,2010,16340000,Export Value
Netherlands,2010,66074000,Export Value
New Zealand,2010,1767000,Export Value
Niger,2010,770000,Export Value
Nigeria,2010,92000,Export Value
North Macedonia,2010,60000,Export Value
Norway,2010,182000,Export Value
Oman,2010,4206000,Export Value
Pakistan,2010,4486000,Export Value
Papua New Guinea,2010,6388000,Export Value
Paraguay,2010,690000,Export Value
Peru,2010,700000,Export Value
Philippines,2010,345000,Export Value
Poland,2010,75794000,Export Value
Portugal,2010,1610000,Export Value
Qatar,2010,9000,Export Value
Romania,2010,694000,Export Value
Russia,2010,55949000,Export Value
Rwanda,2010,34527000,Export Value
Saint Lucia,2010,5000,Export Value
Saudi Arabia,2010,13548000,Export Value
Senegal,2010,51000,Export Value
Serbia,2010,603000,Export Value
Singapore,2010,5452000,Export Value
Slovakia,2010,1435000,Export Value
Slovenia,2010,352000,Export Value
Somalia,2010,11000,Export Value
South Africa,2010,14266000,Export Value
South Korea,2010,4411000,Export Value
Spain,2010,4922000,Export Value
Sri Lanka,2010,1365966000,Export Value
Sudan,2010,21000,Export Value
Sweden,2010,11873000,Export Value
Switzerland,2010,8443000,Export Value
Syria,2010,203000,Export Value
Tanzania,2010,47324000,Export Value
Thailand,2010,4841000,Export Value
Togo,2010,17000,Export Value
Trinidad and Tobago,2010,629000,Export Value
Tunisia,2010,421000,Export Value
Türkiye,2010,9163000,Export Value
Uganda,2010,68263000,Export Value
Ukraine,2010,1052000,Export Value
United Arab Emirates,2010,232225000,Export Value
United Kingdom,2010,327691000,Export Value
United States,2010,68357000,Export Value
Uruguay,2010,176000,Export Value
Vanuatu,2010,16000,Export Value
Vietnam,2010,199979000,Export Value
Yemen,2010,9751000,Export Value
Zambia,2010,111000,Export Value
Zimbabwe,2010,12902000,Export Value
Albania,2008,4000,Export Value
Angola,2008,221000,Export Value
Argentina,2008,63567000,Export Value
Australia,2008,4488000,Export Value
Austria,2008,16566000,Export Value
Azerbaijan,2008,18640000,Export Value
Bahrain,2008,24000,Export Value
Bangladesh,2008,10771000,Export Value
Barbados,2008,11000,Export Value
Belarus,2008,77000,Export Value
Belgium,2008,76836000,Export Value
Bolivia,2008,133000,Export Value
Bosnia and Herzegovina,2008,43000,Export Value
Botswana,2008,57000,Export Value
Brazil,2008,6708000,Export Value
Brunei,2008,29000,Export Value
Bulgaria,2008,270000,Export Value
Burkina Faso,2008,5000,Export Value
Burundi,2008,6780000,Export Value
Cameroon,2008,40000,Export Value
Canada,2008,34227000,Export Value
Chad,2008,28000,Export Value
Chile,2008,4173000,Export Value
"China, Hong Kong SAR",2008,11781000,Export Value
"China, Macao SAR",2008,607000,Export Value
"China, Mainland",2008,682248000,Export Value
"China, Taiwan Province of",2008,18375000,Export Value
Colombia,2008,323000,Export Value
Congo (Brazzaville),2008,322000,Export Value
Costa Rica,2008,267000,Export Value
Croatia,2008,317000,Export Value
Cyprus,2008,219000,Export Value
Czechia,2008,7963000,Export Value
Côte d'Ivoire,2008,4003000,Export Value
DR Congo (Brazzaville),2008,7000,Export Value
Denmark,2008,8225000,Export Value
Ecuador,2008,796000,Export Value
Egypt,2008,8909000,Export Value
El Salvador,2008,1961000,Export Value
Estonia,2008,178000,Export Value
Eswatini,2008,10000,Export Value
Ethiopia,2008,1044000,Export Value
Fiji,2008,247000,Export Value
Finland,2008,1222000,Export Value
France,2008,52027000,Export Value
French Polynesia,2008,34000,Export Value
Georgia,2008,1455000,Export Value
Germany,2008,207227000,Export Value
Ghana,2008,76000,Export Value
Greece,2008,360000,Export Value
Guatemala,2008,387000,Export Value
Guyana,2008,12000,Export Value
Hungary,2008,19016000,Export Value
India,2008,590226000,Export Value
Indonesia,2008,158959000,Export Value
Iran,2008,20664000,Export Value
Ireland,2008,4226000,Export Value
Israel,2008,2591000,Export Value
Italy,2008,8548000,Export Value
Jamaica,2008,489000,Export Value
Japan,2008,33474000,Export Value
Jordan,2008,1305000,Export Value
Kazakhstan,2008,2180000,Export Value
Kenya,2008,934921000,Export Value
Kuwait,2008,4000,Export Value
Kyrgyzstan,2008,248000,Export Value
Latvia,2008,2069000,Export Value
Lebanon,2008,1270000,Export Value
Lithuania,2008,3958000,Export Value
Luxembourg,2008,107000,Export Value
Madagascar,2008,275000,Export Value
Malawi,2008,36861000,Export Value
Malaysia,2008,4055000,Export Value
Mali,2008,55000,Export Value
Malta,2008,22000,Export Value
Mauritania,2008,493000,Export Value
Mauritius,2008,307000,Export Value
Mexico,2008,664000,Export Value
Moldova,2008,563000,Export Value
Montenegro,2008,133000,Export Value
Morocco,2008,9610000,Export Value
Mozambique,2008,1521000,Export Value
Myanmar,2008,627000,Export Value
Namibia,2008,13000,Export Value
Nepal,2008,15820000,Export Value
Netherlands,2008,64123000,Export Value
New Caledonia,2008,4000,Export Value
New Zealand,2008,1090000,Export Value
Niger,2008,1059000,Export Value
Nigeria,2008,49000,Export Value
North Macedonia,2008,93000,Export Value
Norway,2008,101000,Export Value
Oman,2008,4501000,Export Value
Pakistan,2008,1567000,Export Value
Papua New Guinea,2008,7274000,Export Value
Paraguay,2008,869000,Export Value
Peru,2008,11000,Export Value
Philippines,2008,213000,Export Value
Poland,2008,61814000,Export Value
Portugal,2008,1562000,Export Value
Qatar,2008,55000,Export Value
Romania,2008,2176000,Export Value
Russia,2008,77275000,Export Value
Rwanda,2008,125454000,Export Value
Saudi Arabia,2008,3269000,Export Value
Senegal,2008,306000,Export Value
Serbia,2008,581000,Export Value
Seychelles,2008,21000,Export Value
Singapore,2008,3645000,Export Value
Slovakia,2008,1769000,Export Value
Slovenia,2008,1251000,Export Value
South Africa,2008,11660000,Export Value
South Korea,2008,1913000,Export Value
Spain,2008,2842000,Export Value
Sri Lanka,2008,1258703000,Export Value
Sweden,2008,10524000,Export Value
Switzerland,2008,6531000,Export Value
Syria,2008,1090000,Export Value
Tajikistan,2008,72000,Export Value
Tanzania,2008,42545000,Export Value
Thailand,2008,4912000,Export Value
Togo,2008,389000,Export Value
Trinidad and Tobago,2008,399000,Export Value
Tunisia,2008,134000,Export Value
Türkiye,2008,11232000,Export Value
Uganda,2008,47222000,Export Value
Ukraine,2008,1786000,Export Value
United Arab Emirates,2008,114803000,Export Value
United Kingdom,2008,324694000,Export Value
United States,2008,57081000,Export Value
Uruguay,2008,22000,Export Value
Vietnam,2008,147300000,Export Value
Yemen,2008,8964000,Export Value
Zambia,2008,145000,Export Value
Zimbabwe,2008,6509000,Export Value
Albania,2013,26000,Export Value
Algeria,2013,16000,Export Value
Argentina,2013,116773000,Export Value
Armenia,2013,79000,Export Value
Australia,2013,8764000,Export Value
Austria,2013,17997000,Export Value
Azerbaijan,2013,44343000,Export Value
Bahrain,2013,15000,Export Value
Bangladesh,2013,1604000,Export Value
Barbados,2013,44000,Export Value
Belarus,2013,2702000,Export Value
Belgium,2013,94629000,Export Value
Bolivia,2013,118000,Export Value
Bosnia and Herzegovina,2013,32000,Export Value
Botswana,2013,16000,Export Value
Brazil,2013,3972000,Export Value
Brunei,2013,14000,Export Value
Bulgaria,2013,198000,Export Value
Burkina Faso,2013,6000,Export Value
Burundi,2013,14384000,Export Value
Cameroon,2013,3000,Export Value
Canada,2013,32196000,Export Value
Chad,2013,21000,Export Value
Chile,2013,3090000,Export Value
"China, Hong Kong SAR",2013,24491000,Export Value
"China, Macao SAR",2013,900000,Export Value
"China, Mainland",2013,1246308000,Export Value
"China, Taiwan Province of",2013,41392000,Export Value
Colombia,2013,1028000,Export Value
Congo (Brazzaville),2013,43000,Export Value
Costa Rica,2013,696000,Export Value
Croatia,2013,646000,Export Value
Cyprus,2013,7000,Export Value
Czechia,2013,7761000,Export Value
Côte d'Ivoire,2013,1251000,Export Value
DR Congo (Brazzaville),2013,18000,Export Value
Denmark,2013,11244000,Export Value
Djibouti,2013,32000,Export Value
Dominican Republic,2013,38000,Export Value
Ecuador,2013,1254000,Export Value
Egypt,2013,23336000,Export Value
El Salvador,2013,71000,Export Value
Estonia,2013,828000,Export Value
Eswatini,2013,4000,Export Value
Ethiopia,2013,808000,Export Value
Fiji,2013,356000,Export Value
Finland,2013,1637000,Export Value
France,2013,64320000,Export Value
French Polynesia,2013,45000,Export Value
Gambia,2013,1391000,Export Value
Georgia,2013,2251000,Export Value
Germany,2013,249052000,Export Value
Ghana,2013,283000,Export Value
Greece,2013,1035000,Export Value
Guatemala,2013,109000,Export Value
Guyana,2013,40000,Export Value
Hungary,2013,15571000,Export Value
India,2013,819630000,Export Value
Indonesia,2013,157501000,Export Value
Iran,2013,13373000,Export Value
Ireland,2013,7430000,Export Value
Israel,2013,2949000,Export Value
Italy,2013,6077000,Export Value
Jamaica,2013,2326000,Export Value
Japan,2013,69656000,Export Value
Jordan,2013,1103000,Export Value
Kazakhstan,2013,7194000,Export Value
Kenya,2013,1218039000,Export Value
Kuwait,2013,3366000,Export Value
Kyrgyzstan,2013,330000,Export Value
Latvia,2013,5485000,Export Value
Lebanon,2013,1893000,Export Value
Liberia,2013,11000,Export Value
Libya,2013,93000,Export Value
Lithuania,2013,6541000,Export Value
Luxembourg,2013,111000,Export Value
Madagascar,2013,234000,Export Value
Malawi,2013,84317000,Export Value
Malaysia,2013,7613000,Export Value
Mali,2013,153000,Export Value
Mauritius,2013,509000,Export Value
Mexico,2013,720000,Export Value
Moldova,2013,90000,Export Value
Mongolia,2013,51000,Export Value
Montenegro,2013,37000,Export Value
Morocco,2013,20265000,Export Value
Mozambique,2013,4754000,Export Value
Myanmar,2013,2203000,Export Value
Namibia,2013,79000,Export Value
Nepal,2013,19196000,Export Value
Netherlands,2013,82343000,Export Value
New Zealand,2013,1293000,Export Value
Niger,2013,1774000,Export Value
Nigeria,2013,67000,Export Value
North Macedonia,2013,79000,Export Value
Norway,2013,231000,Export Value
Oman,2013,5562000,Export Value
Pakistan,2013,14129000,Export Value
Papua New Guinea,2013,5172000,Export Value
Peru,2013,62000,Export Value
Philippines,2013,33000,Export Value
Poland,2013,202301000,Export Value
Portugal,2013,2691000,Export Value
Qatar,2013,10000,Export Value
Romania,2013,753000,Export Value
Russia,2013,98104000,Export Value
Rwanda,2013,61548000,Export Value
Saudi Arabia,2013,10495000,Export Value
Senegal,2013,2093000,Export Value
Serbia,2013,434000,Export Value
Singapore,2013,14025000,Export Value
Slovakia,2013,4242000,Export Value
Slovenia,2013,289000,Export Value
South Africa,2013,32247000,Export Value
South Korea,2013,7019000,Export Value
Spain,2013,12053000,Export Value
Sri Lanka,2013,1530138000,Export Value
Sudan,2013,5000,Export Value
Suriname,2013,25000,Export Value
Sweden,2013,6093000,Export Value
Switzerland,2013,32161000,Export Value
Syria,2013,159000,Export Value
Tanzania,2013,54627000,Export Value
Thailand,2013,7154000,Export Value
Togo,2013,252000,Export Value
Trinidad and Tobago,2013,95000,Export Value
Tunisia,2013,145000,Export Value
Türkiye,2013,17716000,Export Value
Uganda,2013,85589000,Export Value
Ukraine,2013,3283000,Export Value
United Arab Emirates,2013,335635000,Export Value
United Kingdom,2013,185166000,Export Value
United States,2013,95554000,Export Value
Uruguay,2013,68000,Export Value
Vietnam,2013,122496000,Export Value
Yemen,2013,16941000,Export Value
Zambia,2013,23000,Export Value
Zimbabwe,2013,21422000,Export Value
Angola,2015,20000,Export Value
Argentina,2015,99963000,Export Value
Armenia,2015,258000,Export Value
Australia,2015,5888000,Export Value
Austria,2015,12100000,Export Value
Bahrain,2015,22000,Export Value
Bangladesh,2015,1547000,Export Value
Barbados,2015,48000,Export Value
Belarus,2015,171000,Export Value
Belgium,2015,82640000,Export Value
Benin,2015,12000,Export Value
Bolivia,2015,124000,Export Value
Bosnia and Herzegovina,2015,6000,Export Value
Botswana,2015,7000,Export Value
Brazil,2015,3488000,Export Value
Bulgaria,2015,778000,Export Value
Burundi,2015,14059000,Export Value
Cameroon,2015,38000,Export Value
Canada,2015,30910000,Export Value
Chad,2015,18000,Export Value
Chile,2015,3061000,Export Value
"China, Hong Kong SAR",2015,21896000,Export Value
"China, Macao SAR",2015,775000,Export Value
"China, Mainland",2015,1381530000,Export Value
"China, Taiwan Province of",2015,53971000,Export Value
Colombia,2015,976000,Export Value
Costa Rica,2015,853000,Export Value
Croatia,2015,565000,Export Value
Cyprus,2015,4000,Export Value
Czechia,2015,10004000,Export Value
Côte d'Ivoire,2015,358000,Export Value
DR Congo (Brazzaville),2015,20000,Export Value
Denmark,2015,6451000,Export Value
Djibouti,2015,4000,Export Value
Dominica,2015,4000,Export Value
Dominican Republic,2015,26000,Export Value
Ecuador,2015,1594000,Export Value
Egypt,2015,15602000,Export Value
El Salvador,2015,43000,Export Value
Estonia,2015,534000,Export Value
Eswatini,2015,12000,Export Value
Ethiopia,2015,2238000,Export Value
Fiji,2015,311000,Export Value
Finland,2015,465000,Export Value
France,2015,57446000,Export Value
French Polynesia,2015,24000,Export Value
Gambia,2015,267000,Export Value
Georgia,2015,1856000,Export Value
Germany,2015,215570000,Export Value
Ghana,2015,55000,Export Value
Greece,2015,825000,Export Value
Guatemala,2015,142000,Export Value
Guyana,2015,159000,Export Value
Haiti,2015,8000,Export Value
Hungary,2015,733000,Export Value
India,2015,677933000,Export Value
Indonesia,2015,126051000,Export Value
Iran,2015,8623000,Export Value
Ireland,2015,5552000,Export Value
Israel,2015,2225000,Export Value
Italy,2015,6003000,Export Value
Jamaica,2015,1866000,Export Value
Japan,2015,85944000,Export Value
Jordan,2015,8977000,Export Value
Kazakhstan,2015,8513000,Export Value
Kenya,2015,792131000,Export Value
Kuwait,2015,3048000,Export Value
Kyrgyzstan,2015,529000,Export Value
Laos,2015,541000,Export Value
Latvia,2015,5317000,Export Value
Lebanon,2015,1709000,Export Value
Liberia,2015,3000,Export Value
Lithuania,2015,9073000,Export Value
Luxembourg,2015,613000,Export Value
Madagascar,2015,146000,Export Value
Malawi,2015,66772000,Export Value
Malaysia,2015,5801000,Export Value
Mali,2015,52000,Export Value
Mauritania,2015,58000,Export Value
Mauritius,2015,294000,Export Value
Mexico,2015,662000,Export Value
Moldova,2015,1036000,Export Value
Montenegro,2015,29000,Export Value
Morocco,2015,22196000,Export Value
Mozambique,2015,522000,Export Value
Myanmar,2015,1032000,Export Value
Namibia,2015,181000,Export Value
Nepal,2015,17694000,Export Value
Netherlands,2015,75395000,Export Value
New Zealand,2015,1136000,Export Value
Niger,2015,2490000,Export Value
Nigeria,2015,56000,Export Value
North Macedonia,2015,168000,Export Value
Norway,2015,690000,Export Value
Oman,2015,5926000,Export Value
Pakistan,2015,6601000,Export Value
Panama,2015,17000,Export Value
Papua New Guinea,2015,2756000,Export Value
Paraguay,2015,194000,Export Value
Peru,2015,30000,Export Value
Philippines,2015,47000,Export Value
Poland,2015,180630000,Export Value
Portugal,2015,2447000,Export Value
Qatar,2015,313000,Export Value
Romania,2015,1551000,Export Value
Russia,2015,69499000,Export Value
Rwanda,2015,67414000,Export Value
Saudi Arabia,2015,14773000,Export Value
Senegal,2015,2977000,Export Value
Serbia,2015,348000,Export Value
Seychelles,2015,8000,Export Value
Sierra Leone,2015,108000,Export Value
Singapore,2015,20667000,Export Value
Slovakia,2015,2697000,Export Value
Slovenia,2015,341000,Export Value
South Africa,2015,27569000,Export Value
South Korea,2015,4392000,Export Value
Spain,2015,10863000,Export Value
Sri Lanka,2015,1321899000,Export Value
Suriname,2015,18000,Export Value
Sweden,2015,5315000,Export Value
Switzerland,2015,23826000,Export Value
Syria,2015,99000,Export Value
Tanzania,2015,46300000,Export Value
Thailand,2015,7435000,Export Value
Togo,2015,183000,Export Value
Trinidad and Tobago,2015,960000,Export Value
Tunisia,2015,25000,Export Value
Türkiye,2015,23614000,Export Value
Uganda,2015,70317000,Export Value
Ukraine,2015,2743000,Export Value
United Arab Emirates,2015,116871000,Export Value
United Kingdom,2015,141141000,Export Value
United States,2015,110360000,Export Value
Uruguay,2015,140000,Export Value
Uzbekistan,2015,4000,Export Value
Vanuatu,2015,39000,Export Value
Vietnam,2015,212422000,Export Value
Yemen,2015,11029000,Export Value
Zambia,2015,3000,Export Value
Zimbabwe,2015,19427000,Export Value
Afghanistan,2020,46000,Export Value
Albania,2020,51000,Export Value
Algeria,2020,3000,Export Value
Angola,2020,31000,Export Value
Argentina,2020,75365000,Export Value
Armenia,2020,65000,Export Value
Australia,2020,7036000,Export Value
Austria,2020,12457000,Export Value
Azerbaijan,2020,9461000,Export Value
Bahrain,2020,110000,Export Value
Bangladesh,2020,3958000,Export Value
Barbados,2020,36000,Export Value
Belarus,2020,2146000,Export Value
Belgium,2020,48040000,Export Value
Bosnia and Herzegovina,2020,255000,Export Value
Brazil,2020,1428000,Export Value
Brunei,2020,13000,Export Value
Bulgaria,2020,646000,Export Value
Burkina Faso,2020,6000,Export Value
Burundi,2020,21554000,Export Value
Cameroon,2020,9000,Export Value
Canada,2020,44065000,Export Value
Chile,2020,3184000,Export Value
"China, Hong Kong SAR",2020,45585000,Export Value
"China, Mainland",2020,2037982000,Export Value
"China, Taiwan Province of",2020,100346000,Export Value
Colombia,2020,2489000,Export Value
Costa Rica,2020,1990000,Export Value
Croatia,2020,701000,Export Value
Cyprus,2020,369000,Export Value
Czechia,2020,8457000,Export Value
Côte d'Ivoire,2020,282000,Export Value
Denmark,2020,6830000,Export Value
Djibouti,2020,1245000,Export Value
Dominican Republic,2020,3000,Export Value
Ecuador,2020,1337000,Export Value
Egypt,2020,6654000,Export Value
El Salvador,2020,12000,Export Value
Estonia,2020,358000,Export Value
Ethiopia,2020,3244000,Export Value
Fiji,2020,433000,Export Value
Finland,2020,1004000,Export Value
France,2020,52988000,Export Value
French Polynesia,2020,8000,Export Value
Georgia,2020,5153000,Export Value
Germany,2020,226462000,Export Value
Ghana,2020,59000,Export Value
Greece,2020,647000,Export Value
Guatemala,2020,225000,Export Value
Guinea,2020,4000,Export Value
Haiti,2020,6000,Export Value
Hungary,2020,795000,Export Value
Iceland,2020,6000,Export Value
India,2020,692074000,Export Value
Indonesia,2020,96325000,Export Value
Iran,2020,15000000,Export Value
Iraq,2020,9000,Export Value
Ireland,2020,7191000,Export Value
Israel,2020,3254000,Export Value
Italy,2020,4742000,Export Value
Jamaica,2020,3956000,Export Value
Japan,2020,154401000,Export Value
Jordan,2020,20851000,Export Value
Kazakhstan,2020,18971000,Export Value
Kenya,2020,1224063000,Export Value
Kuwait,2020,3113000,Export Value
Kyrgyzstan,2020,730000,Export Value
Laos,2020,1326000,Export Value
Latvia,2020,4464000,Export Value
Lebanon,2020,1306000,Export Value
Lesotho,2020,463000,Export Value
Lithuania,2020,4483000,Export Value
Luxembourg,2020,503000,Export Value
Madagascar,2020,105000,Export Value
Malawi,2020,74449000,Export Value
Malaysia,2020,29123000,Export Value
Mali,2020,112000,Export Value
Mauritania,2020,31000,Export Value
Mauritius,2020,524000,Export Value
Mexico,2020,2052000,Export Value
Moldova,2020,693000,Export Value
Mongolia,2020,8000,Export Value
Montenegro,2020,88000,Export Value
Morocco,2020,28344000,Export Value
Mozambique,2020,4449000,Export Value
Myanmar,2020,2269000,Export Value
Namibia,2020,3000,Export Value
Nepal,2020,33088000,Export Value
Netherlands,2020,114363000,Export Value
New Zealand,2020,1405000,Export Value
Nicaragua,2020,33000,Export Value
Niger,2020,2832000,Export Value
Nigeria,2020,359000,Export Value
North Macedonia,2020,62000,Export Value
Norway,2020,77000,Export Value
Oman,2020,2152000,Export Value
Pakistan,2020,14893000,Export Value
Panama,2020,54000,Export Value
Papua New Guinea,2020,429000,Export Value
Paraguay,2020,15000,Export Value
Peru,2020,503000,Export Value
Philippines,2020,189000,Export Value
Poland,2020,264869000,Export Value
Portugal,2020,1773000,Export Value
Romania,2020,1684000,Export Value
Russia,2020,105418000,Export Value
Rwanda,2020,104551000,Export Value
Saint Kitts and Nevis,2020,9000,Export Value
Saudi Arabia,2020,15787000,Export Value
Senegal,2020,1092000,Export Value
Serbia,2020,447000,Export Value
Sierra Leone,2020,234000,Export Value
Singapore,2020,30619000,Export Value
Slovakia,2020,375000,Export Value
Slovenia,2020,676000,Export Value
South Africa,2020,21861000,Export Value
South Korea,2020,6835000,Export Value
Spain,2020,10944000,Export Value
Sri Lanka,2020,1329509000,Export Value
Sudan,2020,8000,Export Value
Sweden,2020,5205000,Export Value
Switzerland,2020,31175000,Export Value
Syria,2020,182000,Export Value
Tajikistan,2020,25000,Export Value
Tanzania,2020,32421000,Export Value
Thailand,2020,23853000,Export Value
Timor-Leste,2020,7000,Export Value
Togo,2020,160000,Export Value
Trinidad and Tobago,2020,921000,Export Value
Tunisia,2020,8000,Export Value
Turkmenistan,2020,26000,Export Value
Türkiye,2020,17824000,Export Value
Uganda,2020,78672000,Export Value
Ukraine,2020,5225000,Export Value
United Arab Emirates,2020,315633000,Export Value
United Kingdom,2020,136347000,Export Value
United States,2020,88717000,Export Value
Uzbekistan,2020,197000,Export Value
Vietnam,2020,198926000,Export Value
Yemen,2020,10704000,Export Value
Zambia,2020,140000,Export Value
Zimbabwe,2020,16282000,Export Value
Afghanistan,2014,16000,Export Value
Argentina,2014,115076000,Export Value
Armenia,2014,150000,Export Value
Australia,2014,9209000,Export Value
Austria,2014,17830000,Export Value
Azerbaijan,2014,31245000,Export Value
Bahrain,2014,142000,Export Value
Bangladesh,2014,3942000,Export Value
Barbados,2014,42000,Export Value
Belarus,2014,207000,Export Value
Belgium,2014,91911000,Export Value
Bhutan,2014,3000,Export Value
Bolivia,2014,110000,Export Value
Bosnia and Herzegovina,2014,5000,Export Value
Botswana,2014,9000,Export Value
Brazil,2014,4030000,Export Value
Bulgaria,2014,193000,Export Value
Burkina Faso,2014,7000,Export Value
Burundi,2014,13472000,Export Value
Cameroon,2014,24000,Export Value
Canada,2014,27475000,Export Value
Chad,2014,31000,Export Value
Chile,2014,3718000,Export Value
"China, Hong Kong SAR",2014,23441000,Export Value
"China, Macao SAR",2014,324000,Export Value
"China, Mainland",2014,1272663000,Export Value
"China, Taiwan Province of",2014,43182000,Export Value
Colombia,2014,1140000,Export Value
Congo (Brazzaville),2014,7000,Export Value
Costa Rica,2014,720000,Export Value
Croatia,2014,602000,Export Value
Czechia,2014,13894000,Export Value
Côte d'Ivoire,2014,1010000,Export Value
DR Congo (Brazzaville),2014,15000,Export Value
Denmark,2014,8487000,Export Value
Dominican Republic,2014,14000,Export Value
Ecuador,2014,1365000,Export Value
Egypt,2014,16680000,Export Value
El Salvador,2014,34000,Export Value
Estonia,2014,542000,Export Value
Eswatini,2014,17000,Export Value
Ethiopia,2014,2287000,Export Value
Fiji,2014,464000,Export Value
Finland,2014,1397000,Export Value
France,2014,65665000,Export Value
French Polynesia,2014,49000,Export Value
Gambia,2014,970000,Export Value
Georgia,2014,2329000,Export Value
Germany,2014,248354000,Export Value
Ghana,2014,432000,Export Value
Greece,2014,724000,Export Value
Guatemala,2014,198000,Export Value
Guyana,2014,282000,Export Value
Hungary,2014,17595000,Export Value
Iceland,2014,8000,Export Value
India,2014,656214000,Export Value
Indonesia,2014,134584000,Export Value
Iran,2014,38010000,Export Value
Ireland,2014,7182000,Export Value
Israel,2014,3108000,Export Value
Italy,2014,5841000,Export Value
Jamaica,2014,2784000,Export Value
Japan,2014,75208000,Export Value
Jordan,2014,2082000,Export Value
Kazakhstan,2014,7387000,Export Value
Kenya,2014,685148000,Export Value
Kuwait,2014,3806000,Export Value
Kyrgyzstan,2014,79000,Export Value
Laos,2014,912000,Export Value
Latvia,2014,5815000,Export Value
Lebanon,2014,2053000,Export Value
Lesotho,2014,11000,Export Value
Liberia,2014,91000,Export Value
Libya,2014,180000,Export Value
Lithuania,2014,8412000,Export Value
Luxembourg,2014,368000,Export Value
Madagascar,2014,108000,Export Value
Malawi,2014,74278000,Export Value
Malaysia,2014,6858000,Export Value
Mali,2014,165000,Export Value
Mauritius,2014,432000,Export Value
Mexico,2014,322000,Export Value
Moldova,2014,365000,Export Value
Mongolia,2014,42000,Export Value
Montenegro,2014,77000,Export Value
Morocco,2014,23893000,Export Value
Mozambique,2014,5480000,Export Value
Myanmar,2014,1182000,Export Value
Namibia,2014,107000,Export Value
Nepal,2014,20260000,Export Value
Netherlands,2014,80144000,Export Value
New Zealand,2014,1669000,Export Value
Niger,2014,1441000,Export Value
Nigeria,2014,32000,Export Value
North Macedonia,2014,128000,Export Value
Norway,2014,377000,Export Value
Oman,2014,2468000,Export Value
Pakistan,2014,11709000,Export Value
Papua New Guinea,2014,3901000,Export Value
Paraguay,2014,182000,Export Value
Peru,2014,38000,Export Value
Philippines,2014,81000,Export Value
Poland,2014,235580000,Export Value
Portugal,2014,3285000,Export Value
Qatar,2014,788000,Export Value
Romania,2014,1049000,Export Value
Russia,2014,85375000,Export Value
Rwanda,2014,57815000,Export Value
Saint Lucia,2014,5000,Export Value
Saudi Arabia,2014,15593000,Export Value
Senegal,2014,4929000,Export Value
Serbia,2014,431000,Export Value
Sierra Leone,2014,125000,Export Value
Singapore,2014,20477000,Export Value
Slovakia,2014,2154000,Export Value
Slovenia,2014,433000,Export Value
South Africa,2014,31635000,Export Value
South Korea,2014,4988000,Export Value
Spain,2014,12426000,Export Value
Sri Lanka,2014,1609339000,Export Value
Sudan,2014,125000,Export Value
Suriname,2014,9000,Export Value
Sweden,2014,6522000,Export Value
Switzerland,2014,26036000,Export Value
Syria,2014,50000,Export Value
Tanzania,2014,44018000,Export Value
Thailand,2014,8466000,Export Value
Togo,2014,59000,Export Value
Trinidad and Tobago,2014,399000,Export Value
Tunisia,2014,100000,Export Value
Turkmenistan,2014,22000,Export Value
Türkiye,2014,20414000,Export Value
Uganda,2014,84739000,Export Value
Ukraine,2014,3127000,Export Value
United Arab Emirates,2014,312642000,Export Value
United Kingdom,2014,146984000,Export Value
United States,2014,107799000,Export Value
Uruguay,2014,138000,Export Value
Vietnam,2014,227719000,Export Value
Yemen,2014,18713000,Export Value
Zambia,2014,11000,Export Value
Zimbabwe,2014,18749000,Export Value
Albania,2006,5000,Export Value
Angola,2006,221000,Export Value
Argentina,2006,50784000,Export Value
Armenia,2006,4000,Export Value
Australia,2006,3315000,Export Value
Austria,2006,11996000,Export Value
Azerbaijan,2006,17996000,Export Value
Bahrain,2006,70000,Export Value
Bangladesh,2006,10331000,Export Value
Barbados,2006,29000,Export Value
Belarus,2006,355000,Export Value
Belgium,2006,65351000,Export Value
Bhutan,2006,25000,Export Value
Bolivia,2006,99000,Export Value
Bosnia and Herzegovina,2006,153000,Export Value
Brazil,2006,5776000,Export Value
Brunei,2006,6000,Export Value
Bulgaria,2006,80000,Export Value
Burkina Faso,2006,10000,Export Value
Burundi,2006,2745000,Export Value
Cameroon,2006,51000,Export Value
Canada,2006,24383000,Export Value
Chad,2006,129000,Export Value
Chile,2006,5576000,Export Value
"China, Hong Kong SAR",2006,9089000,Export Value
"China, Macao SAR",2006,541000,Export Value
"China, Mainland",2006,546915000,Export Value
"China, Taiwan Province of",2006,16203000,Export Value
Colombia,2006,90000,Export Value
Comoros,2006,37000,Export Value
Congo (Brazzaville),2006,16000,Export Value
Costa Rica,2006,155000,Export Value
Croatia,2006,199000,Export Value
Czechia,2006,2207000,Export Value
Côte d'Ivoire,2006,2110000,Export Value
DR Congo (Brazzaville),2006,199000,Export Value
Denmark,2006,3954000,Export Value
Djibouti,2006,8000,Export Value
Ecuador,2006,838000,Export Value
Egypt,2006,12454000,Export Value
El Salvador,2006,454000,Export Value
Estonia,2006,56000,Export Value
Eswatini,2006,188000,Export Value
Ethiopia,2006,743000,Export Value
Fiji,2006,40000,Export Value
Finland,2006,1061000,Export Value
France,2006,41235000,Export Value
French Polynesia,2006,15000,Export Value
Gambia,2006,7000,Export Value
Georgia,2006,1834000,Export Value
Germany,2006,157506000,Export Value
Ghana,2006,91000,Export Value
Greece,2006,265000,Export Value
Guatemala,2006,368000,Export Value
Guyana,2006,6000,Export Value
Honduras,2006,3000,Export Value
Hungary,2006,14496000,Export Value
India,2006,407375000,Export Value
Indonesia,2006,134515000,Export Value
Iran,2006,35432000,Export Value
Ireland,2006,2390000,Export Value
Israel,2006,2039000,Export Value
Italy,2006,10743000,Export Value
Jamaica,2006,446000,Export Value
Japan,2006,27515000,Export Value
Jordan,2006,291000,Export Value
Kazakhstan,2006,706000,Export Value
Kenya,2006,661491000,Export Value
Kuwait,2006,49000,Export Value
Kyrgyzstan,2006,284000,Export Value
Latvia,2006,530000,Export Value
Lebanon,2006,439000,Export Value
Liberia,2006,1054000,Export Value
Lithuania,2006,2133000,Export Value
Luxembourg,2006,178000,Export Value
Madagascar,2006,420000,Export Value
Malawi,2006,34671000,Export Value
Malaysia,2006,2441000,Export Value
Mali,2006,335000,Export Value
Malta,2006,4000,Export Value
Mauritania,2006,1549000,Export Value
Mauritius,2006,332000,Export Value
Mexico,2006,410000,Export Value
Moldova,2006,501000,Export Value
Mongolia,2006,5000,Export Value
Montenegro,2006,181000,Export Value
Morocco,2006,5585000,Export Value
Mozambique,2006,836000,Export Value
Myanmar,2006,327000,Export Value
Namibia,2006,145000,Export Value
Nepal,2006,5489000,Export Value
Netherlands,2006,49858000,Export Value
New Caledonia,2006,5000,Export Value
New Zealand,2006,936000,Export Value
Niger,2006,734000,Export Value
Nigeria,2006,222000,Export Value
North Macedonia,2006,146000,Export Value
Norway,2006,89000,Export Value
Oman,2006,4675000,Export Value
Pakistan,2006,789000,Export Value
Palestine,2006,245000,Export Value
Papua New Guinea,2006,6937000,Export Value
Paraguay,2006,333000,Export Value
Peru,2006,10000,Export Value
Philippines,2006,5000,Export Value
Poland,2006,29231000,Export Value
Portugal,2006,800000,Export Value
Qatar,2006,101000,Export Value
Romania,2006,1499000,Export Value
Russia,2006,44767000,Export Value
Rwanda,2006,25275000,Export Value
Saint Lucia,2006,10000,Export Value
Saudi Arabia,2006,5640000,Export Value
Senegal,2006,20000,Export Value
Serbia,2006,492000,Export Value
Singapore,2006,4902000,Export Value
Slovakia,2006,1347000,Export Value
Slovenia,2006,919000,Export Value
South Africa,2006,9640000,Export Value
South Korea,2006,4414000,Export Value
Spain,2006,2169000,Export Value
Sri Lanka,2006,503859000,Export Value
Sweden,2006,11370000,Export Value
Switzerland,2006,4073000,Export Value
Syria,2006,2819000,Export Value
Tajikistan,2006,80000,Export Value
Tanzania,2006,33709000,Export Value
Thailand,2006,2581000,Export Value
Togo,2006,39000,Export Value
Trinidad and Tobago,2006,800000,Export Value
Tunisia,2006,42000,Export Value
Türkiye,2006,4500000,Export Value
Uganda,2006,50873000,Export Value
Ukraine,2006,977000,Export Value
United Arab Emirates,2006,130076000,Export Value
United Kingdom,2006,278688000,Export Value
United States,2006,25896000,Export Value
Uruguay,2006,5000,Export Value
Venezuela,2006,8000,Export Value
Vietnam,2006,110431000,Export Value
Yemen,2006,3561000,Export Value
Zambia,2006,559000,Export Value
Zimbabwe,2006,35821000,Export Value
Afghanistan,2016,386000,Export Value
Albania,2016,4000,Export Value
Angola,2016,3000,Export Value
Argentina,2016,97032000,Export Value
Armenia,2016,86000,Export Value
Australia,2016,8600000,Export Value
Austria,2016,10551000,Export Value
Bahrain,2016,168000,Export Value
Bangladesh,2016,2069000,Export Value
Barbados,2016,114000,Export Value
Belarus,2016,268000,Export Value
Belgium,2016,83111000,Export Value
Bolivia,2016,132000,Export Value
Bosnia and Herzegovina,2016,12000,Export Value
Botswana,2016,10000,Export Value
Brazil,2016,2954000,Export Value
Brunei,2016,4000,Export Value
Bulgaria,2016,2625000,Export Value
Burkina Faso,2016,44000,Export Value
Burundi,2016,13844000,Export Value
Cameroon,2016,45000,Export Value
Canada,2016,35998000,Export Value
Chile,2016,3764000,Export Value
"China, Hong Kong SAR",2016,27364000,Export Value
"China, Mainland",2016,1485022000,Export Value
"China, Taiwan Province of",2016,63731000,Export Value
Colombia,2016,1256000,Export Value
Costa Rica,2016,713000,Export Value
Croatia,2016,462000,Export Value
Cyprus,2016,7000,Export Value
Czechia,2016,11151000,Export Value
Côte d'Ivoire,2016,190000,Export Value
DR Congo (Brazzaville),2016,310000,Export Value
Denmark,2016,6254000,Export Value
Djibouti,2016,312000,Export Value
Dominican Republic,2016,14000,Export Value
Ecuador,2016,1341000,Export Value
Egypt,2016,15949000,Export Value
El Salvador,2016,39000,Export Value
Estonia,2016,473000,Export Value
Eswatini,2016,19000,Export Value
Ethiopia,2016,3898000,Export Value
Fiji,2016,315000,Export Value
Finland,2016,455000,Export Value
France,2016,56233000,Export Value
French Polynesia,2016,26000,Export Value
Gambia,2016,460000,Export Value
Georgia,2016,1573000,Export Value
Germany,2016,235441000,Export Value
Ghana,2016,14000,Export Value
Greece,2016,861000,Export Value
Guatemala,2016,241000,Export Value
Guyana,2016,39000,Export Value
Honduras,2016,19000,Export Value
Hungary,2016,530000,Export Value
Iceland,2016,7000,Export Value
India,2016,661719000,Export Value
Indonesia,2016,113107000,Export Value
Iran,2016,20578000,Export Value
Ireland,2016,5756000,Export Value
Israel,2016,3089000,Export Value
Italy,2016,6011000,Export Value
Jamaica,2016,2439000,Export Value
Japan,2016,108921000,Export Value
Jordan,2016,19252000,Export Value
Kazakhstan,2016,9486000,Export Value
Kenya,2016,1229238000,Export Value
Kuwait,2016,2009000,Export Value
Kyrgyzstan,2016,407000,Export Value
Laos,2016,593000,Export Value
Latvia,2016,7752000,Export Value
Lebanon,2016,1831000,Export Value
Lesotho,2016,505000,Export Value
Libya,2016,293000,Export Value
Lithuania,2016,5153000,Export Value
Luxembourg,2016,1464000,Export Value
Madagascar,2016,126000,Export Value
Malawi,2016,66300000,Export Value
Malaysia,2016,9572000,Export Value
Mali,2016,208000,Export Value
Mauritius,2016,335000,Export Value
Mexico,2016,465000,Export Value
Moldova,2016,1337000,Export Value
Mongolia,2016,49000,Export Value
Montenegro,2016,29000,Export Value
Morocco,2016,28894000,Export Value
Mozambique,2016,3873000,Export Value
Myanmar,2016,1163000,Export Value
Namibia,2016,36000,Export Value
Nepal,2016,25911000,Export Value
Netherlands,2016,88484000,Export Value
New Zealand,2016,1305000,Export Value
Niger,2016,3594000,Export Value
Nigeria,2016,52000,Export Value
North Macedonia,2016,82000,Export Value
Norway,2016,537000,Export Value
Oman,2016,4733000,Export Value
Pakistan,2016,7207000,Export Value
Panama,2016,3000,Export Value
Papua New Guinea,2016,1258000,Export Value
Paraguay,2016,151000,Export Value
Peru,2016,124000,Export Value
Philippines,2016,16000,Export Value
Poland,2016,194278000,Export Value
Portugal,2016,2497000,Export Value
Qatar,2016,149000,Export Value
Romania,2016,1895000,Export Value
Russia,2016,76319000,Export Value
Rwanda,2016,73729000,Export Value
Saint Lucia,2016,7000,Export Value
Saudi Arabia,2016,14032000,Export Value
Senegal,2016,631000,Export Value
Serbia,2016,633000,Export Value
Sierra Leone,2016,101000,Export Value
Singapore,2016,26789000,Export Value
Slovakia,2016,477000,Export Value
Slovenia,2016,330000,Export Value
South Africa,2016,24123000,Export Value
South Korea,2016,5963000,Export Value
Spain,2016,9110000,Export Value
Sri Lanka,2016,1251730000,Export Value
Suriname,2016,179000,Export Value
Sweden,2016,5750000,Export Value
Switzerland,2016,24799000,Export Value
Syria,2016,221000,Export Value
Tajikistan,2016,43000,Export Value
Tanzania,2016,44538000,Export Value
Thailand,2016,8036000,Export Value
Togo,2016,102000,Export Value
Trinidad and Tobago,2016,778000,Export Value
Tunisia,2016,35000,Export Value
Türkiye,2016,28585000,Export Value
Uganda,2016,71488000,Export Value
Ukraine,2016,3105000,Export Value
United Arab Emirates,2016,117565000,Export Value
United Kingdom,2016,130611000,Export Value
United States,2016,127971000,Export Value
Uruguay,2016,13000,Export Value
Uzbekistan,2016,37000,Export Value
Vietnam,2016,225410000,Export Value
Yemen,2016,227000,Export Value
Zambia,2016,29000,Export Value
Zimbabwe,2016,16705000,Export Value
Algeria,2017,4000,Export Value
Argentina,2017,95627000,Export Value
Armenia,2017,98000,Export Value
Australia,2017,8927000,Export Value
Austria,2017,8548000,Export Value
Bahrain,2017,635000,Export Value
Bangladesh,2017,4527000,Export Value
Barbados,2017,33000,Export Value
Belarus,2017,323000,Export Value
Belgium,2017,85951000,Export Value
Bolivia,2017,117000,Export Value
Bosnia and Herzegovina,2017,7000,Export Value
Botswana,2017,12000,Export Value
Brazil,2017,2656000,Export Value
Brunei,2017,12000,Export Value
Bulgaria,2017,3452000,Export Value
Burundi,2017,26620000,Export Value
Cambodia,2017,21000,Export Value
Cameroon,2017,13000,Export Value
Canada,2017,45208000,Export Value
Chad,2017,9000,Export Value
Chile,2017,4479000,Export Value
"China, Hong Kong SAR",2017,38367000,Export Value
"China, Macao SAR",2017,866000,Export Value
"China, Mainland",2017,1609960000,Export Value
"China, Taiwan Province of",2017,89669000,Export Value
Colombia,2017,1601000,Export Value
Costa Rica,2017,911000,Export Value
Croatia,2017,522000,Export Value
Cyprus,2017,16000,Export Value
Czechia,2017,12344000,Export Value
Côte d'Ivoire,2017,129000,Export Value
DR Congo (Brazzaville),2017,300000,Export Value
Denmark,2017,6257000,Export Value
Djibouti,2017,666000,Export Value
Dominica,2017,4000,Export Value
Dominican Republic,2017,32000,Export Value
Ecuador,2017,1511000,Export Value
Egypt,2017,7168000,Export Value
El Salvador,2017,147000,Export Value
Estonia,2017,325000,Export Value
Ethiopia,2017,3839000,Export Value
Fiji,2017,292000,Export Value
Finland,2017,461000,Export Value
France,2017,60622000,Export Value
French Polynesia,2017,19000,Export Value
Gambia,2017,248000,Export Value
Georgia,2017,2415000,Export Value
Germany,2017,250145000,Export Value
Ghana,2017,310000,Export Value
Greece,2017,852000,Export Value
Guatemala,2017,227000,Export Value
Guyana,2017,5000,Export Value
Honduras,2017,287000,Export Value
Hungary,2017,641000,Export Value
India,2017,768194000,Export Value
Indonesia,2017,114232000,Export Value
Iran,2017,19392000,Export Value
Iraq,2017,181000,Export Value
Ireland,2017,7015000,Export Value
Israel,2017,1800000,Export Value
Italy,2017,6107000,Export Value
Jamaica,2017,4260000,Export Value
Japan,2017,129883000,Export Value
Jordan,2017,18483000,Export Value
Kazakhstan,2017,8886000,Export Value
Kenya,2017,1424682000,Export Value
Kuwait,2017,4191000,Export Value
Kyrgyzstan,2017,780000,Export Value
Laos,2017,690000,Export Value
Latvia,2017,4515000,Export Value
Lebanon,2017,1805000,Export Value
Lesotho,2017,788000,Export Value
Libya,2017,293000,Export Value
Lithuania,2017,5219000,Export Value
Luxembourg,2017,2517000,Export Value
Madagascar,2017,94000,Export Value
Malawi,2017,71142000,Export Value
Malaysia,2017,10338000,Export Value
Mali,2017,381000,Export Value
Mauritius,2017,394000,Export Value
Mexico,2017,640000,Export Value
Moldova,2017,1810000,Export Value
Mongolia,2017,63000,Export Value
Montenegro,2017,25000,Export Value
Morocco,2017,27161000,Export Value
Mozambique,2017,5056000,Export Value
Myanmar,2017,2328000,Export Value
Namibia,2017,78000,Export Value
Nepal,2017,27952000,Export Value
Netherlands,2017,95381000,Export Value
New Zealand,2017,1887000,Export Value
Nicaragua,2017,17000,Export Value
Niger,2017,4774000,Export Value
Nigeria,2017,218000,Export Value
North Macedonia,2017,58000,Export Value
Norway,2017,492000,Export Value
Oman,2017,18183000,Export Value
Pakistan,2017,8232000,Export Value
Panama,2017,296000,Export Value
Papua New Guinea,2017,1638000,Export Value
Paraguay,2017,83000,Export Value
Peru,2017,156000,Export Value
Philippines,2017,132000,Export Value
Poland,2017,201196000,Export Value
Portugal,2017,2804000,Export Value
Qatar,2017,13000,Export Value
Romania,2017,2365000,Export Value
Russia,2017,92271000,Export Value
Rwanda,2017,84071000,Export Value
Saint Lucia,2017,6000,Export Value
Saudi Arabia,2017,15487000,Export Value
Senegal,2017,985000,Export Value
Serbia,2017,433000,Export Value
Sierra Leone,2017,64000,Export Value
Singapore,2017,26896000,Export Value
Slovakia,2017,656000,Export Value
Slovenia,2017,518000,Export Value
South Africa,2017,30062000,Export Value
South Korea,2017,6638000,Export Value
Spain,2017,12775000,Export Value
Sri Lanka,2017,1513207000,Export Value
Sudan,2017,27000,Export Value
Sweden,2017,5558000,Export Value
Switzerland,2017,27639000,Export Value
Syria,2017,513000,Export Value
Tajikistan,2017,30000,Export Value
Tanzania,2017,48946000,Export Value
Thailand,2017,12923000,Export Value
Timor-Leste,2017,5000,Export Value
Togo,2017,59000,Export Value
Trinidad and Tobago,2017,765000,Export Value
Tunisia,2017,21000,Export Value
Türkiye,2017,24926000,Export Value
Uganda,2017,79713000,Export Value
Ukraine,2017,5059000,Export Value
United Arab Emirates,2017,188522000,Export Value
United Kingdom,2017,133673000,Export Value
United States,2017,135847000,Export Value
Uzbekistan,2017,68000,Export Value
Vietnam,2017,226797000,Export Value
Yemen,2017,5668000,Export Value
Zambia,2017,34000,Export Value
Zimbabwe,2017,21507000,Export Value
Afghanistan,2019,58000,Export Value
Algeria,2019,15000,Export Value
Angola,2019,17000,Export Value
Argentina,2019,87688000,Export Value
Armenia,2019,55000,Export Value
Australia,2019,8219000,Export Value
Austria,2019,8885000,Export Value
Azerbaijan,2019,9510000,Export Value
Bahrain,2019,249000,Export Value
Bangladesh,2019,3010000,Export Value
Barbados,2019,38000,Export Value
Belarus,2019,986000,Export Value
Belgium,2019,69119000,Export Value
Bolivia,2019,13000,Export Value
Bosnia and Herzegovina,2019,19000,Export Value
Botswana,2019,5000,Export Value
Brazil,2019,1839000,Export Value
Brunei,2019,7000,Export Value
Bulgaria,2019,2770000,Export Value
Burundi,2019,22029000,Export Value
Cambodia,2019,4000,Export Value
Cameroon,2019,180000,Export Value
Canada,2019,44218000,Export Value
Chile,2019,3899000,Export Value
"China, Hong Kong SAR",2019,78330000,Export Value
"China, Mainland",2019,2025787000,Export Value
"China, Taiwan Province of",2019,124793000,Export Value
Colombia,2019,2170000,Export Value
Costa Rica,2019,656000,Export Value
Croatia,2019,680000,Export Value
Cyprus,2019,6000,Export Value
Czechia,2019,7694000,Export Value
Côte d'Ivoire,2019,140000,Export Value
Denmark,2019,6889000,Export Value
Djibouti,2019,950000,Export Value
Dominican Republic,2019,69000,Export Value
Ecuador,2019,1139000,Export Value
Egypt,2019,7958000,Export Value
El Salvador,2019,99000,Export Value
Estonia,2019,382000,Export Value
Ethiopia,2019,2109000,Export Value
Fiji,2019,518000,Export Value
Finland,2019,472000,Export Value
France,2019,58164000,Export Value
French Polynesia,2019,15000,Export Value
Gabon,2019,4000,Export Value
Gambia,2019,4000,Export Value
Georgia,2019,4403000,Export Value
Germany,2019,247109000,Export Value
Ghana,2019,97000,Export Value
Greece,2019,885000,Export Value
Grenada,2019,4000,Export Value
Guatemala,2019,240000,Export Value
Guinea,2019,39000,Export Value
Guinea-Bissau,2019,3000,Export Value
Hungary,2019,681000,Export Value
Iceland,2019,4000,Export Value
India,2019,813746000,Export Value
Indonesia,2019,93264000,Export Value
Iran,2019,14000000,Export Value
Iraq,2019,6000,Export Value
Ireland,2019,9617000,Export Value
Israel,2019,3095000,Export Value
Italy,2019,7107000,Export Value
Jamaica,2019,3096000,Export Value
Japan,2019,137108000,Export Value
Jordan,2019,22572000,Export Value
Kazakhstan,2019,12205000,Export Value
Kenya,2019,1113518000,Export Value
Kiribati,2019,7000,Export Value
Kuwait,2019,246000,Export Value
Kyrgyzstan,2019,586000,Export Value
Laos,2019,1516000,Export Value
Latvia,2019,4064000,Export Value
Lebanon,2019,1810000,Export Value
Lesotho,2019,621000,Export Value
Liberia,2019,176000,Export Value
Lithuania,2019,4497000,Export Value
Luxembourg,2019,501000,Export Value
Madagascar,2019,12000,Export Value
Malawi,2019,80083000,Export Value
Malaysia,2019,33033000,Export Value
Mali,2019,349000,Export Value
Mauritius,2019,308000,Export Value
Mexico,2019,1106000,Export Value
Moldova,2019,1315000,Export Value
Mongolia,2019,24000,Export Value
Montenegro,2019,25000,Export Value
Morocco,2019,37353000,Export Value
Mozambique,2019,4747000,Export Value
Myanmar,2019,2440000,Export Value
Namibia,2019,5000,Export Value
Nepal,2019,23626000,Export Value
Netherlands,2019,91360000,Export Value
New Zealand,2019,789000,Export Value
Niger,2019,3649000,Export Value
Nigeria,2019,978000,Export Value
North Macedonia,2019,33000,Export Value
Norway,2019,112000,Export Value
Oman,2019,2287000,Export Value
Pakistan,2019,28407000,Export Value
Panama,2019,42000,Export Value
Papua New Guinea,2019,559000,Export Value
Paraguay,2019,9000,Export Value
Peru,2019,133000,Export Value
Philippines,2019,33000,Export Value
Poland,2019,252195000,Export Value
Portugal,2019,2245000,Export Value
Qatar,2019,79000,Export Value
Romania,2019,2061000,Export Value
Russia,2019,103083000,Export Value
Rwanda,2019,86418000,Export Value
Saint Kitts and Nevis,2019,5000,Export Value
Saint Lucia,2019,5000,Export Value
Saudi Arabia,2019,11677000,Export Value
Senegal,2019,956000,Export Value
Serbia,2019,455000,Export Value
Sierra Leone,2019,487000,Export Value
Singapore,2019,27398000,Export Value
Slovakia,2019,375000,Export Value
Slovenia,2019,659000,Export Value
South Africa,2019,26128000,Export Value
South Korea,2019,4666000,Export Value
Spain,2019,12686000,Export Value
Sri Lanka,2019,1322583000,Export Value
Sweden,2019,6682000,Export Value
Switzerland,2019,27145000,Export Value
Syria,2019,281000,Export Value
Tajikistan,2019,20000,Export Value
Tanzania,2019,45715000,Export Value
Thailand,2019,18970000,Export Value
Togo,2019,158000,Export Value
Trinidad and Tobago,2019,1092000,Export Value
Tunisia,2019,6000,Export Value
Turkmenistan,2019,20000,Export Value
Türkiye,2019,16099000,Export Value
Uganda,2019,77957000,Export Value
Ukraine,2019,4962000,Export Value
United Arab Emirates,2019,295456000,Export Value
United Kingdom,2019,133981000,Export Value
United States,2019,111695000,Export Value
Uzbekistan,2019,94000,Export Value
Vietnam,2019,230740000,Export Value
Yemen,2019,9337000,Export Value
Zambia,2019,17000,Export Value
Zimbabwe,2019,21095000,Export Value
Afghanistan,2018,71000,Export Value
Algeria,2018,15000,Export Value
Angola,2018,10000,Export Value
Argentina,2018,90511000,Export Value
Armenia,2018,87000,Export Value
Australia,2018,8193000,Export Value
Austria,2018,10100000,Export Value
Azerbaijan,2018,9374000,Export Value
Bahrain,2018,138000,Export Value
Bangladesh,2018,2719000,Export Value
Barbados,2018,39000,Export Value
Belarus,2018,585000,Export Value
Belgium,2018,76667000,Export Value
Benin,2018,262000,Export Value
Bolivia,2018,143000,Export Value
Bosnia and Herzegovina,2018,9000,Export Value
Botswana,2018,7000,Export Value
Brazil,2018,1992000,Export Value
Brunei,2018,16000,Export Value
Bulgaria,2018,4474000,Export Value
Burundi,2018,26058000,Export Value
Cambodia,2018,10000,Export Value
Cameroon,2018,20000,Export Value
Canada,2018,41376000,Export Value
Chad,2018,9000,Export Value
Chile,2018,4450000,Export Value
"China, Hong Kong SAR",2018,61375000,Export Value
"China, Macao SAR",2018,378000,Export Value
"China, Mainland",2018,1785365000,Export Value
"China, Taiwan Province of",2018,112132000,Export Value
Colombia,2018,1778000,Export Value
Costa Rica,2018,870000,Export Value
Croatia,2018,519000,Export Value
Cyprus,2018,18000,Export Value
Czechia,2018,8642000,Export Value
Côte d'Ivoire,2018,104000,Export Value
DR Congo (Brazzaville),2018,130000,Export Value
Denmark,2018,9236000,Export Value
Djibouti,2018,687000,Export Value
Dominican Republic,2018,11000,Export Value
Ecuador,2018,1440000,Export Value
Egypt,2018,6735000,Export Value
El Salvador,2018,20000,Export Value
Estonia,2018,427000,Export Value
Ethiopia,2018,1931000,Export Value
Fiji,2018,480000,Export Value
Finland,2018,384000,Export Value
France,2018,62935000,Export Value
French Polynesia,2018,15000,Export Value
Georgia,2018,3583000,Export Value
Germany,2018,258322000,Export Value
Ghana,2018,48000,Export Value
Greece,2018,1549000,Export Value
Grenada,2018,8000,Export Value
Guatemala,2018,241000,Export Value
Guinea,2018,32000,Export Value
Honduras,2018,68000,Export Value
Hungary,2018,650000,Export Value
Iceland,2018,11000,Export Value
India,2018,766112000,Export Value
Indonesia,2018,108418000,Export Value
Iran,2018,19848000,Export Value
Ireland,2018,6775000,Export Value
Israel,2018,2460000,Export Value
Italy,2018,7496000,Export Value
Jamaica,2018,3443000,Export Value
Japan,2018,142440000,Export Value
Jordan,2018,22544000,Export Value
Kazakhstan,2018,11782000,Export Value
Kenya,2018,1370491000,Export Value
Kuwait,2018,3868000,Export Value
Kyrgyzstan,2018,905000,Export Value
Laos,2018,886000,Export Value
Latvia,2018,4567000,Export Value
Lebanon,2018,3656000,Export Value
Lesotho,2018,412000,Export Value
Lithuania,2018,4828000,Export Value
Luxembourg,2018,788000,Export Value
Madagascar,2018,64000,Export Value
Malawi,2018,87733000,Export Value
Malaysia,2018,23232000,Export Value
Mali,2018,230000,Export Value
Mauritius,2018,331000,Export Value
Mexico,2018,771000,Export Value
Moldova,2018,2038000,Export Value
Mongolia,2018,73000,Export Value
Montenegro,2018,14000,Export Value
Morocco,2018,44616000,Export Value
Mozambique,2018,7919000,Export Value
Myanmar,2018,2896000,Export Value
Namibia,2018,9000,Export Value
Nepal,2018,31430000,Export Value
Netherlands,2018,92118000,Export Value
New Zealand,2018,1271000,Export Value
Niger,2018,4070000,Export Value
Nigeria,2018,727000,Export Value
North Macedonia,2018,43000,Export Value
Norway,2018,156000,Export Value
Oman,2018,4032000,Export Value
Pakistan,2018,23056000,Export Value
Panama,2018,32000,Export Value
Papua New Guinea,2018,1456000,Export Value
Paraguay,2018,4000,Export Value
Peru,2018,148000,Export Value
Philippines,2018,37000,Export Value
Poland,2018,202196000,Export Value
Portugal,2018,3557000,Export Value
Qatar,2018,386000,Export Value
Romania,2018,2681000,Export Value
Russia,2018,97920000,Export Value
Rwanda,2018,90816000,Export Value
Saint Kitts and Nevis,2018,4000,Export Value
Saint Lucia,2018,4000,Export Value
Saudi Arabia,2018,19673000,Export Value
Senegal,2018,2534000,Export Value
Serbia,2018,640000,Export Value
Singapore,2018,27735000,Export Value
Slovakia,2018,610000,Export Value
Slovenia,2018,543000,Export Value
Somalia,2018,4000,Export Value
South Africa,2018,30843000,Export Value
South Korea,2018,5877000,Export Value
Spain,2018,14982000,Export Value
Sri Lanka,2018,770094000,Export Value
Sweden,2018,6538000,Export Value
Switzerland,2018,30181000,Export Value
Syria,2018,403000,Export Value
Tanzania,2018,47332000,Export Value
Thailand,2018,14851000,Export Value
Togo,2018,211000,Export Value
Trinidad and Tobago,2018,1323000,Export Value
Tunisia,2018,6000,Export Value
Turkmenistan,2018,10000,Export Value
Türkiye,2018,13041000,Export Value
Uganda,2018,88831000,Export Value
Ukraine,2018,4958000,Export Value
United Arab Emirates,2018,295037000,Export Value
United Kingdom,2018,135796000,Export Value
United States,2018,124424000,Export Value
Uruguay,2018,5000,Export Value
Uzbekistan,2018,52000,Export Value
Vanuatu,2018,44000,Export Value
Vietnam,2018,209350000,Export Value
Yemen,2018,8033000,Export Value
Zambia,2018,16000,Export Value
Zimbabwe,2018,23695000,Export Value
Afghanistan,2021,17000,Export Value
Albania,2021,65000,Export Value
Algeria,2021,27000,Export Value
Angola,2021,8000,Export Value
Antigua and Barbuda,2021,65000,Export Value
Argentina,2021,68785000,Export Value
Armenia,2021,129000,Export Value
Australia,2021,8104000,Export Value
Austria,2021,11426000,Export Value
Azerbaijan,2021,8492000,Export Value
Bahamas,2021,5000,Export Value
Bahrain,2021,94000,Export Value
Bangladesh,2021,2469000,Export Value
Barbados,2021,30000,Export Value
Belarus,2021,3540000,Export Value
Belgium,2021,45654000,Export Value
Bhutan,2021,14000,Export Value
Bolivia,2021,3000,Export Value
Bosnia and Herzegovina,2021,47000,Export Value
Botswana,2021,8000,Export Value
Brazil,2021,1132000,Export Value
Brunei,2021,23000,Export Value
Bulgaria,2021,482000,Export Value
Burkina Faso,2021,7000,Export Value
Burundi,2021,24124000,Export Value
Cameroon,2021,25000,Export Value
Canada,2021,31119000,Export Value
Chile,2021,4476000,Export Value
"China, Hong Kong SAR",2021,49127000,Export Value
"China, Macao SAR",2021,807000,Export Value
"China, Mainland",2021,2299193000,Export Value
"China, Taiwan Province of",2021,113370000,Export Value
Colombia,2021,2639000,Export Value
Costa Rica,2021,1039000,Export Value
Croatia,2021,862000,Export Value
Cuba,2021,10000,Export Value
Cyprus,2021,6000,Export Value
Czechia,2021,11131000,Export Value
Côte d'Ivoire,2021,139000,Export Value
DR Congo (Brazzaville),2021,18000,Export Value
Denmark,2021,8899000,Export Value
Djibouti,2021,1249000,Export Value
Dominica,2021,3000,Export Value
Dominican Republic,2021,41000,Export Value
Ecuador,2021,1450000,Export Value
Egypt,2021,7959000,Export Value
El Salvador,2021,60000,Export Value
Estonia,2021,704000,Export Value
Ethiopia,2021,2425000,Export Value
Fiji,2021,412000,Export Value
Finland,2021,1389000,Export Value
France,2021,62113000,Export Value
French Polynesia,2021,4000,Export Value
Georgia,2021,4731000,Export Value
Germany,2021,241250000,Export Value
Ghana,2021,43000,Export Value
Greece,2021,631000,Export Value
Grenada,2021,5000,Export Value
Guatemala,2021,239000,Export Value
Haiti,2021,33000,Export Value
Hungary,2021,1037000,Export Value
Iceland,2021,9000,Export Value
India,2021,687890000,Export Value
Indonesia,2021,89185000,Export Value
Iran,2021,11442000,Export Value
Iraq,2021,94000,Export Value
Ireland,2021,7736000,Export Value
Israel,2021,3225000,Export Value
Italy,2021,5815000,Export Value
Jamaica,2021,1785000,Export Value
Japan,2021,189792000,Export Value
Jordan,2021,33254000,Export Value
Kazakhstan,2021,16987000,Export Value
Kenya,2021,1192788000,Export Value
Kiribati,2021,6000,Export Value
Kuwait,2021,107000,Export Value
Kyrgyzstan,2021,277000,Export Value
Laos,2021,3767000,Export Value
Latvia,2021,4808000,Export Value
Lebanon,2021,455000,Export Value
Lithuania,2021,4376000,Export Value
Luxembourg,2021,1746000,Export Value
Madagascar,2021,36000,Export Value
Malawi,2021,62007000,Export Value
Malaysia,2021,35962000,Export Value
Mali,2021,5000,Export Value
Mauritius,2021,771000,Export Value
Mexico,2021,849000,Export Value
Moldova,2021,506000,Export Value
Mongolia,2021,11000,Export Value
Morocco,2021,32688000,Export Value
Mozambique,2021,6221000,Export Value
Myanmar,2021,2593000,Export Value
Nepal,2021,24053000,Export Value
Netherlands,2021,119466000,Export Value
New Zealand,2021,6839000,Export Value
Niger,2021,658000,Export Value
Nigeria,2021,65000,Export Value
North Macedonia,2021,194000,Export Value
Norway,2021,155000,Export Value
Oman,2021,8722000,Export Value
Pakistan,2021,21811000,Export Value
Palestine,2021,37000,Export Value
Papua New Guinea,2021,433000,Export Value
Paraguay,2021,10000,Export Value
Peru,2021,3836000,Export Value
Philippines,2021,94000,Export Value
Poland,2021,258622000,Export Value
Portugal,2021,2150000,Export Value
Qatar,2021,107000,Export Value
Romania,2021,1012000,Export Value
Russia,2021,115015000,Export Value
Rwanda,2021,104170000,Export Value
Saint Lucia,2021,3000,Export Value
Saudi Arabia,2021,13473000,Export Value
Senegal,2021,1354000,Export Value
Serbia,2021,445000,Export Value
Sierra Leone,2021,220000,Export Value
Singapore,2021,23431000,Export Value
Slovakia,2021,593000,Export Value
Slovenia,2021,729000,Export Value
South Africa,2021,22827000,Export Value
South Korea,2021,16786000,Export Value
Spain,2021,14362000,Export Value
Sri Lanka,2021,1391647000,Export Value
Sudan,2021,568000,Export Value
Suriname,2021,20000,Export Value
Sweden,2021,5610000,Export Value
Switzerland,2021,29823000,Export Value
Syria,2021,238000,Export Value
Tanzania,2021,32881000,Export Value
Thailand,2021,24240000,Export Value
Togo,2021,157000,Export Value
Trinidad and Tobago,2021,650000,Export Value
Tunisia,2021,4000,Export Value
Türkiye,2021,21689000,Export Value
Uganda,2021,23411000,Export Value
Ukraine,2021,5886000,Export Value
United Arab Emirates,2021,338031000,Export Value
United Kingdom,2021,135728000,Export Value
United States,2021,93410000,Export Value
Uzbekistan,2021,286000,Export Value
Venezuela,2021,16000,Export Value
Vietnam,2021,118963000,Export Value
Yemen,2021,9944000,Export Value
Zambia,2021,67000,Export Value
Zimbabwe,2021,16061000,Export Value
Afghanistan,2015,1000,Export Value
Algeria,2001,1000,Export Value
Algeria,2003,1000,Export Value
Algeria,2006,1000,Export Value
Algeria,2011,1000,Export Value
Antigua and Barbuda,2020,1000,Export Value
Armenia,2000,1000,Export Value
Bahamas,2018,1000,Export Value
Bahamas,2008,1000,Export Value
Belize,2018,1000,Export Value
Bhutan,2016,1000,Export Value
Bhutan,2019,1000,Export Value
Bhutan,1997,1000,Export Value
Bhutan,1998,1000,Export Value
Bhutan,1999,1000,Export Value
Bhutan,2000,1000,Export Value
Bhutan,2001,1000,Export Value
Bhutan,2002,1000,Export Value
Bhutan,2012,1000,Export Value
Bhutan,2013,1000,Export Value
Brunei,2014,1000,Export Value
Burkina Faso,2018,1000,Export Value
Burkina Faso,2002,1000,Export Value
Burkina Faso,2017,1000,Export Value
Cabo Verde,2014,1000,Export Value
Cabo Verde,2005,1000,Export Value
Cambodia,2015,1000,Export Value
Cambodia,2020,1000,Export Value
Cambodia,2011,1000,Export Value
Cameroon,1999,1000,Export Value
Cameroon,2012,1000,Export Value
Cameroon,1994,1000,Export Value
Comoros,2019,1000,Export Value
Congo (Brazzaville),2016,1000,Export Value
Congo (Brazzaville),2018,1000,Export Value
Cook Islands,2018,1000,Export Value
Cuba,2019,1000,Export Value
Cyprus,2000,1000,Export Value
DR Congo (Brazzaville),2020,1000,Export Value
Djibouti,2014,1000,Export Value
Djibouti,1991,1000,Export Value
Dominica,2014,1000,Export Value
Dominica,1996,1000,Export Value
Dominica,2000,1000,Export Value
Dominica,2002,1000,Export Value
Dominica,2004,1000,Export Value
Dominica,2006,1000,Export Value
Dominica,2010,1000,Export Value
Eswatini,2020,1000,Export Value
Eswatini,2021,1000,Export Value
Gabon,2015,1000,Export Value
Gabon,2020,1000,Export Value
Gambia,2002,1000,Export Value
Gambia,2003,1000,Export Value
Gambia,2005,1000,Export Value
Grenada,2006,1000,Export Value
Guinea,2015,1000,Export Value
Guinea,2021,1000,Export Value
Guinea,2017,1000,Export Value
Guinea-Bissau,2014,1000,Export Value
Guyana,2003,1000,Export Value
Haiti,2014,1000,Export Value
Haiti,2016,1000,Export Value
Haiti,2017,1000,Export Value
Honduras,2014,1000,Export Value
Honduras,2021,1000,Export Value
Honduras,2001,1000,Export Value
Honduras,2003,1000,Export Value
Honduras,2004,1000,Export Value
Honduras,2005,1000,Export Value
Iceland,1997,1000,Export Value
Iceland,2011,1000,Export Value
Liberia,2020,1000,Export Value
Liberia,2017,1000,Export Value
Libya,2021,1000,Export Value
Mali,2005,1000,Export Value
Malta,2018,1000,Export Value
Malta,2019,1000,Export Value
Malta,2017,1000,Export Value
Mauritius,2010,1000,Export Value
Montenegro,2021,1000,Export Value
Namibia,2021,1000,Export Value
New Caledonia,2015,1000,Export Value
New Caledonia,2009,1000,Export Value
New Caledonia,2010,1000,Export Value
New Caledonia,2011,1000,Export Value
New Caledonia,2013,1000,Export Value
Philippines,1996,1000,Export Value
Saint Lucia,2020,1000,Export Value
Saint Lucia,2013,1000,Export Value
Saint Vincent and the Grenadines,2015,1000,Export Value
Senegal,1994,1000,Export Value
Seychelles,2005,1000,Export Value
Seychelles,2006,1000,Export Value
Somalia,2014,1000,Export Value
Somalia,2019,1000,Export Value
Somalia,2012,1000,Export Value
Sudan,2016,1000,Export Value
Sudan,2018,1000,Export Value
Sudan,2019,1000,Export Value
Suriname,2011,1000,Export Value
Suriname,2012,1000,Export Value
Tajikistan,2018,1000,Export Value
Tajikistan,1996,1000,Export Value
Togo,1992,1000,Export Value
Togo,1994,1000,Export Value
Tunisia,1993,1000,Export Value
Uruguay,2019,1000,Export Value
Uruguay,2020,1000,Export Value
Uruguay,1991,1000,Export Value
Uruguay,2017,1000,Export Value
Venezuela,2014,1000,Export Value
Venezuela,2016,1000,Export Value
Venezuela,1997,1000,Export Value
Venezuela,2002,1000,Export Value
Venezuela,1993,1000,Export Value
Venezuela,1995,1000,Export Value
Venezuela,2017,1000,Export Value
Yemen,1999,1000,Export Value
Afghanistan,1990,13000,Import Quantity
Algeria,1990,7064,Import Quantity
Angola,1990,60,Import Quantity
Antigua and Barbuda,1990,6,Import Quantity
Argentina,1990,5,Import Quantity
Australia,1990,17767,Import Quantity
Austria,1990,1715,Import Quantity
Bahamas,1990,241,Import Quantity
Bahrain,1990,560,Import Quantity
Barbados,1990,118,Import Quantity
Belgium-Luxembourg,1990,2902,Import Quantity
Belize,1990,59,Import Quantity
Benin,1990,460,Import Quantity
Bhutan,1990,106,Import Quantity
Bolivia,1990,52,Import Quantity
Botswana,1990,1561,Import Quantity
Brazil,1990,25,Import Quantity
Brunei,1990,100,Import Quantity
Bulgaria,1990,1128,Import Quantity
Burkina Faso,1990,30,Import Quantity
Cabo Verde,1990,2,Import Quantity
Cameroon,1990,14,Import Quantity
Canada,1990,13669,Import Quantity
Central African Republic,1990,13,Import Quantity
Chad,1990,1500,Import Quantity
Chile,1990,11442,Import Quantity
"China, Hong Kong SAR",1990,21627,Import Quantity
"China, Macao SAR",1990,1799,Import Quantity
"China, Mainland",1990,5697,Import Quantity
"China, Taiwan Province of",1990,2454,Import Quantity
Colombia,1990,13,Import Quantity
Congo (Brazzaville),1990,34,Import Quantity
Cook Islands,1990,15,Import Quantity
Costa Rica,1990,136,Import Quantity
Cuba,1990,300,Import Quantity
Cyprus,1990,114,Import Quantity
Czechoslovakia,1990,2408,Import Quantity
Côte d'Ivoire,1990,500,Import Quantity
Denmark,1990,2212,Import Quantity
Djibouti,1990,500,Import Quantity
Dominica,1990,2,Import Quantity
Dominican Republic,1990,14,Import Quantity
Ecuador,1990,1,Import Quantity
Egypt,1990,70198,Import Quantity
El Salvador,1990,10,Import Quantity
Eswatini,1990,250,Import Quantity
Ethiopia PDR,1990,820,Import Quantity
Faroe Islands,1990,122,Import Quantity
Fiji,1990,582,Import Quantity
Finland,1990,859,Import Quantity
France,1990,12345,Import Quantity
French Polynesia,1990,24,Import Quantity
Gabon,1990,36,Import Quantity
Gambia,1990,1819,Import Quantity
Germany,1990,23784,Import Quantity
Ghana,1990,60,Import Quantity
Greece,1990,343,Import Quantity
Grenada,1990,6,Import Quantity
Guatemala,1990,5,Import Quantity
Guinea,1990,560,Import Quantity
Guinea-Bissau,1990,20,Import Quantity
Guyana,1990,43,Import Quantity
Honduras,1990,20,Import Quantity
Hungary,1990,1702,Import Quantity
Iceland,1990,53,Import Quantity
Indonesia,1990,6697,Import Quantity
Iran,1990,42000,Import Quantity
Iraq,1990,32000,Import Quantity
Ireland,1990,12923,Import Quantity
Israel,1990,3100,Import Quantity
Italy,1990,4925,Import Quantity
Jamaica,1990,113,Import Quantity
Japan,1990,33310,Import Quantity
Jordan,1990,5582,Import Quantity
Kenya,1990,74,Import Quantity
Kiribati,1990,40,Import Quantity
Kuwait,1990,2283,Import Quantity
Lebanon,1990,2400,Import Quantity
Lesotho,1990,600,Import Quantity
Liberia,1990,750,Import Quantity
Libya,1990,17156,Import Quantity
Madagascar,1990,4,Import Quantity
Malawi,1990,1,Import Quantity
Malaysia,1990,4473,Import Quantity
Maldives,1990,220,Import Quantity
Mali,1990,600,Import Quantity
Malta,1990,647,Import Quantity
Mauritania,1990,4209,Import Quantity
Mauritius,1990,7,Import Quantity
Mexico,1990,390,Import Quantity
Mongolia,1990,6900,Import Quantity
Morocco,1990,29214,Import Quantity
Nepal,1990,700,Import Quantity
Netherlands,1990,26433,Import Quantity
New Caledonia,1990,40,Import Quantity
New Zealand,1990,5298,Import Quantity
Niger,1990,1178,Import Quantity
Nigeria,1990,2643,Import Quantity
Norway,1990,862,Import Quantity
Oman,1990,1305,Import Quantity
Pakistan,1990,107622,Import Quantity
Panama,1990,160,Import Quantity
Papua New Guinea,1990,90,Import Quantity
Paraguay,1990,49,Import Quantity
Philippines,1990,382,Import Quantity
Poland,1990,12332,Import Quantity
Portugal,1990,227,Import Quantity
Qatar,1990,894,Import Quantity
Romania,1990,29,Import Quantity
Russia,1990,255500,Import Quantity
Saint Kitts and Nevis,1990,3,Import Quantity
Saint Lucia,1990,20,Import Quantity
Saint Vincent and the Grenadines,1990,5,Import Quantity
Samoa,1990,35,Import Quantity
Saudi Arabia,1990,17890,Import Quantity
Senegal,1990,3218,Import Quantity
Seychelles,1990,34,Import Quantity
Sierra Leone,1990,20,Import Quantity
Singapore,1990,12024,Import Quantity
Solomon Islands,1990,70,Import Quantity
Somalia,1990,1200,Import Quantity
South Africa,1990,11751,Import Quantity
South Korea,1990,35,Import Quantity
Spain,1990,1438,Import Quantity
Sri Lanka,1990,2184,Import Quantity
Sudan,1990,8600,Import Quantity
Suriname,1990,81,Import Quantity
Sweden,1990,2995,Import Quantity
Switzerland,1990,2677,Import Quantity
Syria,1990,16421,Import Quantity
Thailand,1990,548,Import Quantity
Timor-Leste,1990,120,Import Quantity
Togo,1990,64,Import Quantity
Tonga,1990,16,Import Quantity
Trinidad and Tobago,1990,181,Import Quantity
Tunisia,1990,11303,Import Quantity
Türkiye,1990,328,Import Quantity
United Arab Emirates,1990,17830,Import Quantity
United Kingdom,1990,177927,Import Quantity
United States,1990,77000,Import Quantity
Uruguay,1990,652,Import Quantity
Vanuatu,1990,12,Import Quantity
Venzuela,1990,83,Import Quantity
Yemen,1990,8830,Import Quantity
Yugoslav SFR,1990,3393,Import Quantity
Zambia,1990,7,Import Quantity
Zimbabwe,1990,54,Import Quantity
Afghanistan,1991,9300,Import Quantity
Algeria,1991,174,Import Quantity
Angola,1991,30,Import Quantity
Antigua and Barbuda,1991,10,Import Quantity
Argentina,1991,36,Import Quantity
Australia,1991,16537,Import Quantity
Austria,1991,1404,Import Quantity
Bahamas,1991,133,Import Quantity
Bahrain,1991,700,Import Quantity
Barbados,1991,116,Import Quantity
Belgium-Luxembourg,1991,3524,Import Quantity
Belize,1991,38,Import Quantity
Benin,1991,3,Import Quantity
Bhutan,1991,97,Import Quantity
Bolivia,1991,98,Import Quantity
Botswana,1991,1220,Import Quantity
Brazil,1991,34,Import Quantity
Brunei,1991,80,Import Quantity
Bulgaria,1991,83,Import Quantity
Burkina Faso,1991,20,Import Quantity
Cabo Verde,1991,4,Import Quantity
Cameroon,1991,8,Import Quantity
Canada,1991,13315,Import Quantity
Central African Republic,1991,3,Import Quantity
Chile,1991,12018,Import Quantity
"China, Hong Kong SAR",1991,24274,Import Quantity
"China, Macao SAR",1991,1677,Import Quantity
"China, Mainland",1991,4212,Import Quantity
"China, Taiwan Province of",1991,5796,Import Quantity
Colombia,1991,18,Import Quantity
Congo (Brazzaville),1991,22,Import Quantity
Cook Islands,1991,7,Import Quantity
Costa Rica,1991,153,Import Quantity
Cuba,1991,225,Import Quantity
Cyprus,1991,95,Import Quantity
Czechoslovakia,1991,1771,Import Quantity
Côte d'Ivoire,1991,750,Import Quantity
Denmark,1991,2239,Import Quantity
Djibouti,1991,385,Import Quantity
Dominica,1991,3,Import Quantity
Dominican Republic,1991,3,Import Quantity
Ecuador,1991,3,Import Quantity
Egypt,1991,88528,Import Quantity
El Salvador,1991,12,Import Quantity
Eswatini,1991,250,Import Quantity
Ethiopia PDR,1991,86,Import Quantity
Faroe Islands,1991,95,Import Quantity
Fiji,1991,671,Import Quantity
Finland,1991,813,Import Quantity
France,1991,12975,Import Quantity
French Polynesia,1991,15,Import Quantity
Gabon,1991,10,Import Quantity
Gambia,1991,2108,Import Quantity
Germany,1991,25087,Import Quantity
Ghana,1991,90,Import Quantity
Greece,1991,697,Import Quantity
Grenada,1991,6,Import Quantity
Guatemala,1991,11,Import Quantity
Guinea,1991,110,Import Quantity
Guyana,1991,40,Import Quantity
Honduras,1991,33,Import Quantity
Hungary,1991,514,Import Quantity
Iceland,1991,68,Import Quantity
Indonesia,1991,712,Import Quantity
Iran,1991,29277,Import Quantity
Iraq,1991,35000,Import Quantity
Ireland,1991,12417,Import Quantity
Israel,1991,3000,Import Quantity
Italy,1991,5217,Import Quantity
Jamaica,1991,152,Import Quantity
Japan,1991,36674,Import Quantity
Jordan,1991,5560,Import Quantity
Kenya,1991,434,Import Quantity
Kiribati,1991,42,Import Quantity
Kuwait,1991,1749,Import Quantity
Lebanon,1991,3956,Import Quantity
Lesotho,1991,700,Import Quantity
Liberia,1991,400,Import Quantity
Libya,1991,14322,Import Quantity
Madagascar,1991,1,Import Quantity
Malawi,1991,14,Import Quantity
Malaysia,1991,5114,Import Quantity
Maldives,1991,330,Import Quantity
Mali,1991,100,Import Quantity
Malta,1991,532,Import Quantity
Mauritania,1991,2502,Import Quantity
Mauritius,1991,10,Import Quantity
Mexico,1991,700,Import Quantity
Mongolia,1991,4100,Import Quantity
Morocco,1991,24289,Import Quantity
Myanmar,1991,4,Import Quantity
Nepal,1991,1000,Import Quantity
Netherlands,1991,28771,Import Quantity
New Caledonia,1991,47,Import Quantity
New Zealand,1991,5085,Import Quantity
Nicaragua,1991,29,Import Quantity
Niger,1991,550,Import Quantity
Nigeria,1991,7801,Import Quantity
Norway,1991,900,Import Quantity
Oman,1991,1728,Import Quantity
Pakistan,1991,104056,Import Quantity
Panama,1991,210,Import Quantity
Papua New Guinea,1991,30,Import Quantity
Paraguay,1991,55,Import Quantity
Philippines,1991,271,Import Quantity
Poland,1991,9523,Import Quantity
Portugal,1991,335,Import Quantity
Qatar,1991,964,Import Quantity
Romania,1991,188,Import Quantity
Russia,1991,170000,Import Quantity
Saint Kitts and Nevis,1991,11,Import Quantity
Saint Lucia,1991,20,Import Quantity
Saint Vincent and the Grenadines,1991,4,Import Quantity
Samoa,1991,25,Import Quantity
Saudi Arabia,1991,19031,Import Quantity
Senegal,1991,1193,Import Quantity
Seychelles,1991,58,Import Quantity
Sierra Leone,1991,50,Import Quantity
Singapore,1991,7485,Import Quantity
Solomon Islands,1991,30,Import Quantity
Somalia,1991,1000,Import Quantity
South Africa,1991,8555,Import Quantity
South Korea,1991,32,Import Quantity
Spain,1991,1343,Import Quantity
Sri Lanka,1991,748,Import Quantity
Sudan,1991,8500,Import Quantity
Suriname,1991,85,Import Quantity
Sweden,1991,2879,Import Quantity
Switzerland,1991,3337,Import Quantity
Syria,1991,21409,Import Quantity
Thailand,1991,566,Import Quantity
Timor-Leste,1991,120,Import Quantity
Togo,1991,14,Import Quantity
Tonga,1991,24,Import Quantity
Trinidad and Tobago,1991,165,Import Quantity
Tunisia,1991,12450,Import Quantity
Tuvalu,1991,4,Import Quantity
Türkiye,1991,1568,Import Quantity
United Arab Emirates,1991,22401,Import Quantity
United Kingdom,1991,178148,Import Quantity
United States,1991,84332,Import Quantity
Uruguay,1991,723,Import Quantity
Vanuatu,1991,14,Import Quantity
Venzuela,1991,125,Import Quantity
Yemen,1991,7500,Import Quantity
Yugoslav SFR,1991,1200,Import Quantity
Zambia,1991,2,Import Quantity
Zimbabwe,1991,61,Import Quantity
Afghanistan,1992,8100,Import Quantity
Algeria,1992,20980,Import Quantity
Angola,1992,10,Import Quantity
Antigua and Barbuda,1992,5,Import Quantity
Argentina,1992,79,Import Quantity
Australia,1992,17022,Import Quantity
Austria,1992,1810,Import Quantity
Bahamas,1992,132,Import Quantity
Bahrain,1992,660,Import Quantity
Barbados,1992,81,Import Quantity
Belarus,1992,200,Import Quantity
Belgium-Luxembourg,1992,5854,Import Quantity
Belize,1992,57,Import Quantity
Benin,1992,1,Import Quantity
Bhutan,1992,98,Import Quantity
Bolivia,1992,321,Import Quantity
Bosnia and Herzegovina,1992,20,Import Quantity
Botswana,1992,2124,Import Quantity
Brazil,1992,46,Import Quantity
Brunei,1992,120,Import Quantity
Bulgaria,1992,22,Import Quantity
Burkina Faso,1992,30,Import Quantity
Cabo Verde,1992,6,Import Quantity
Canada,1992,13731,Import Quantity
Central African Republic,1992,1,Import Quantity
Chile,1992,12662,Import Quantity
"China, Hong Kong SAR",1992,31230,Import Quantity
"China, Macao SAR",1992,1240,Import Quantity
"China, Mainland",1992,3923,Import Quantity
"China, Taiwan Province of",1992,6435,Import Quantity
Colombia,1992,50,Import Quantity
Congo (Brazzaville),1992,52,Import Quantity
Cook Islands,1992,5,Import Quantity
Costa Rica,1992,127,Import Quantity
Croatia,1992,137,Import Quantity
Cuba,1992,200,Import Quantity
Cyprus,1992,113,Import Quantity
Czechoslovakia,1992,1520,Import Quantity
Côte d'Ivoire,1992,850,Import Quantity
Denmark,1992,2118,Import Quantity
Djibouti,1992,468,Import Quantity
Dominica,1992,5,Import Quantity
Dominican Republic,1992,20,Import Quantity
Ecuador,1992,2,Import Quantity
Egypt,1992,88798,Import Quantity
El Salvador,1992,30,Import Quantity
Estonia,1992,100,Import Quantity
Eswatini,1992,550,Import Quantity
Ethiopia PDR,1992,118,Import Quantity
Faroe Islands,1992,110,Import Quantity
Fiji,1992,536,Import Quantity
Finland,1992,916,Import Quantity
France,1992,12854,Import Quantity
French Polynesia,1992,25,Import Quantity
Gabon,1992,30,Import Quantity
Gambia,1992,2700,Import Quantity
Germany,1992,24957,Import Quantity
Ghana,1992,130,Import Quantity
Greece,1992,747,Import Quantity
Grenada,1992,2,Import Quantity
Guatemala,1992,9,Import Quantity
Guinea,1992,360,Import Quantity
Guyana,1992,30,Import Quantity
Honduras,1992,18,Import Quantity
Hungary,1992,363,Import Quantity
Iceland,1992,47,Import Quantity
India,1992,1371,Import Quantity
Indonesia,1992,414,Import Quantity
Iran,1992,92940,Import Quantity
Iraq,1992,22000,Import Quantity
Ireland,1992,12134,Import Quantity
Israel,1992,3250,Import Quantity
Italy,1992,5419,Import Quantity
Jamaica,1992,86,Import Quantity
Japan,1992,41555,Import Quantity
Jordan,1992,4618,Import Quantity
Kazakhstan,1992,4359,Import Quantity
Kenya,1992,87,Import Quantity
Kiribati,1992,32,Import Quantity
Kuwait,1992,2731,Import Quantity
Latvia,1992,81,Import Quantity
Lebanon,1992,3300,Import Quantity
Lesotho,1992,700,Import Quantity
Liberia,1992,30,Import Quantity
Libya,1992,19000,Import Quantity
Lithuania,1992,230,Import Quantity
Madagascar,1992,4,Import Quantity
Malawi,1992,1,Import Quantity
Malaysia,1992,5961,Import Quantity
Maldives,1992,170,Import Quantity
Mali,1992,5177,Import Quantity
Malta,1992,613,Import Quantity
Mauritania,1992,3308,Import Quantity
Mauritius,1992,7,Import Quantity
Mexico,1992,590,Import Quantity
Moldova,1992,25,Import Quantity
Mongolia,1992,3700,Import Quantity
Morocco,1992,28995,Import Quantity
Nepal,1992,560,Import Quantity
Netherlands,1992,29132,Import Quantity
New Caledonia,1992,40,Import Quantity
New Zealand,1992,4805,Import Quantity
Nicaragua,1992,45,Import Quantity
Niger,1992,500,Import Quantity
Nigeria,1992,7867,Import Quantity
North Macedonia,1992,1137,Import Quantity
Norway,1992,830,Import Quantity
Oman,1992,1892,Import Quantity
Pakistan,1992,110235,Import Quantity
Panama,1992,165,Import Quantity
Papua New Guinea,1992,40,Import Quantity
Paraguay,1992,76,Import Quantity
Philippines,1992,345,Import Quantity
Poland,1992,22170,Import Quantity
Portugal,1992,258,Import Quantity
Qatar,1992,1136,Import Quantity
Romania,1992,50,Import Quantity
Russia,1992,75200,Import Quantity
Saint Kitts and Nevis,1992,6,Import Quantity
Saint Lucia,1992,15,Import Quantity
Saint Vincent and the Grenadines,1992,5,Import Quantity
Samoa,1992,40,Import Quantity
Saudi Arabia,1992,9687,Import Quantity
Senegal,1992,2429,Import Quantity
Seychelles,1992,39,Import Quantity
Sierra Leone,1992,60,Import Quantity
Singapore,1992,6062,Import Quantity
Slovenia,1992,79,Import Quantity
Solomon Islands,1992,50,Import Quantity
Somalia,1992,1200,Import Quantity
South Africa,1992,11809,Import Quantity
South Korea,1992,115,Import Quantity
Spain,1992,1610,Import Quantity
Sri Lanka,1992,1794,Import Quantity
Sudan,1992,5000,Import Quantity
Suriname,1992,55,Import Quantity
Sweden,1992,2752,Import Quantity
Switzerland,1992,3487,Import Quantity
Syria,1992,22338,Import Quantity
Thailand,1992,590,Import Quantity
Timor-Leste,1992,120,Import Quantity
Togo,1992,20,Import Quantity
Tonga,1992,12,Import Quantity
Trinidad and Tobago,1992,177,Import Quantity
Tunisia,1992,14100,Import Quantity
Türkiye,1992,1212,Import Quantity
Ukraine,1992,10000,Import Quantity
United Arab Emirates,1992,14069,Import Quantity
United Kingdom,1992,175606,Import Quantity
United States,1992,91379,Import Quantity
Uruguay,1992,771,Import Quantity
Uzbekistan,1992,6037,Import Quantity
Vanuatu,1992,21,Import Quantity
Venzuela,1992,122,Import Quantity
Yemen,1992,7200,Import Quantity
Zambia,1992,9,Import Quantity
Zimbabwe,1992,2,Import Quantity
Afghanistan,1993,13000,Import Quantity
Algeria,1993,922,Import Quantity
Angola,1993,20,Import Quantity
Antigua and Barbuda,1993,15,Import Quantity
Argentina,1993,119,Import Quantity
Australia,1993,16627,Import Quantity
Austria,1993,1715,Import Quantity
Azerbaijan,1993,2042,Import Quantity
Bahamas,1993,200,Import Quantity
Bahrain,1993,500,Import Quantity
Barbados,1993,94,Import Quantity
Belarus,1993,130,Import Quantity
Belgium-Luxembourg,1993,3607,Import Quantity
Belize,1993,33,Import Quantity
Benin,1993,8,Import Quantity
Bhutan,1993,92,Import Quantity
Bolivia,1993,147,Import Quantity
Bosnia and Herzegovina,1993,40,Import Quantity
Botswana,1993,2274,Import Quantity
Brazil,1993,49,Import Quantity
Brunei,1993,120,Import Quantity
Bulgaria,1993,478,Import Quantity
Burkina Faso,1993,35,Import Quantity
Cabo Verde,1993,2,Import Quantity
Cameroon,1993,31,Import Quantity
Canada,1993,14000,Import Quantity
Central African Republic,1993,1,Import Quantity
Chile,1993,12404,Import Quantity
"China, Hong Kong SAR",1993,25747,Import Quantity
"China, Macao SAR",1993,785,Import Quantity
"China, Mainland",1993,4386,Import Quantity
"China, Taiwan Province of",1993,9929,Import Quantity
Colombia,1993,80,Import Quantity
Congo (Brazzaville),1993,24,Import Quantity
Cook Islands,1993,5,Import Quantity
Costa Rica,1993,95,Import Quantity
Croatia,1993,177,Import Quantity
Cuba,1993,200,Import Quantity
Cyprus,1993,141,Import Quantity
Czechia,1993,3140,Import Quantity
Côte d'Ivoire,1993,366,Import Quantity
Denmark,1993,2091,Import Quantity
Djibouti,1993,500,Import Quantity
Dominica,1993,2,Import Quantity
Dominican Republic,1993,3,Import Quantity
Ecuador,1993,4,Import Quantity
Egypt,1993,65130,Import Quantity
El Salvador,1993,31,Import Quantity
Estonia,1993,360,Import Quantity
Eswatini,1993,290,Import Quantity
Ethiopia,1993,16,Import Quantity
Faroe Islands,1993,92,Import Quantity
Fiji,1993,673,Import Quantity
Finland,1993,1011,Import Quantity
France,1993,14445,Import Quantity
French Polynesia,1993,29,Import Quantity
Gabon,1993,75,Import Quantity
Gambia,1993,2300,Import Quantity
Georgia,1993,57,Import Quantity
Germany,1993,30207,Import Quantity
Ghana,1993,200,Import Quantity
Greece,1993,645,Import Quantity
Grenada,1993,2,Import Quantity
Guatemala,1993,26,Import Quantity
Guinea,1993,60,Import Quantity
Guyana,1993,40,Import Quantity
Honduras,1993,32,Import Quantity
Hungary,1993,1474,Import Quantity
Iceland,1993,66,Import Quantity
India,1993,874,Import Quantity
Indonesia,1993,582,Import Quantity
Iran,1993,55958,Import Quantity
Iraq,1993,18000,Import Quantity
Ireland,1993,11706,Import Quantity
Israel,1993,2400,Import Quantity
Italy,1993,5374,Import Quantity
Jamaica,1993,139,Import Quantity
Japan,1993,37429,Import Quantity
Jordan,1993,4520,Import Quantity
Kazakhstan,1993,6400,Import Quantity
Kenya,1993,15,Import Quantity
Kiribati,1993,40,Import Quantity
Kuwait,1993,3551,Import Quantity
Latvia,1993,577,Import Quantity
Lebanon,1993,1500,Import Quantity
Lesotho,1993,700,Import Quantity
Liberia,1993,3215,Import Quantity
Libya,1993,10000,Import Quantity
Lithuania,1993,220,Import Quantity
Madagascar,1993,1,Import Quantity
Malawi,1993,20,Import Quantity
Malaysia,1993,5897,Import Quantity
Maldives,1993,335,Import Quantity
Mali,1993,1000,Import Quantity
Malta,1993,565,Import Quantity
Mauritania,1993,1780,Import Quantity
Mauritius,1993,17,Import Quantity
Mexico,1993,257,Import Quantity
Mongolia,1993,6500,Import Quantity
Morocco,1993,27143,Import Quantity
Nepal,1993,640,Import Quantity
Netherlands,1993,31896,Import Quantity
New Caledonia,1993,50,Import Quantity
New Zealand,1993,4721,Import Quantity
Nicaragua,1993,25,Import Quantity
Niger,1993,500,Import Quantity
Nigeria,1993,6373,Import Quantity
North Macedonia,1993,500,Import Quantity
Norway,1993,898,Import Quantity
Oman,1993,2443,Import Quantity
Pakistan,1993,125652,Import Quantity
Panama,1993,167,Import Quantity
Papua New Guinea,1993,40,Import Quantity
Paraguay,1993,40,Import Quantity
Philippines,1993,346,Import Quantity
Poland,1993,32925,Import Quantity
Portugal,1993,294,Import Quantity
Qatar,1993,1022,Import Quantity
Romania,1993,168,Import Quantity
Russia,1993,110000,Import Quantity
Saint Kitts and Nevis,1993,8,Import Quantity
Saint Lucia,1993,24,Import Quantity
Saint Vincent and the Grenadines,1993,3,Import Quantity
Samoa,1993,40,Import Quantity
Saudi Arabia,1993,8167,Import Quantity
Senegal,1993,1919,Import Quantity
Seychelles,1993,62,Import Quantity
Sierra Leone,1993,30,Import Quantity
Singapore,1993,11673,Import Quantity
Slovakia,1993,513,Import Quantity
Slovenia,1993,92,Import Quantity
Solomon Islands,1993,36,Import Quantity
Somalia,1993,1600,Import Quantity
South Africa,1993,13413,Import Quantity
South Korea,1993,85,Import Quantity
Spain,1993,1460,Import Quantity
Sri Lanka,1993,3464,Import Quantity
Sudan,1993,16950,Import Quantity
Suriname,1993,60,Import Quantity
Sweden,1993,2868,Import Quantity
Switzerland,1993,3691,Import Quantity
Syria,1993,20755,Import Quantity
Tajikistan,1993,700,Import Quantity
Thailand,1993,585,Import Quantity
Timor-Leste,1993,120,Import Quantity
Togo,1993,9,Import Quantity
Tonga,1993,16,Import Quantity
Trinidad and Tobago,1993,125,Import Quantity
Tunisia,1993,11112,Import Quantity
Turkmenistan,1993,3406,Import Quantity
Tuvalu,1993,1,Import Quantity
Türkiye,1993,2033,Import Quantity
Ukraine,1993,15000,Import Quantity
United Arab Emirates,1993,33998,Import Quantity
United Kingdom,1993,193910,Import Quantity
United States,1993,84895,Import Quantity
Uruguay,1993,523,Import Quantity
Uzbekistan,1993,13300,Import Quantity
Vanuatu,1993,20,Import Quantity
Venzuela,1993,138,Import Quantity
Yemen,1993,5759,Import Quantity
Zimbabwe,1993,3,Import Quantity
Afghanistan,1994,9000,Import Quantity
Algeria,1994,8473,Import Quantity
Angola,1994,20,Import Quantity
Antigua and Barbuda,1994,30,Import Quantity
Argentina,1994,339,Import Quantity
Armenia,1994,60,Import Quantity
Australia,1994,18653,Import Quantity
Austria,1994,2147,Import Quantity
Azerbaijan,1994,2138,Import Quantity
Bahamas,1994,121,Import Quantity
Bahrain,1994,927,Import Quantity
Bangladesh,1994,14,Import Quantity
Barbados,1994,107,Import Quantity
Belarus,1994,1050,Import Quantity
Belgium-Luxembourg,1994,5366,Import Quantity
Belize,1994,32,Import Quantity
Benin,1994,7,Import Quantity
Bhutan,1994,189,Import Quantity
Bolivia,1994,247,Import Quantity
Bosnia and Herzegovina,1994,35,Import Quantity
Botswana,1994,1369,Import Quantity
Brazil,1994,74,Import Quantity
Brunei,1994,157,Import Quantity
Bulgaria,1994,719,Import Quantity
Burkina Faso,1994,32,Import Quantity
Cabo Verde,1994,3,Import Quantity
Cameroon,1994,12,Import Quantity
Canada,1994,14508,Import Quantity
Central African Republic,1994,2,Import Quantity
Chad,1994,2191,Import Quantity
Chile,1994,14414,Import Quantity
"China, Hong Kong SAR",1994,25744,Import Quantity
"China, Macao SAR",1994,480,Import Quantity
"China, Mainland",1994,2561,Import Quantity
"China, Taiwan Province of",1994,10389,Import Quantity
Colombia,1994,48,Import Quantity
Congo (Brazzaville),1994,47,Import Quantity
Cook Islands,1994,8,Import Quantity
Costa Rica,1994,162,Import Quantity
Croatia,1994,145,Import Quantity
Cuba,1994,200,Import Quantity
Cyprus,1994,130,Import Quantity
Czechia,1994,1365,Import Quantity
Côte d'Ivoire,1994,380,Import Quantity
DR Congo (Brazzaville),1994,6,Import Quantity
Denmark,1994,2159,Import Quantity
Djibouti,1994,400,Import Quantity
Dominica,1994,4,Import Quantity
Dominican Republic,1994,10,Import Quantity
Ecuador,1994,51,Import Quantity
Egypt,1994,57230,Import Quantity
El Salvador,1994,36,Import Quantity
Estonia,1994,536,Import Quantity
Eswatini,1994,600,Import Quantity
Ethiopia,1994,62,Import Quantity
Faroe Islands,1994,83,Import Quantity
Fiji,1994,574,Import Quantity
Finland,1994,1234,Import Quantity
France,1994,14593,Import Quantity
French Polynesia,1994,29,Import Quantity
Gabon,1994,52,Import Quantity
Gambia,1994,1300,Import Quantity
Georgia,1994,60,Import Quantity
Germany,1994,28852,Import Quantity
Ghana,1994,120,Import Quantity
Greece,1994,438,Import Quantity
Grenada,1994,4,Import Quantity
Guatemala,1994,62,Import Quantity
Guinea,1994,400,Import Quantity
Guyana,1994,40,Import Quantity
Honduras,1994,63,Import Quantity
Hungary,1994,1856,Import Quantity
Iceland,1994,50,Import Quantity
India,1994,199,Import Quantity
Indonesia,1994,454,Import Quantity
Iran,1994,20633,Import Quantity
Iraq,1994,11000,Import Quantity
Ireland,1994,11493,Import Quantity
Israel,1994,3700,Import Quantity
Italy,1994,5007,Import Quantity
Jamaica,1994,145,Import Quantity
Japan,1994,41136,Import Quantity
Jordan,1994,5624,Import Quantity
Kazakhstan,1994,7000,Import Quantity
Kenya,1994,655,Import Quantity
Kiribati,1994,36,Import Quantity
Kuwait,1994,4433,Import Quantity
Latvia,1994,298,Import Quantity
Lebanon,1994,1300,Import Quantity
Lesotho,1994,700,Import Quantity
Liberia,1994,30,Import Quantity
Libya,1994,6000,Import Quantity
Lithuania,1994,569,Import Quantity
Madagascar,1994,3,Import Quantity
Malawi,1994,481,Import Quantity
Malaysia,1994,7359,Import Quantity
Maldives,1994,257,Import Quantity
Mali,1994,1500,Import Quantity
Malta,1994,506,Import Quantity
Mauritania,1994,1400,Import Quantity
Mauritius,1994,18,Import Quantity
Mexico,1994,309,Import Quantity
Moldova,1994,338,Import Quantity
Mongolia,1994,300,Import Quantity
Morocco,1994,34027,Import Quantity
Nepal,1994,950,Import Quantity
Netherlands,1994,24101,Import Quantity
New Caledonia,1994,80,Import Quantity
New Zealand,1994,4549,Import Quantity
Nicaragua,1994,42,Import Quantity
Niger,1994,276,Import Quantity
Nigeria,1994,6200,Import Quantity
North Macedonia,1994,816,Import Quantity
Norway,1994,922,Import Quantity
Oman,1994,3071,Import Quantity
Pakistan,1994,116140,Import Quantity
Panama,1994,368,Import Quantity
Papua New Guinea,1994,50,Import Quantity
Paraguay,1994,93,Import Quantity
Philippines,1994,321,Import Quantity
Poland,1994,32365,Import Quantity
Portugal,1994,327,Import Quantity
Qatar,1994,1170,Import Quantity
Romania,1994,75,Import Quantity
Russia,1994,91759,Import Quantity
Saint Kitts and Nevis,1994,6,Import Quantity
Saint Lucia,1994,21,Import Quantity
Saint Vincent and the Grenadines,1994,4,Import Quantity
Samoa,1994,50,Import Quantity
Saudi Arabia,1994,7711,Import Quantity
Senegal,1994,5300,Import Quantity
Seychelles,1994,55,Import Quantity
Sierra Leone,1994,40,Import Quantity
Singapore,1994,7062,Import Quantity
Slovakia,1994,669,Import Quantity
Slovenia,1994,77,Import Quantity
Solomon Islands,1994,6,Import Quantity
Somalia,1994,2300,Import Quantity
South Africa,1994,11578,Import Quantity
South Korea,1994,302,Import Quantity
Spain,1994,1325,Import Quantity
Sri Lanka,1994,825,Import Quantity
Sudan,1994,16326,Import Quantity
Suriname,1994,80,Import Quantity
Sweden,1994,3213,Import Quantity
Switzerland,1994,3528,Import Quantity
Syria,1994,23518,Import Quantity
Tajikistan,1994,600,Import Quantity
Thailand,1994,703,Import Quantity
Timor-Leste,1994,150,Import Quantity
Togo,1994,6,Import Quantity
Tonga,1994,18,Import Quantity
Trinidad and Tobago,1994,208,Import Quantity
Tunisia,1994,12931,Import Quantity
Turkmenistan,1994,907,Import Quantity
Tuvalu,1994,2,Import Quantity
Türkiye,1994,1233,Import Quantity
Uganda,1994,10,Import Quantity
Ukraine,1994,6856,Import Quantity
United Arab Emirates,1994,40429,Import Quantity
United Kingdom,1994,182746,Import Quantity
United States,1994,96216,Import Quantity
Uruguay,1994,661,Import Quantity
Uzbekistan,1994,28588,Import Quantity
Vanuatu,1994,21,Import Quantity
Venzuela,1994,131,Import Quantity
Yemen,1994,7792,Import Quantity
Zambia,1994,97,Import Quantity
Zimbabwe,1994,3,Import Quantity
Afghanistan,1995,19000,Import Quantity
Algeria,1995,3521,Import Quantity
Angola,1995,30,Import Quantity
Antigua and Barbuda,1995,10,Import Quantity
Argentina,1995,269,Import Quantity
Armenia,1995,129,Import Quantity
Australia,1995,15300,Import Quantity
Austria,1995,2276,Import Quantity
Azerbaijan,1995,3975,Import Quantity
Bahamas,1995,50,Import Quantity
Bahrain,1995,1000,Import Quantity
Bangladesh,1995,59,Import Quantity
Barbados,1995,99,Import Quantity
Belarus,1995,1662,Import Quantity
Belgium-Luxembourg,1995,4584,Import Quantity
Belize,1995,33,Import Quantity
Benin,1995,15,Import Quantity
Bhutan,1995,160,Import Quantity
Bolivia,1995,183,Import Quantity
Bosnia and Herzegovina,1995,35,Import Quantity
Botswana,1995,1255,Import Quantity
Brazil,1995,193,Import Quantity
Brunei,1995,160,Import Quantity
Bulgaria,1995,369,Import Quantity
Burkina Faso,1995,122,Import Quantity
Cabo Verde,1995,5,Import Quantity
Cameroon,1995,65,Import Quantity
Canada,1995,13299,Import Quantity
Central African Republic,1995,2,Import Quantity
Chad,1995,834,Import Quantity
Chile,1995,13788,Import Quantity
"China, Hong Kong SAR",1995,22929,Import Quantity
"China, Macao SAR",1995,500,Import Quantity
"China, Mainland",1995,2295,Import Quantity
"China, Taiwan Province of",1995,8066,Import Quantity
Colombia,1995,106,Import Quantity
Comoros,1995,3,Import Quantity
Congo (Brazzaville),1995,23,Import Quantity
Cook Islands,1995,3,Import Quantity
Costa Rica,1995,209,Import Quantity
Croatia,1995,159,Import Quantity
Cuba,1995,200,Import Quantity
Cyprus,1995,134,Import Quantity
Czechia,1995,1833,Import Quantity
Côte d'Ivoire,1995,412,Import Quantity
DR Congo (Brazzaville),1995,4,Import Quantity
Denmark,1995,2020,Import Quantity
Djibouti,1995,350,Import Quantity
Dominica,1995,4,Import Quantity
Dominican Republic,1995,5,Import Quantity
Ecuador,1995,10,Import Quantity
Egypt,1995,79965,Import Quantity
El Salvador,1995,78,Import Quantity
Estonia,1995,494,Import Quantity
Eswatini,1995,600,Import Quantity
Ethiopia,1995,3,Import Quantity
Faroe Islands,1995,75,Import Quantity
Fiji,1995,556,Import Quantity
Finland,1995,1123,Import Quantity
France,1995,14202,Import Quantity
French Polynesia,1995,29,Import Quantity
Gabon,1995,82,Import Quantity
Gambia,1995,517,Import Quantity
Georgia,1995,200,Import Quantity
Germany,1995,30980,Import Quantity
Ghana,1995,170,Import Quantity
Greece,1995,509,Import Quantity
Grenada,1995,9,Import Quantity
Guatemala,1995,43,Import Quantity
Guinea,1995,208,Import Quantity
Guyana,1995,80,Import Quantity
Honduras,1995,42,Import Quantity
Hungary,1995,1267,Import Quantity
Iceland,1995,50,Import Quantity
India,1995,558,Import Quantity
Indonesia,1995,262,Import Quantity
Iran,1995,31200,Import Quantity
Iraq,1995,15600,Import Quantity
Ireland,1995,11128,Import Quantity
Israel,1995,2600,Import Quantity
Italy,1995,4983,Import Quantity
Jamaica,1995,140,Import Quantity
Japan,1995,45476,Import Quantity
Jordan,1995,5153,Import Quantity
Kazakhstan,1995,13038,Import Quantity
Kenya,1995,1401,Import Quantity
Kiribati,1995,52,Import Quantity
Kuwait,1995,5050,Import Quantity
Laos,1995,27,Import Quantity
Latvia,1995,212,Import Quantity
Lebanon,1995,2000,Import Quantity
Lesotho,1995,700,Import Quantity
Liberia,1995,1700,Import Quantity
Libya,1995,17181,Import Quantity
Lithuania,1995,619,Import Quantity
Madagascar,1995,3,Import Quantity
Malaysia,1995,7891,Import Quantity
Maldives,1995,219,Import Quantity
Mali,1995,6700,Import Quantity
Malta,1995,492,Import Quantity
Mauritania,1995,1250,Import Quantity
Mauritius,1995,10,Import Quantity
Mexico,1995,311,Import Quantity
Moldova,1995,115,Import Quantity
Mongolia,1995,900,Import Quantity
Morocco,1995,37628,Import Quantity
Nepal,1995,655,Import Quantity
Netherlands,1995,26334,Import Quantity
New Caledonia,1995,50,Import Quantity
New Zealand,1995,4344,Import Quantity
Nicaragua,1995,33,Import Quantity
Niger,1995,556,Import Quantity
Nigeria,1995,18782,Import Quantity
North Macedonia,1995,575,Import Quantity
Norway,1995,866,Import Quantity
Oman,1995,2433,Import Quantity
Pakistan,1995,116633,Import Quantity
Palestine,1995,1000,Import Quantity
Panama,1995,220,Import Quantity
Papua New Guinea,1995,40,Import Quantity
Paraguay,1995,85,Import Quantity
Philippines,1995,234,Import Quantity
Poland,1995,32553,Import Quantity
Portugal,1995,367,Import Quantity
Qatar,1995,1341,Import Quantity
Romania,1995,145,Import Quantity
Russia,1995,147491,Import Quantity
Saint Kitts and Nevis,1995,4,Import Quantity
Saint Lucia,1995,31,Import Quantity
Saint Vincent and the Grenadines,1995,6,Import Quantity
Samoa,1995,40,Import Quantity
Saudi Arabia,1995,10976,Import Quantity
Senegal,1995,3657,Import Quantity
Seychelles,1995,48,Import Quantity
Sierra Leone,1995,30,Import Quantity
Singapore,1995,6268,Import Quantity
Slovakia,1995,596,Import Quantity
Slovenia,1995,52,Import Quantity
Solomon Islands,1995,13,Import Quantity
Somalia,1995,3700,Import Quantity
South Africa,1995,13248,Import Quantity
South Korea,1995,117,Import Quantity
Spain,1995,1805,Import Quantity
Sri Lanka,1995,792,Import Quantity
Sudan,1995,15566,Import Quantity
Suriname,1995,82,Import Quantity
Sweden,1995,3080,Import Quantity
Switzerland,1995,3542,Import Quantity
Syria,1995,16598,Import Quantity
Tajikistan,1995,650,Import Quantity
Tanzania,1995,70,Import Quantity
Thailand,1995,551,Import Quantity
Timor-Leste,1995,150,Import Quantity
Togo,1995,5,Import Quantity
Tonga,1995,16,Import Quantity
Trinidad and Tobago,1995,185,Import Quantity
Tunisia,1995,7325,Import Quantity
Turkmenistan,1995,18696,Import Quantity
Tuvalu,1995,2,Import Quantity
Türkiye,1995,1452,Import Quantity
Uganda,1995,9,Import Quantity
Ukraine,1995,8723,Import Quantity
United Arab Emirates,1995,34637,Import Quantity
United Kingdom,1995,169698,Import Quantity
United States,1995,83323,Import Quantity
Uruguay,1995,768,Import Quantity
Uzbekistan,1995,10524,Import Quantity
Vanuatu,1995,2,Import Quantity
Venzuela,1995,156,Import Quantity
Yemen,1995,8265,Import Quantity
Zambia,1995,95,Import Quantity
Zimbabwe,1995,88,Import Quantity
Afghanistan,1998,24000,Import Quantity
Albania,1998,129,Import Quantity
Algeria,1998,7973,Import Quantity
Angola,1998,50,Import Quantity
Argentina,1998,456,Import Quantity
Armenia,1998,105,Import Quantity
Australia,1998,19000,Import Quantity
Austria,1998,2326,Import Quantity
Azerbaijan,1998,7000,Import Quantity
Bahamas,1998,100,Import Quantity
Bahrain,1998,250,Import Quantity
Bangladesh,1998,1,Import Quantity
Barbados,1998,36,Import Quantity
Belarus,1998,1975,Import Quantity
Belgium-Luxembourg,1998,7144,Import Quantity
Belize,1998,45,Import Quantity
Benin,1998,65,Import Quantity
Bhutan,1998,115,Import Quantity
Bolivia,1998,272,Import Quantity
Bosnia and Herzegovina,1998,50,Import Quantity
Botswana,1998,1661,Import Quantity
Brazil,1998,432,Import Quantity
Brunei,1998,185,Import Quantity
Bulgaria,1998,262,Import Quantity
Burkina Faso,1998,223,Import Quantity
Cabo Verde,1998,8,Import Quantity
Cambodia,1998,19,Import Quantity
Cameroon,1998,27,Import Quantity
Canada,1998,17310,Import Quantity
Central African Republic,1998,4,Import Quantity
Chad,1998,834,Import Quantity
Chile,1998,14574,Import Quantity
"China, Hong Kong SAR",1998,16308,Import Quantity
"China, Macao SAR",1998,488,Import Quantity
"China, Mainland",1998,1186,Import Quantity
"China, Taiwan Province of",1998,8707,Import Quantity
Colombia,1998,75,Import Quantity
Congo (Brazzaville),1998,120,Import Quantity
Cook Islands,1998,4,Import Quantity
Costa Rica,1998,455,Import Quantity
Croatia,1998,30,Import Quantity
Cuba,1998,200,Import Quantity
Cyprus,1998,222,Import Quantity
Czechia,1998,2238,Import Quantity
Côte d'Ivoire,1998,517,Import Quantity
DR Congo (Brazzaville),1998,230,Import Quantity
Denmark,1998,1875,Import Quantity
Djibouti,1998,453,Import Quantity
Dominica,1998,10,Import Quantity
Dominican Republic,1998,5,Import Quantity
Ecuador,1998,5,Import Quantity
Egypt,1998,65457,Import Quantity
El Salvador,1998,137,Import Quantity
Eritrea,1998,400,Import Quantity
Estonia,1998,1354,Import Quantity
Eswatini,1998,1047,Import Quantity
Ethiopia,1998,142,Import Quantity
Faroe Islands,1998,74,Import Quantity
Fiji,1998,1191,Import Quantity
Finland,1998,1221,Import Quantity
France,1998,15489,Import Quantity
French Polynesia,1998,34,Import Quantity
Gabon,1998,67,Import Quantity
Gambia,1998,4200,Import Quantity
Germany,1998,38664,Import Quantity
Ghana,1998,539,Import Quantity
Greece,1998,470,Import Quantity
Grenada,1998,14,Import Quantity
Guatemala,1998,310,Import Quantity
Guinea,1998,299,Import Quantity
Guyana,1998,173,Import Quantity
Honduras,1998,203,Import Quantity
Hungary,1998,1619,Import Quantity
Iceland,1998,44,Import Quantity
India,1998,9058,Import Quantity
Indonesia,1998,3994,Import Quantity
Iran,1998,7777,Import Quantity
Iraq,1998,22981,Import Quantity
Ireland,1998,10502,Import Quantity
Israel,1998,2300,Import Quantity
Italy,1998,5005,Import Quantity
Jamaica,1998,100,Import Quantity
Japan,1998,45442,Import Quantity
Jordan,1998,5163,Import Quantity
Kazakhstan,1998,17675,Import Quantity
Kenya,1998,6,Import Quantity
Kiribati,1998,40,Import Quantity
Kuwait,1998,5644,Import Quantity
Kyrgyzstan,1998,5615,Import Quantity
Laos,1998,12,Import Quantity
Latvia,1998,1073,Import Quantity
Lebanon,1998,3178,Import Quantity
Lesotho,1998,300,Import Quantity
Liberia,1998,710,Import Quantity
Libya,1998,18000,Import Quantity
Lithuania,1998,1866,Import Quantity
Madagascar,1998,3,Import Quantity
Malawi,1998,41,Import Quantity
Malaysia,1998,7493,Import Quantity
Maldives,1998,321,Import Quantity
Mali,1998,10062,Import Quantity
Malta,1998,608,Import Quantity
Mauritania,1998,1930,Import Quantity
Mauritius,1998,20,Import Quantity
Mexico,1998,132,Import Quantity
Moldova,1998,191,Import Quantity
Mongolia,1998,1300,Import Quantity
Morocco,1998,40613,Import Quantity
Myanmar,1998,55,Import Quantity
Namibia,1998,955,Import Quantity
Nepal,1998,454,Import Quantity
Netherlands,1998,26184,Import Quantity
New Caledonia,1998,87,Import Quantity
New Zealand,1998,4135,Import Quantity
Nicaragua,1998,139,Import Quantity
Niger,1998,1670,Import Quantity
Nigeria,1998,7000,Import Quantity
North Macedonia,1998,636,Import Quantity
Norway,1998,1124,Import Quantity
Oman,1998,4438,Import Quantity
Pakistan,1998,111559,Import Quantity
Palestine,1998,2521,Import Quantity
Panama,1998,294,Import Quantity
Papua New Guinea,1998,36,Import Quantity
Paraguay,1998,170,Import Quantity
Peru,1998,81,Import Quantity
Philippines,1998,242,Import Quantity
Poland,1998,36569,Import Quantity
Portugal,1998,294,Import Quantity
Qatar,1998,1341,Import Quantity
Romania,1998,199,Import Quantity
Russia,1998,150225,Import Quantity
Saint Kitts and Nevis,1998,20,Import Quantity
Saint Lucia,1998,41,Import Quantity
Saint Vincent and the Grenadines,1998,10,Import Quantity
Samoa,1998,40,Import Quantity
Saudi Arabia,1998,10714,Import Quantity
Senegal,1998,4161,Import Quantity
Seychelles,1998,45,Import Quantity
Sierra Leone,1998,60,Import Quantity
Singapore,1998,5434,Import Quantity
Slovakia,1998,592,Import Quantity
Slovenia,1998,38,Import Quantity
Solomon Islands,1998,1,Import Quantity
Somalia,1998,2600,Import Quantity
South Africa,1998,13692,Import Quantity
South Korea,1998,166,Import Quantity
Spain,1998,1119,Import Quantity
Sri Lanka,1998,4616,Import Quantity
Sudan,1998,22724,Import Quantity
Suriname,1998,60,Import Quantity
Sweden,1998,3532,Import Quantity
Switzerland,1998,3499,Import Quantity
Syria,1998,19109,Import Quantity
Tajikistan,1998,800,Import Quantity
Tanzania,1998,31,Import Quantity
Thailand,1998,455,Import Quantity
Timor-Leste,1998,150,Import Quantity
Togo,1998,28,Import Quantity
Tonga,1998,22,Import Quantity
Trinidad and Tobago,1998,206,Import Quantity
Tunisia,1998,11471,Import Quantity
Turkmenistan,1998,2800,Import Quantity
Tuvalu,1998,1,Import Quantity
Türkiye,1998,2429,Import Quantity
Uganda,1998,39,Import Quantity
Ukraine,1998,12947,Import Quantity
United Arab Emirates,1998,71300,Import Quantity
United Kingdom,1998,175829,Import Quantity
United States,1998,96646,Import Quantity
Uruguay,1998,613,Import Quantity
Uzbekistan,1998,9200,Import Quantity
Vanuatu,1998,10,Import Quantity
Venzuela,1998,235,Import Quantity
Yemen,1998,7670,Import Quantity
Zambia,1998,110,Import Quantity
Zimbabwe,1998,125,Import Quantity
Afghanistan,1997,26000,Import Quantity
Albania,1997,114,Import Quantity
Algeria,1997,3235,Import Quantity
Angola,1997,20,Import Quantity
Antigua and Barbuda,1997,2,Import Quantity
Argentina,1997,276,Import Quantity
Armenia,1997,98,Import Quantity
Australia,1997,18000,Import Quantity
Austria,1997,2055,Import Quantity
Azerbaijan,1997,6348,Import Quantity
Bahamas,1997,163,Import Quantity
Bahrain,1997,833,Import Quantity
Bangladesh,1997,7,Import Quantity
Barbados,1997,185,Import Quantity
Belarus,1997,1498,Import Quantity
Belgium-Luxembourg,1997,5817,Import Quantity
Belize,1997,30,Import Quantity
Benin,1997,36,Import Quantity
Bhutan,1997,115,Import Quantity
Bolivia,1997,422,Import Quantity
Bosnia and Herzegovina,1997,30,Import Quantity
Botswana,1997,2477,Import Quantity
Brazil,1997,420,Import Quantity
Brunei,1997,165,Import Quantity
Bulgaria,1997,101,Import Quantity
Burkina Faso,1997,30,Import Quantity
Cabo Verde,1997,4,Import Quantity
Cambodia,1997,70,Import Quantity
Cameroon,1997,30,Import Quantity
Canada,1997,16913,Import Quantity
Chad,1997,834,Import Quantity
Chile,1997,12413,Import Quantity
"China, Hong Kong SAR",1997,16217,Import Quantity
"China, Macao SAR",1997,680,Import Quantity
"China, Mainland",1997,911,Import Quantity
"China, Taiwan Province of",1997,7694,Import Quantity
Colombia,1997,64,Import Quantity
Comoros,1997,1,Import Quantity
Congo (Brazzaville),1997,10,Import Quantity
Cook Islands,1997,96,Import Quantity
Costa Rica,1997,370,Import Quantity
Croatia,1997,79,Import Quantity
Cuba,1997,200,Import Quantity
Cyprus,1997,182,Import Quantity
Czechia,1997,2055,Import Quantity
Côte d'Ivoire,1997,553,Import Quantity
DR Congo (Brazzaville),1997,50,Import Quantity
Denmark,1997,2459,Import Quantity
Djibouti,1997,980,Import Quantity
Dominica,1997,8,Import Quantity
Dominican Republic,1997,20,Import Quantity
Ecuador,1997,30,Import Quantity
Egypt,1997,77892,Import Quantity
El Salvador,1997,84,Import Quantity
Eritrea,1997,100,Import Quantity
Estonia,1997,774,Import Quantity
Eswatini,1997,752,Import Quantity
Ethiopia,1997,25,Import Quantity
Faroe Islands,1997,74,Import Quantity
Fiji,1997,628,Import Quantity
Finland,1997,1772,Import Quantity
France,1997,18421,Import Quantity
French Polynesia,1997,24,Import Quantity
Gabon,1997,58,Import Quantity
Gambia,1997,3500,Import Quantity
Georgia,1997,50,Import Quantity
Germany,1997,34976,Import Quantity
Ghana,1997,270,Import Quantity
Greece,1997,493,Import Quantity
Grenada,1997,4,Import Quantity
Guatemala,1997,90,Import Quantity
Guinea,1997,309,Import Quantity
Guyana,1997,153,Import Quantity
Honduras,1997,95,Import Quantity
Hungary,1997,1775,Import Quantity
Iceland,1997,40,Import Quantity
India,1997,2608,Import Quantity
Indonesia,1997,2819,Import Quantity
Iran,1997,9401,Import Quantity
Iraq,1997,16000,Import Quantity
Ireland,1997,11573,Import Quantity
Israel,1997,2200,Import Quantity
Italy,1997,4843,Import Quantity
Jamaica,1997,177,Import Quantity
Japan,1997,52417,Import Quantity
Jordan,1997,5889,Import Quantity
Kazakhstan,1997,9246,Import Quantity
Kenya,1997,345,Import Quantity
Kiribati,1997,45,Import Quantity
Kuwait,1997,5224,Import Quantity
Kyrgyzstan,1997,3945,Import Quantity
Laos,1997,5,Import Quantity
Latvia,1997,796,Import Quantity
Lebanon,1997,2639,Import Quantity
Lesotho,1997,400,Import Quantity
Liberia,1997,40,Import Quantity
Libya,1997,15000,Import Quantity
Lithuania,1997,1304,Import Quantity
Madagascar,1997,3,Import Quantity
Malawi,1997,12,Import Quantity
Malaysia,1997,6700,Import Quantity
Maldives,1997,236,Import Quantity
Mali,1997,5859,Import Quantity
Malta,1997,485,Import Quantity
Mauritania,1997,730,Import Quantity
Mauritius,1997,10,Import Quantity
Mexico,1997,192,Import Quantity
Moldova,1997,147,Import Quantity
Mongolia,1997,1010,Import Quantity
Morocco,1997,35016,Import Quantity
Myanmar,1997,140,Import Quantity
Namibia,1997,834,Import Quantity
Nepal,1997,760,Import Quantity
Netherlands,1997,26805,Import Quantity
New Caledonia,1997,130,Import Quantity
New Zealand,1997,4177,Import Quantity
Nicaragua,1997,51,Import Quantity
Niger,1997,1696,Import Quantity
Nigeria,1997,5800,Import Quantity
North Macedonia,1997,636,Import Quantity
Norway,1997,1281,Import Quantity
Oman,1997,3492,Import Quantity
Pakistan,1997,85426,Import Quantity
Palestine,1997,2828,Import Quantity
Panama,1997,262,Import Quantity
Papua New Guinea,1997,50,Import Quantity
Paraguay,1997,249,Import Quantity
Philippines,1997,588,Import Quantity
Poland,1997,34339,Import Quantity
Portugal,1997,326,Import Quantity
Qatar,1997,1341,Import Quantity
Romania,1997,113,Import Quantity
Russia,1997,158162,Import Quantity
Rwanda,1997,1,Import Quantity
Saint Kitts and Nevis,1997,6,Import Quantity
Saint Lucia,1997,22,Import Quantity
Saint Vincent and the Grenadines,1997,7,Import Quantity
Samoa,1997,40,Import Quantity
Saudi Arabia,1997,9932,Import Quantity
Senegal,1997,3614,Import Quantity
Seychelles,1997,64,Import Quantity
Sierra Leone,1997,60,Import Quantity
Singapore,1997,5564,Import Quantity
Slovakia,1997,493,Import Quantity
Slovenia,1997,46,Import Quantity
Solomon Islands,1997,1,Import Quantity
Somalia,1997,2200,Import Quantity
South Africa,1997,15047,Import Quantity
South Korea,1997,188,Import Quantity
Spain,1997,929,Import Quantity
Sri Lanka,1997,4226,Import Quantity
Sudan,1997,24604,Import Quantity
Suriname,1997,96,Import Quantity
Sweden,1997,3488,Import Quantity
Switzerland,1997,3136,Import Quantity
Syria,1997,18058,Import Quantity
Tajikistan,1997,600,Import Quantity
Tanzania,1997,104,Import Quantity
Thailand,1997,500,Import Quantity
Timor-Leste,1997,150,Import Quantity
Togo,1997,15,Import Quantity
Tonga,1997,14,Import Quantity
Trinidad and Tobago,1997,570,Import Quantity
Tunisia,1997,12031,Import Quantity
Turkmenistan,1997,793,Import Quantity
Türkiye,1997,2396,Import Quantity
Uganda,1997,4,Import Quantity
Ukraine,1997,12831,Import Quantity
United Arab Emirates,1997,30000,Import Quantity
United Kingdom,1997,181758,Import Quantity
United States,1997,81216,Import Quantity
Uruguay,1997,640,Import Quantity
Uzbekistan,1997,15000,Import Quantity
Vanuatu,1997,5,Import Quantity
Venzuela,1997,165,Import Quantity
Yemen,1997,6639,Import Quantity
Zambia,1997,182,Import Quantity
Zimbabwe,1997,41,Import Quantity
Afghanistan,1996,11000,Import Quantity
Albania,1996,31,Import Quantity
Algeria,1996,4575,Import Quantity
Angola,1996,20,Import Quantity
Antigua and Barbuda,1996,10,Import Quantity
Argentina,1996,400,Import Quantity
Armenia,1996,44,Import Quantity
Australia,1996,17680,Import Quantity
Austria,1996,2109,Import Quantity
Azerbaijan,1996,8109,Import Quantity
Bahamas,1996,30,Import Quantity
Bahrain,1996,1000,Import Quantity
Bangladesh,1996,3,Import Quantity
Barbados,1996,99,Import Quantity
Belarus,1996,999,Import Quantity
Belgium-Luxembourg,1996,5323,Import Quantity
Belize,1996,28,Import Quantity
Benin,1996,35,Import Quantity
Bhutan,1996,140,Import Quantity
Bolivia,1996,307,Import Quantity
Bosnia and Herzegovina,1996,100,Import Quantity
Botswana,1996,1541,Import Quantity
Brazil,1996,344,Import Quantity
Brunei,1996,160,Import Quantity
Bulgaria,1996,255,Import Quantity
Burkina Faso,1996,98,Import Quantity
Cabo Verde,1996,3,Import Quantity
Cambodia,1996,42,Import Quantity
Cameroon,1996,52,Import Quantity
Canada,1996,13746,Import Quantity
Chad,1996,3809,Import Quantity
Chile,1996,13642,Import Quantity
"China, Hong Kong SAR",1996,19388,Import Quantity
"China, Macao SAR",1996,556,Import Quantity
"China, Mainland",1996,1616,Import Quantity
"China, Taiwan Province of",1996,7365,Import Quantity
Colombia,1996,148,Import Quantity
Comoros,1996,8,Import Quantity
Congo (Brazzaville),1996,10,Import Quantity
Cook Islands,1996,10,Import Quantity
Costa Rica,1996,47,Import Quantity
Croatia,1996,204,Import Quantity
Cuba,1996,200,Import Quantity
Cyprus,1996,183,Import Quantity
Czechia,1996,2052,Import Quantity
Côte d'Ivoire,1996,416,Import Quantity
DR Congo (Brazzaville),1996,30,Import Quantity
Denmark,1996,1920,Import Quantity
Djibouti,1996,350,Import Quantity
Dominica,1996,3,Import Quantity
Dominican Republic,1996,10,Import Quantity
Ecuador,1996,17,Import Quantity
Egypt,1996,65041,Import Quantity
El Salvador,1996,53,Import Quantity
Eritrea,1996,110,Import Quantity
Estonia,1996,662,Import Quantity
Eswatini,1996,600,Import Quantity
Ethiopia,1996,2,Import Quantity
Faroe Islands,1996,78,Import Quantity
Fiji,1996,528,Import Quantity
Finland,1996,1885,Import Quantity
France,1996,17609,Import Quantity
French Polynesia,1996,40,Import Quantity
Gabon,1996,78,Import Quantity
Gambia,1996,438,Import Quantity
Georgia,1996,224,Import Quantity
Germany,1996,38856,Import Quantity
Ghana,1996,313,Import Quantity
Greece,1996,625,Import Quantity
Grenada,1996,6,Import Quantity
Guatemala,1996,50,Import Quantity
Guinea,1996,292,Import Quantity
Guyana,1996,100,Import Quantity
Honduras,1996,71,Import Quantity
Hungary,1996,1596,Import Quantity
Iceland,1996,38,Import Quantity
India,1996,1228,Import Quantity
Indonesia,1996,190,Import Quantity
Iran,1996,27300,Import Quantity
Iraq,1996,10000,Import Quantity
Ireland,1996,12243,Import Quantity
Israel,1996,2500,Import Quantity
Italy,1996,4693,Import Quantity
Jamaica,1996,202,Import Quantity
Japan,1996,48522,Import Quantity
Jordan,1996,5900,Import Quantity
Kazakhstan,1996,11738,Import Quantity
Kenya,1996,55,Import Quantity
Kiribati,1996,60,Import Quantity
Kuwait,1996,4278,Import Quantity
Kyrgyzstan,1996,1224,Import Quantity
Laos,1996,155,Import Quantity
Latvia,1996,519,Import Quantity
Lebanon,1996,2600,Import Quantity
Lesotho,1996,420,Import Quantity
Liberia,1996,3000,Import Quantity
Libya,1996,6800,Import Quantity
Lithuania,1996,1292,Import Quantity
Madagascar,1996,7,Import Quantity
Malaysia,1996,8577,Import Quantity
Maldives,1996,300,Import Quantity
Mali,1996,7775,Import Quantity
Malta,1996,573,Import Quantity
Mauritania,1996,1200,Import Quantity
Mauritius,1996,8,Import Quantity
Mexico,1996,257,Import Quantity
Moldova,1996,147,Import Quantity
Mongolia,1996,900,Import Quantity
Morocco,1996,28399,Import Quantity
Myanmar,1996,280,Import Quantity
Nepal,1996,475,Import Quantity
Netherlands,1996,21971,Import Quantity
New Caledonia,1996,119,Import Quantity
New Zealand,1996,4610,Import Quantity
Nicaragua,1996,51,Import Quantity
Niger,1996,1236,Import Quantity
Nigeria,1996,7100,Import Quantity
North Macedonia,1996,826,Import Quantity
Norway,1996,1128,Import Quantity
Oman,1996,2838,Import Quantity
Pakistan,1996,114760,Import Quantity
Palestine,1996,2060,Import Quantity
Panama,1996,311,Import Quantity
Papua New Guinea,1996,38,Import Quantity
Paraguay,1996,44,Import Quantity
Peru,1996,85,Import Quantity
Philippines,1996,357,Import Quantity
Poland,1996,33189,Import Quantity
Portugal,1996,213,Import Quantity
Qatar,1996,1341,Import Quantity
Romania,1996,103,Import Quantity
Russia,1996,118520,Import Quantity
Rwanda,1996,1,Import Quantity
Saint Kitts and Nevis,1996,6,Import Quantity
Saint Lucia,1996,19,Import Quantity
Saint Vincent and the Grenadines,1996,2,Import Quantity
Samoa,1996,20,Import Quantity
Saudi Arabia,1996,10706,Import Quantity
Senegal,1996,4874,Import Quantity
Seychelles,1996,52,Import Quantity
Sierra Leone,1996,60,Import Quantity
Singapore,1996,5391,Import Quantity
Slovakia,1996,663,Import Quantity
Slovenia,1996,51,Import Quantity
Solomon Islands,1996,20,Import Quantity
Somalia,1996,3200,Import Quantity
South Africa,1996,13205,Import Quantity
South Korea,1996,253,Import Quantity
Spain,1996,1309,Import Quantity
Sri Lanka,1996,4085,Import Quantity
Sudan,1996,25292,Import Quantity
Suriname,1996,122,Import Quantity
Sweden,1996,3202,Import Quantity
Switzerland,1996,2909,Import Quantity
Syria,1996,21074,Import Quantity
Tajikistan,1996,458,Import Quantity
Tanzania,1996,161,Import Quantity
Thailand,1996,754,Import Quantity
Timor-Leste,1996,150,Import Quantity
Togo,1996,9,Import Quantity
Tonga,1996,15,Import Quantity
Trinidad and Tobago,1996,162,Import Quantity
Tunisia,1996,10720,Import Quantity
Turkmenistan,1996,8263,Import Quantity
Tuvalu,1996,2,Import Quantity
Türkiye,1996,2309,Import Quantity
Uganda,1996,1,Import Quantity
Ukraine,1996,11483,Import Quantity
United Arab Emirates,1996,40602,Import Quantity
United Kingdom,1996,180989,Import Quantity
United States,1996,89155,Import Quantity
Uruguay,1996,682,Import Quantity
Uzbekistan,1996,6000,Import Quantity
Vanuatu,1996,23,Import Quantity
Venzuela,1996,117,Import Quantity
Yemen,1996,7872,Import Quantity
Zambia,1996,140,Import Quantity
Zimbabwe,1996,26,Import Quantity
Afghanistan,2001,22000,Import Quantity
Albania,2001,151,Import Quantity
Algeria,2001,6699,Import Quantity
Angola,2001,120,Import Quantity
Antigua and Barbuda,2001,25,Import Quantity
Argentina,2001,410,Import Quantity
Armenia,2001,160,Import Quantity
Australia,2001,14984,Import Quantity
Austria,2001,2420,Import Quantity
Azerbaijan,2001,6541,Import Quantity
Bahamas,2001,176,Import Quantity
Bahrain,2001,846,Import Quantity
Bangladesh,2001,70,Import Quantity
Barbados,2001,170,Import Quantity
Belarus,2001,1523,Import Quantity
Belgium,2001,7534,Import Quantity
Belize,2001,5,Import Quantity
Benin,2001,70,Import Quantity
Bhutan,2001,237,Import Quantity
Bolivia,2001,556,Import Quantity
Bosnia and Herzegovina,2001,15,Import Quantity
Botswana,2001,1523,Import Quantity
Brazil,2001,232,Import Quantity
Brunei,2001,230,Import Quantity
Bulgaria,2001,78,Import Quantity
Burkina Faso,2001,335,Import Quantity
Cabo Verde,2001,8,Import Quantity
Cambodia,2001,27,Import Quantity
Cameroon,2001,58,Import Quantity
Canada,2001,19351,Import Quantity
Central African Republic,2001,2,Import Quantity
Chad,2001,600,Import Quantity
Chile,2001,13033,Import Quantity
"China, Hong Kong SAR",2001,15596,Import Quantity
"China, Macao SAR",2001,632,Import Quantity
"China, Mainland",2001,1688,Import Quantity
"China, Taiwan Province of",2001,15302,Import Quantity
Colombia,2001,58,Import Quantity
Comoros,2001,3,Import Quantity
Congo (Brazzaville),2001,125,Import Quantity
Cook Islands,2001,4,Import Quantity
Costa Rica,2001,290,Import Quantity
Croatia,2001,70,Import Quantity
Cuba,2001,163,Import Quantity
Cyprus,2001,130,Import Quantity
Czechia,2001,2498,Import Quantity
Côte d'Ivoire,2001,1649,Import Quantity
DR Congo (Brazzaville),2001,940,Import Quantity
Denmark,2001,2038,Import Quantity
Djibouti,2001,78,Import Quantity
Dominica,2001,2,Import Quantity
Dominican Republic,2001,60,Import Quantity
Ecuador,2001,14,Import Quantity
Egypt,2001,56403,Import Quantity
El Salvador,2001,130,Import Quantity
Eritrea,2001,570,Import Quantity
Estonia,2001,593,Import Quantity
Eswatini,2001,533,Import Quantity
Ethiopia,2001,129,Import Quantity
Faroe Islands,2001,67,Import Quantity
Fiji,2001,591,Import Quantity
Finland,2001,1235,Import Quantity
France,2001,17186,Import Quantity
French Polynesia,2001,26,Import Quantity
Gabon,2001,175,Import Quantity
Gambia,2001,926,Import Quantity
Georgia,2001,640,Import Quantity
Germany,2001,37758,Import Quantity
Ghana,2001,4633,Import Quantity
Greece,2001,655,Import Quantity
Grenada,2001,10,Import Quantity
Guatemala,2001,79,Import Quantity
Guinea,2001,517,Import Quantity
Guyana,2001,207,Import Quantity
Honduras,2001,189,Import Quantity
Hungary,2001,2117,Import Quantity
Iceland,2001,40,Import Quantity
India,2001,10275,Import Quantity
Indonesia,2001,2832,Import Quantity
Iran,2001,18070,Import Quantity
Iraq,2001,33000,Import Quantity
Ireland,2001,10654,Import Quantity
Israel,2001,1324,Import Quantity
Italy,2001,5096,Import Quantity
Jamaica,2001,165,Import Quantity
Japan,2001,60396,Import Quantity
Jordan,2001,5371,Import Quantity
Kazakhstan,2001,20197,Import Quantity
Kenya,2001,2488,Import Quantity
Kiribati,2001,45,Import Quantity
Kuwait,2001,5265,Import Quantity
Kyrgyzstan,2001,3503,Import Quantity
Laos,2001,7,Import Quantity
Latvia,2001,1085,Import Quantity
Lebanon,2001,3298,Import Quantity
Lesotho,2001,50,Import Quantity
Liberia,2001,250,Import Quantity
Libya,2001,21583,Import Quantity
Lithuania,2001,1375,Import Quantity
Luxembourg,2001,64,Import Quantity
Madagascar,2001,20,Import Quantity
Malawi,2001,34,Import Quantity
Malaysia,2001,11141,Import Quantity
Maldives,2001,247,Import Quantity
Mali,2001,8958,Import Quantity
Malta,2001,688,Import Quantity
Mauritania,2001,5000,Import Quantity
Mauritius,2001,10,Import Quantity
Mexico,2001,352,Import Quantity
Moldova,2001,504,Import Quantity
Mongolia,2001,2249,Import Quantity
Morocco,2001,37701,Import Quantity
Myanmar,2001,540,Import Quantity
Namibia,2001,675,Import Quantity
Nepal,2001,600,Import Quantity
Netherlands,2001,27436,Import Quantity
New Caledonia,2001,181,Import Quantity
New Zealand,2001,3016,Import Quantity
Nicaragua,2001,106,Import Quantity
Niger,2001,2301,Import Quantity
Nigeria,2001,6500,Import Quantity
North Macedonia,2001,627,Import Quantity
Norway,2001,1051,Import Quantity
Oman,2001,4837,Import Quantity
Pakistan,2001,106822,Import Quantity
Palestine,2001,2554,Import Quantity
Panama,2001,227,Import Quantity
Papua New Guinea,2001,27,Import Quantity
Paraguay,2001,110,Import Quantity
Peru,2001,267,Import Quantity
Philippines,2001,794,Import Quantity
Poland,2001,33102,Import Quantity
Portugal,2001,256,Import Quantity
Qatar,2001,1489,Import Quantity
Romania,2001,162,Import Quantity
Russia,2001,154448,Import Quantity
Saint Kitts and Nevis,2001,17,Import Quantity
Saint Lucia,2001,37,Import Quantity
Saint Vincent and the Grenadines,2001,6,Import Quantity
Samoa,2001,17,Import Quantity
Saudi Arabia,2001,20763,Import Quantity
Senegal,2001,5993,Import Quantity
Seychelles,2001,52,Import Quantity
Sierra Leone,2001,32,Import Quantity
Singapore,2001,5508,Import Quantity
Slovakia,2001,504,Import Quantity
Slovenia,2001,56,Import Quantity
Solomon Islands,2001,3,Import Quantity
Somalia,2001,1941,Import Quantity
South Africa,2001,15702,Import Quantity
South Korea,2001,390,Import Quantity
Spain,2001,2117,Import Quantity
Sri Lanka,2001,3645,Import Quantity
Sudan,2001,28963,Import Quantity
Suriname,2001,60,Import Quantity
Sweden,2001,3579,Import Quantity
Switzerland,2001,3775,Import Quantity
Syria,2001,22336,Import Quantity
Tajikistan,2001,4365,Import Quantity
Tanzania,2001,10,Import Quantity
Thailand,2001,575,Import Quantity
Timor-Leste,2001,150,Import Quantity
Togo,2001,17,Import Quantity
Tonga,2001,17,Import Quantity
Trinidad and Tobago,2001,203,Import Quantity
Tunisia,2001,12189,Import Quantity
Turkmenistan,2001,7000,Import Quantity
Tuvalu,2001,1,Import Quantity
Türkiye,2001,5365,Import Quantity
Uganda,2001,4,Import Quantity
Ukraine,2001,17854,Import Quantity
United Arab Emirates,2001,40000,Import Quantity
United Kingdom,2001,164016,Import Quantity
United States,2001,96668,Import Quantity
Uruguay,2001,562,Import Quantity
Uzbekistan,2001,25000,Import Quantity
Vanuatu,2001,5,Import Quantity
Venzuela,2001,211,Import Quantity
Yemen,2001,8590,Import Quantity
Zambia,2001,374,Import Quantity
Zimbabwe,2001,131,Import Quantity
Afghanistan,2003,46764,Import Quantity
Albania,2003,35,Import Quantity
Algeria,2003,8273,Import Quantity
Angola,2003,301,Import Quantity
Antigua and Barbuda,2003,3,Import Quantity
Argentina,2003,175,Import Quantity
Armenia,2003,193,Import Quantity
Australia,2003,14004,Import Quantity
Austria,2003,1843,Import Quantity
Azerbaijan,2003,4316,Import Quantity
Bahamas,2003,29,Import Quantity
Bahrain,2003,1086,Import Quantity
Bangladesh,2003,412,Import Quantity
Barbados,2003,158,Import Quantity
Belarus,2003,5468,Import Quantity
Belgium,2003,10025,Import Quantity
Belize,2003,188,Import Quantity
Benin,2003,55,Import Quantity
Bhutan,2003,36,Import Quantity
Bolivia,2003,531,Import Quantity
Bosnia and Herzegovina,2003,10,Import Quantity
Botswana,2003,883,Import Quantity
Brazil,2003,335,Import Quantity
Brunei,2003,231,Import Quantity
Bulgaria,2003,131,Import Quantity
Burkina Faso,2003,463,Import Quantity
Cabo Verde,2003,6,Import Quantity
Cambodia,2003,35,Import Quantity
Cameroon,2003,68,Import Quantity
Canada,2003,20983,Import Quantity
Central African Republic,2003,5,Import Quantity
Chad,2003,348,Import Quantity
Chile,2003,16446,Import Quantity
"China, Hong Kong SAR",2003,12410,Import Quantity
"China, Macao SAR",2003,666,Import Quantity
"China, Mainland",2003,2886,Import Quantity
"China, Taiwan Province of",2003,18514,Import Quantity
Colombia,2003,53,Import Quantity
Comoros,2003,39,Import Quantity
Congo (Brazzaville),2003,238,Import Quantity
Cook Islands,2003,4,Import Quantity
Costa Rica,2003,184,Import Quantity
Croatia,2003,100,Import Quantity
Cuba,2003,55,Import Quantity
Cyprus,2003,145,Import Quantity
Czechia,2003,2297,Import Quantity
Côte d'Ivoire,2003,1796,Import Quantity
DR Congo (Brazzaville),2003,790,Import Quantity
Denmark,2003,1880,Import Quantity
Djibouti,2003,384,Import Quantity
Dominica,2003,3,Import Quantity
Dominican Republic,2003,11,Import Quantity
Ecuador,2003,32,Import Quantity
Egypt,2003,38318,Import Quantity
El Salvador,2003,87,Import Quantity
Eritrea,2003,385,Import Quantity
Estonia,2003,459,Import Quantity
Eswatini,2003,559,Import Quantity
Ethiopia,2003,35,Import Quantity
Faroe Islands,2003,63,Import Quantity
Fiji,2003,630,Import Quantity
Finland,2003,1108,Import Quantity
France,2003,17726,Import Quantity
French Polynesia,2003,31,Import Quantity
Gabon,2003,101,Import Quantity
Gambia,2003,1851,Import Quantity
Georgia,2003,651,Import Quantity
Germany,2003,45787,Import Quantity
Ghana,2003,699,Import Quantity
Greece,2003,889,Import Quantity
Grenada,2003,7,Import Quantity
Guatemala,2003,85,Import Quantity
Guinea,2003,971,Import Quantity
Guinea-Bissau,2003,24,Import Quantity
Guyana,2003,1239,Import Quantity
Honduras,2003,271,Import Quantity
Hungary,2003,2220,Import Quantity
Iceland,2003,42,Import Quantity
India,2003,10661,Import Quantity
Indonesia,2003,4000,Import Quantity
Iran,2003,1,Import Quantity
Iraq,2003,12425,Import Quantity
Ireland,2003,14406,Import Quantity
Israel,2003,1899,Import Quantity
Italy,2003,6371,Import Quantity
Jamaica,2003,80,Import Quantity
Japan,2003,47354,Import Quantity
Jordan,2003,4424,Import Quantity
Kazakhstan,2003,21664,Import Quantity
Kenya,2003,10260,Import Quantity
Kiribati,2003,13,Import Quantity
Kuwait,2003,621,Import Quantity
Kyrgyzstan,2003,3922,Import Quantity
Latvia,2003,1044,Import Quantity
Lebanon,2003,2539,Import Quantity
Liberia,2003,49,Import Quantity
Libya,2003,10463,Import Quantity
Lithuania,2003,1205,Import Quantity
Luxembourg,2003,72,Import Quantity
Madagascar,2003,27,Import Quantity
Malawi,2003,480,Import Quantity
Malaysia,2003,12665,Import Quantity
Maldives,2003,244,Import Quantity
Mali,2003,8755,Import Quantity
Malta,2003,537,Import Quantity
Mauritania,2003,7521,Import Quantity
Mauritius,2003,11,Import Quantity
Mexico,2003,281,Import Quantity
Moldova,2003,678,Import Quantity
Mongolia,2003,2233,Import Quantity
Morocco,2003,44925,Import Quantity
Mozambique,2003,1219,Import Quantity
Myanmar,2003,1310,Import Quantity
Namibia,2003,886,Import Quantity
Nauru,2003,4,Import Quantity
Nepal,2003,406,Import Quantity
Netherlands,2003,26426,Import Quantity
New Caledonia,2003,114,Import Quantity
New Zealand,2003,2168,Import Quantity
Nicaragua,2003,135,Import Quantity
Niger,2003,4861,Import Quantity
Nigeria,2003,8965,Import Quantity
North Macedonia,2003,810,Import Quantity
Norway,2003,1313,Import Quantity
Oman,2003,8803,Import Quantity
Pakistan,2003,108147,Import Quantity
Palestine,2003,2000,Import Quantity
Panama,2003,259,Import Quantity
Papua New Guinea,2003,21,Import Quantity
Paraguay,2003,286,Import Quantity
Peru,2003,346,Import Quantity
Philippines,2003,660,Import Quantity
Poland,2003,30594,Import Quantity
Portugal,2003,364,Import Quantity
Qatar,2003,1985,Import Quantity
Romania,2003,275,Import Quantity
Russia,2003,168894,Import Quantity
Saint Kitts and Nevis,2003,8,Import Quantity
Saint Lucia,2003,63,Import Quantity
Saint Vincent and the Grenadines,2003,15,Import Quantity
Samoa,2003,27,Import Quantity
Sao Tome and Principe,2003,17,Import Quantity
Saudi Arabia,2003,22885,Import Quantity
Senegal,2003,6345,Import Quantity
Seychelles,2003,35,Import Quantity
Sierra Leone,2003,177,Import Quantity
Singapore,2003,3481,Import Quantity
Slovakia,2003,725,Import Quantity
Slovenia,2003,81,Import Quantity
Solomon Islands,2003,70,Import Quantity
Somalia,2003,4950,Import Quantity
South Africa,2003,16578,Import Quantity
South Korea,2003,482,Import Quantity
Spain,2003,4475,Import Quantity
Sri Lanka,2003,6241,Import Quantity
Sudan,2003,15742,Import Quantity
Suriname,2003,58,Import Quantity
Sweden,2003,3461,Import Quantity
Switzerland,2003,4187,Import Quantity
Syria,2003,29036,Import Quantity
Tajikistan,2003,4789,Import Quantity
Tanzania,2003,32,Import Quantity
Thailand,2003,845,Import Quantity
Timor-Leste,2003,150,Import Quantity
Togo,2003,125,Import Quantity
Tonga,2003,26,Import Quantity
Trinidad and Tobago,2003,527,Import Quantity
Tunisia,2003,9227,Import Quantity
Turkmenistan,2003,2200,Import Quantity
Tuvalu,2003,7,Import Quantity
Türkiye,2003,2455,Import Quantity
Uganda,2003,25,Import Quantity
Ukraine,2003,18285,Import Quantity
United Arab Emirates,2003,68588,Import Quantity
United Kingdom,2003,156636,Import Quantity
United States,2003,94174,Import Quantity
Uruguay,2003,598,Import Quantity
Uzbekistan,2003,2600,Import Quantity
Vanuatu,2003,25,Import Quantity
Venzuela,2003,85,Import Quantity
Yemen,2003,10984,Import Quantity
Zambia,2003,251,Import Quantity
Zimbabwe,2003,57,Import Quantity
Afghanistan,2000,19400,Import Quantity
Albania,2000,102,Import Quantity
Algeria,2000,5909,Import Quantity
Angola,2000,460,Import Quantity
Antigua and Barbuda,2000,34,Import Quantity
Argentina,2000,397,Import Quantity
Armenia,2000,127,Import Quantity
Australia,2000,16490,Import Quantity
Austria,2000,2497,Import Quantity
Azerbaijan,2000,2703,Import Quantity
Bahamas,2000,156,Import Quantity
Bahrain,2000,758,Import Quantity
Bangladesh,2000,200,Import Quantity
Barbados,2000,60,Import Quantity
Belarus,2000,2289,Import Quantity
Belgium,2000,8385,Import Quantity
Belize,2000,214,Import Quantity
Benin,2000,30,Import Quantity
Bhutan,2000,237,Import Quantity
Bolivia,2000,187,Import Quantity
Bosnia and Herzegovina,2000,44,Import Quantity
Botswana,2000,2184,Import Quantity
Brazil,2000,402,Import Quantity
Brunei,2000,580,Import Quantity
Bulgaria,2000,312,Import Quantity
Burkina Faso,2000,469,Import Quantity
Burundi,2000,1,Import Quantity
Cabo Verde,2000,11,Import Quantity
Cambodia,2000,37,Import Quantity
Cameroon,2000,208,Import Quantity
Canada,2000,18396,Import Quantity
Central African Republic,2000,18,Import Quantity
Chad,2000,600,Import Quantity
Chile,2000,11295,Import Quantity
"China, Hong Kong SAR",2000,15549,Import Quantity
"China, Macao SAR",2000,669,Import Quantity
"China, Mainland",2000,2449,Import Quantity
"China, Taiwan Province of",2000,12236,Import Quantity
Colombia,2000,68,Import Quantity
Comoros,2000,3,Import Quantity
Congo (Brazzaville),2000,61,Import Quantity
Cook Islands,2000,7,Import Quantity
Costa Rica,2000,319,Import Quantity
Croatia,2000,60,Import Quantity
Cuba,2000,89,Import Quantity
Cyprus,2000,180,Import Quantity
Czechia,2000,2140,Import Quantity
Côte d'Ivoire,2000,773,Import Quantity
DR Congo (Brazzaville),2000,510,Import Quantity
Denmark,2000,2026,Import Quantity
Djibouti,2000,550,Import Quantity
Dominica,2000,4,Import Quantity
Dominican Republic,2000,16,Import Quantity
Ecuador,2000,6,Import Quantity
Egypt,2000,71693,Import Quantity
El Salvador,2000,75,Import Quantity
Eritrea,2000,260,Import Quantity
Estonia,2000,575,Import Quantity
Eswatini,2000,752,Import Quantity
Ethiopia,2000,1412,Import Quantity
Faroe Islands,2000,60,Import Quantity
Fiji,2000,629,Import Quantity
Finland,2000,1129,Import Quantity
France,2000,17213,Import Quantity
French Polynesia,2000,32,Import Quantity
Gabon,2000,92,Import Quantity
Gambia,2000,1980,Import Quantity
Georgia,2000,698,Import Quantity
Germany,2000,35028,Import Quantity
Ghana,2000,2532,Import Quantity
Greece,2000,467,Import Quantity
Grenada,2000,10,Import Quantity
Guatemala,2000,121,Import Quantity
Guinea,2000,493,Import Quantity
Guinea-Bissau,2000,130,Import Quantity
Guyana,2000,263,Import Quantity
Honduras,2000,159,Import Quantity
Hungary,2000,1584,Import Quantity
Iceland,2000,42,Import Quantity
India,2000,7158,Import Quantity
Indonesia,2000,2632,Import Quantity
Iran,2000,18899,Import Quantity
Iraq,2000,21000,Import Quantity
Ireland,2000,11058,Import Quantity
Israel,2000,2239,Import Quantity
Italy,2000,5313,Import Quantity
Jamaica,2000,160,Import Quantity
Japan,2000,57966,Import Quantity
Jordan,2000,5530,Import Quantity
Kazakhstan,2000,18281,Import Quantity
Kenya,2000,196,Import Quantity
Kiribati,2000,45,Import Quantity
Kuwait,2000,4777,Import Quantity
Kyrgyzstan,2000,3620,Import Quantity
Laos,2000,3,Import Quantity
Latvia,2000,1241,Import Quantity
Lebanon,2000,2014,Import Quantity
Lesotho,2000,100,Import Quantity
Liberia,2000,215,Import Quantity
Libya,2000,12631,Import Quantity
Lithuania,2000,1386,Import Quantity
Luxembourg,2000,53,Import Quantity
Madagascar,2000,11,Import Quantity
Malawi,2000,9,Import Quantity
Malaysia,2000,9417,Import Quantity
Maldives,2000,260,Import Quantity
Mali,2000,8584,Import Quantity
Malta,2000,480,Import Quantity
Mauritania,2000,5506,Import Quantity
Mauritius,2000,15,Import Quantity
Mexico,2000,332,Import Quantity
Moldova,2000,359,Import Quantity
Mongolia,2000,1718,Import Quantity
Morocco,2000,42149,Import Quantity
Myanmar,2000,600,Import Quantity
Namibia,2000,670,Import Quantity
Nepal,2000,500,Import Quantity
Netherlands,2000,23852,Import Quantity
New Caledonia,2000,80,Import Quantity
New Zealand,2000,4125,Import Quantity
Nicaragua,2000,92,Import Quantity
Niger,2000,2354,Import Quantity
Nigeria,2000,7936,Import Quantity
North Macedonia,2000,826,Import Quantity
Norway,2000,1085,Import Quantity
Oman,2000,3635,Import Quantity
Pakistan,2000,111426,Import Quantity
Palestine,2000,126,Import Quantity
Panama,2000,295,Import Quantity
Papua New Guinea,2000,13,Import Quantity
Paraguay,2000,48,Import Quantity
Peru,2000,78,Import Quantity
Philippines,2000,382,Import Quantity
Poland,2000,30178,Import Quantity
Portugal,2000,372,Import Quantity
Qatar,2000,1226,Import Quantity
Romania,2000,185,Import Quantity
Russia,2000,158393,Import Quantity
Saint Kitts and Nevis,2000,11,Import Quantity
Saint Lucia,2000,47,Import Quantity
Saint Vincent and the Grenadines,2000,1,Import Quantity
Samoa,2000,10,Import Quantity
Saudi Arabia,2000,23689,Import Quantity
Senegal,2000,5772,Import Quantity
Seychelles,2000,54,Import Quantity
Sierra Leone,2000,32,Import Quantity
Singapore,2000,6195,Import Quantity
Slovakia,2000,760,Import Quantity
Slovenia,2000,760,Import Quantity
Solomon Islands,2000,1,Import Quantity
Somalia,2000,2100,Import Quantity
South Africa,2000,14687,Import Quantity
South Korea,2000,410,Import Quantity
Spain,2000,1462,Import Quantity
Sri Lanka,2000,3620,Import Quantity
Sudan,2000,17863,Import Quantity
Suriname,2000,69,Import Quantity
Sweden,2000,4219,Import Quantity
Switzerland,2000,3249,Import Quantity
Syria,2000,19745,Import Quantity
Tajikistan,2000,2400,Import Quantity
Tanzania,2000,30,Import Quantity
Thailand,2000,448,Import Quantity
Timor-Leste,2000,150,Import Quantity
Togo,2000,19,Import Quantity
Tonga,2000,15,Import Quantity
Trinidad and Tobago,2000,213,Import Quantity
Tunisia,2000,10416,Import Quantity
Turkmenistan,2000,6900,Import Quantity
Tuvalu,2000,2,Import Quantity
Türkiye,2000,4778,Import Quantity
Uganda,2000,4,Import Quantity
Ukraine,2000,15197,Import Quantity
United Arab Emirates,2000,61334,Import Quantity
United Kingdom,2000,155880,Import Quantity
United States,2000,88287,Import Quantity
Uruguay,2000,524,Import Quantity
Uzbekistan,2000,20280,Import Quantity
Vanuatu,2000,5,Import Quantity
Venzuela,2000,154,Import Quantity
Yemen,2000,6336,Import Quantity
Zambia,2000,197,Import Quantity
Zimbabwe,2000,127,Import Quantity
Afghanistan,1999,16000,Import Quantity
Albania,1999,165,Import Quantity
Algeria,1999,3387,Import Quantity
Angola,1999,20,Import Quantity
Antigua and Barbuda,1999,4,Import Quantity
Argentina,1999,655,Import Quantity
Armenia,1999,189,Import Quantity
Australia,1999,16314,Import Quantity
Austria,1999,2648,Import Quantity
Azerbaijan,1999,3168,Import Quantity
Bahamas,1999,40,Import Quantity
Bahrain,1999,235,Import Quantity
Bangladesh,1999,5,Import Quantity
Barbados,1999,139,Import Quantity
Belarus,1999,1933,Import Quantity
Belgium-Luxembourg,1999,7685,Import Quantity
Belize,1999,10,Import Quantity
Benin,1999,62,Import Quantity
Bhutan,1999,135,Import Quantity
Bolivia,1999,177,Import Quantity
Bosnia and Herzegovina,1999,30,Import Quantity
Botswana,1999,1545,Import Quantity
Brazil,1999,630,Import Quantity
Brunei,1999,290,Import Quantity
Bulgaria,1999,851,Import Quantity
Burkina Faso,1999,712,Import Quantity
Cabo Verde,1999,9,Import Quantity
Cambodia,1999,10,Import Quantity
Cameroon,1999,55,Import Quantity
Canada,1999,18569,Import Quantity
Central African Republic,1999,16,Import Quantity
Chad,1999,834,Import Quantity
Chile,1999,13344,Import Quantity
"China, Hong Kong SAR",1999,15769,Import Quantity
"China, Macao SAR",1999,665,Import Quantity
"China, Mainland",1999,1871,Import Quantity
"China, Taiwan Province of",1999,10895,Import Quantity
Colombia,1999,101,Import Quantity
Comoros,1999,4,Import Quantity
Congo (Brazzaville),1999,40,Import Quantity
Cook Islands,1999,7,Import Quantity
Costa Rica,1999,340,Import Quantity
Croatia,1999,55,Import Quantity
Cuba,1999,125,Import Quantity
Cyprus,1999,152,Import Quantity
Czechia,1999,2093,Import Quantity
Côte d'Ivoire,1999,1143,Import Quantity
DR Congo (Brazzaville),1999,1000,Import Quantity
Denmark,1999,1829,Import Quantity
Djibouti,1999,1200,Import Quantity
Dominica,1999,20,Import Quantity
Dominican Republic,1999,10,Import Quantity
Ecuador,1999,4,Import Quantity
Egypt,1999,73250,Import Quantity
El Salvador,1999,162,Import Quantity
Eritrea,1999,170,Import Quantity
Estonia,1999,582,Import Quantity
Eswatini,1999,655,Import Quantity
Ethiopia,1999,1009,Import Quantity
Faroe Islands,1999,75,Import Quantity
Fiji,1999,420,Import Quantity
Finland,1999,994,Import Quantity
France,1999,14901,Import Quantity
French Polynesia,1999,29,Import Quantity
Gabon,1999,97,Import Quantity
Gambia,1999,906,Import Quantity
Georgia,1999,414,Import Quantity
Germany,1999,39148,Import Quantity
Ghana,1999,717,Import Quantity
Greece,1999,426,Import Quantity
Grenada,1999,10,Import Quantity
Guatemala,1999,285,Import Quantity
Guinea,1999,396,Import Quantity
Guinea-Bissau,1999,5,Import Quantity
Guyana,1999,200,Import Quantity
Haiti,1999,5,Import Quantity
Honduras,1999,120,Import Quantity
Hungary,1999,1271,Import Quantity
Iceland,1999,45,Import Quantity
India,1999,4910,Import Quantity
Indonesia,1999,618,Import Quantity
Iran,1999,17713,Import Quantity
Iraq,1999,23000,Import Quantity
Ireland,1999,11116,Import Quantity
Israel,1999,2300,Import Quantity
Italy,1999,5472,Import Quantity
Jamaica,1999,167,Import Quantity
Japan,1999,49407,Import Quantity
Jordan,1999,4860,Import Quantity
Kazakhstan,1999,18405,Import Quantity
Kenya,1999,215,Import Quantity
Kiribati,1999,30,Import Quantity
Kuwait,1999,5810,Import Quantity
Kyrgyzstan,1999,3440,Import Quantity
Laos,1999,10,Import Quantity
Latvia,1999,1115,Import Quantity
Lebanon,1999,2664,Import Quantity
Lesotho,1999,200,Import Quantity
Liberia,1999,85,Import Quantity
Libya,1999,6600,Import Quantity
Lithuania,1999,1395,Import Quantity
Madagascar,1999,14,Import Quantity
Malawi,1999,30,Import Quantity
Malaysia,1999,10315,Import Quantity
Maldives,1999,287,Import Quantity
Mali,1999,7038,Import Quantity
Malta,1999,525,Import Quantity
Mauritania,1999,3448,Import Quantity
Mauritius,1999,2,Import Quantity
Mexico,1999,239,Import Quantity
Moldova,1999,215,Import Quantity
Mongolia,1999,958,Import Quantity
Morocco,1999,35402,Import Quantity
Myanmar,1999,260,Import Quantity
Namibia,1999,669,Import Quantity
Nepal,1999,583,Import Quantity
Netherlands,1999,22651,Import Quantity
New Caledonia,1999,80,Import Quantity
New Zealand,1999,4213,Import Quantity
Nicaragua,1999,92,Import Quantity
Niger,1999,2229,Import Quantity
Nigeria,1999,7310,Import Quantity
North Macedonia,1999,963,Import Quantity
Norway,1999,1051,Import Quantity
Oman,1999,4232,Import Quantity
Pakistan,1999,119695,Import Quantity
Palestine,1999,564,Import Quantity
Panama,1999,298,Import Quantity
Papua New Guinea,1999,20,Import Quantity
Paraguay,1999,33,Import Quantity
Peru,1999,49,Import Quantity
Philippines,1999,610,Import Quantity
Poland,1999,31999,Import Quantity
Portugal,1999,339,Import Quantity
Qatar,1999,300,Import Quantity
Romania,1999,203,Import Quantity
Russia,1999,161086,Import Quantity
Rwanda,1999,60,Import Quantity
Saint Kitts and Nevis,1999,10,Import Quantity
Saint Lucia,1999,30,Import Quantity
Saint Vincent and the Grenadines,1999,20,Import Quantity
Samoa,1999,30,Import Quantity
Saudi Arabia,1999,12000,Import Quantity
Senegal,1999,4764,Import Quantity
Seychelles,1999,50,Import Quantity
Sierra Leone,1999,20,Import Quantity
Singapore,1999,5258,Import Quantity
Slovakia,1999,657,Import Quantity
Slovenia,1999,500,Import Quantity
Solomon Islands,1999,1,Import Quantity
Somalia,1999,2800,Import Quantity
South Africa,1999,13506,Import Quantity
South Korea,1999,273,Import Quantity
Spain,1999,1306,Import Quantity
Sri Lanka,1999,1928,Import Quantity
Sudan,1999,23821,Import Quantity
Suriname,1999,90,Import Quantity
Sweden,1999,3702,Import Quantity
Switzerland,1999,3807,Import Quantity
Syria,1999,20347,Import Quantity
Tajikistan,1999,1700,Import Quantity
Tanzania,1999,265,Import Quantity
Thailand,1999,424,Import Quantity
Timor-Leste,1999,150,Import Quantity
Togo,1999,16,Import Quantity
Tonga,1999,20,Import Quantity
Trinidad and Tobago,1999,196,Import Quantity
Tunisia,1999,10168,Import Quantity
Turkmenistan,1999,10500,Import Quantity
Tuvalu,1999,1,Import Quantity
Türkiye,1999,4828,Import Quantity
Uganda,1999,6,Import Quantity
Ukraine,1999,14704,Import Quantity
United Arab Emirates,1999,62871,Import Quantity
United Kingdom,1999,162416,Import Quantity
United States,1999,92865,Import Quantity
Uruguay,1999,571,Import Quantity
Uzbekistan,1999,11000,Import Quantity
Vanuatu,1999,10,Import Quantity
Venzuela,1999,217,Import Quantity
Yemen,1999,7496,Import Quantity
Zambia,1999,266,Import Quantity
Zimbabwe,1999,454,Import Quantity
Afghanistan,2005,9323,Import Quantity
Albania,2005,12,Import Quantity
Algeria,2005,10589,Import Quantity
Angola,2005,436,Import Quantity
Antigua and Barbuda,2005,84,Import Quantity
Argentina,2005,503,Import Quantity
Armenia,2005,283,Import Quantity
Australia,2005,14487,Import Quantity
Austria,2005,2544,Import Quantity
Azerbaijan,2005,7713,Import Quantity
Bahamas,2005,224,Import Quantity
Bahrain,2005,1139,Import Quantity
Bangladesh,2005,11,Import Quantity
Barbados,2005,178,Import Quantity
Belarus,2005,3206,Import Quantity
Belgium,2005,7090,Import Quantity
Belize,2005,44,Import Quantity
Benin,2005,52,Import Quantity
Bhutan,2005,1,Import Quantity
Bolivia,2005,432,Import Quantity
Bosnia and Herzegovina,2005,24,Import Quantity
Botswana,2005,23,Import Quantity
Brazil,2005,473,Import Quantity
Brunei,2005,193,Import Quantity
Bulgaria,2005,187,Import Quantity
Burkina Faso,2005,190,Import Quantity
Cabo Verde,2005,16,Import Quantity
Cambodia,2005,70,Import Quantity
Cameroon,2005,222,Import Quantity
Canada,2005,18974,Import Quantity
Central African Republic,2005,13,Import Quantity
Chad,2005,340,Import Quantity
Chile,2005,17870,Import Quantity
"China, Hong Kong SAR",2005,11804,Import Quantity
"China, Macao SAR",2005,655,Import Quantity
"China, Mainland",2005,2786,Import Quantity
"China, Taiwan Province of",2005,20780,Import Quantity
Colombia,2005,78,Import Quantity
Comoros,2005,1,Import Quantity
Congo (Brazzaville),2005,58,Import Quantity
Cook Islands,2005,8,Import Quantity
Costa Rica,2005,235,Import Quantity
Croatia,2005,130,Import Quantity
Cuba,2005,50,Import Quantity
Cyprus,2005,227,Import Quantity
Czechia,2005,2395,Import Quantity
Côte d'Ivoire,2005,1456,Import Quantity
DR Congo (Brazzaville),2005,740,Import Quantity
Denmark,2005,1520,Import Quantity
Djibouti,2005,312,Import Quantity
Dominica,2005,13,Import Quantity
Dominican Republic,2005,16,Import Quantity
Ecuador,2005,17,Import Quantity
Egypt,2005,8711,Import Quantity
El Salvador,2005,101,Import Quantity
Eritrea,2005,7965,Import Quantity
Estonia,2005,621,Import Quantity
Eswatini,2005,574,Import Quantity
Ethiopia,2005,20,Import Quantity
Faroe Islands,2005,53,Import Quantity
Fiji,2005,577,Import Quantity
Finland,2005,1513,Import Quantity
France,2005,16837,Import Quantity
French Polynesia,2005,33,Import Quantity
Gabon,2005,161,Import Quantity
Gambia,2005,3202,Import Quantity
Georgia,2005,669,Import Quantity
Germany,2005,41696,Import Quantity
Ghana,2005,13169,Import Quantity
Greece,2005,1152,Import Quantity
Grenada,2005,33,Import Quantity
Guatemala,2005,77,Import Quantity
Guinea,2005,1096,Import Quantity
Guyana,2005,162,Import Quantity
Haiti,2005,7,Import Quantity
Honduras,2005,209,Import Quantity
Hungary,2005,1907,Import Quantity
Iceland,2005,58,Import Quantity
India,2005,18716,Import Quantity
Indonesia,2005,5478,Import Quantity
Iran,2005,34267,Import Quantity
Iraq,2005,34467,Import Quantity
Ireland,2005,10116,Import Quantity
Israel,2005,1210,Import Quantity
Italy,2005,6800,Import Quantity
Jamaica,2005,233,Import Quantity
Japan,2005,51372,Import Quantity
Jordan,2005,5201,Import Quantity
Kazakhstan,2005,23413,Import Quantity
Kenya,2005,11174,Import Quantity
Kiribati,2005,82,Import Quantity
Kuwait,2005,3548,Import Quantity
Kyrgyzstan,2005,3905,Import Quantity
Laos,2005,113,Import Quantity
Latvia,2005,1021,Import Quantity
Lebanon,2005,2282,Import Quantity
Liberia,2005,325,Import Quantity
Libya,2005,19146,Import Quantity
Lithuania,2005,1134,Import Quantity
Luxembourg,2005,82,Import Quantity
Madagascar,2005,17,Import Quantity
Malawi,2005,34,Import Quantity
Malaysia,2005,14962,Import Quantity
Maldives,2005,194,Import Quantity
Mali,2005,9658,Import Quantity
Malta,2005,467,Import Quantity
Mauritania,2005,3515,Import Quantity
Mauritius,2005,12,Import Quantity
Mexico,2005,329,Import Quantity
Moldova,2005,906,Import Quantity
Mongolia,2005,1637,Import Quantity
Morocco,2005,50081,Import Quantity
Mozambique,2005,1050,Import Quantity
Myanmar,2005,1624,Import Quantity
Namibia,2005,300,Import Quantity
Nepal,2005,160,Import Quantity
Netherlands,2005,33566,Import Quantity
New Caledonia,2005,144,Import Quantity
New Zealand,2005,2227,Import Quantity
Nicaragua,2005,57,Import Quantity
Niger,2005,5020,Import Quantity
Nigeria,2005,2694,Import Quantity
North Macedonia,2005,644,Import Quantity
Norway,2005,1121,Import Quantity
Oman,2005,7590,Import Quantity
Pakistan,2005,134610,Import Quantity
Palestine,2005,2300,Import Quantity
Panama,2005,278,Import Quantity
Papua New Guinea,2005,23,Import Quantity
Paraguay,2005,492,Import Quantity
Peru,2005,456,Import Quantity
Philippines,2005,998,Import Quantity
Poland,2005,31041,Import Quantity
Portugal,2005,651,Import Quantity
Qatar,2005,1824,Import Quantity
Romania,2005,316,Import Quantity
Russia,2005,179578,Import Quantity
Rwanda,2005,11,Import Quantity
Saint Kitts and Nevis,2005,5,Import Quantity
Saint Lucia,2005,60,Import Quantity
Saint Vincent and the Grenadines,2005,12,Import Quantity
Samoa,2005,43,Import Quantity
Sao Tome and Principe,2005,10,Import Quantity
Saudi Arabia,2005,27789,Import Quantity
Senegal,2005,5797,Import Quantity
Seychelles,2005,38,Import Quantity
Sierra Leone,2005,265,Import Quantity
Singapore,2005,4490,Import Quantity
Slovakia,2005,640,Import Quantity
Slovenia,2005,125,Import Quantity
Solomon Islands,2005,82,Import Quantity
Somalia,2005,1513,Import Quantity
South Africa,2005,19628,Import Quantity
South Korea,2005,850,Import Quantity
Spain,2005,2930,Import Quantity
Sri Lanka,2005,7842,Import Quantity
Sudan,2005,14958,Import Quantity
Suriname,2005,111,Import Quantity
Sweden,2005,3492,Import Quantity
Switzerland,2005,4670,Import Quantity
Syria,2005,28232,Import Quantity
Tajikistan,2005,6000,Import Quantity
Tanzania,2005,63,Import Quantity
Thailand,2005,1819,Import Quantity
Timor-Leste,2005,25,Import Quantity
Togo,2005,64,Import Quantity
Tonga,2005,40,Import Quantity
Trinidad and Tobago,2005,375,Import Quantity
Tunisia,2005,9664,Import Quantity
Turkmenistan,2005,8045,Import Quantity
Tuvalu,2005,9,Import Quantity
Türkiye,2005,3315,Import Quantity
Uganda,2005,17,Import Quantity
Ukraine,2005,21655,Import Quantity
United Arab Emirates,2005,23350,Import Quantity
United Kingdom,2005,153417,Import Quantity
United States,2005,100061,Import Quantity
Uruguay,2005,527,Import Quantity
Uzbekistan,2005,25312,Import Quantity
Vanuatu,2005,6,Import Quantity
Venzuela,2005,153,Import Quantity
Yemen,2005,14660,Import Quantity
Zambia,2005,342,Import Quantity
Zimbabwe,2005,8,Import Quantity
Afghanistan,2011,63224,Import Quantity
Albania,2011,33,Import Quantity
Algeria,2011,15658,Import Quantity
Angola,2011,746,Import Quantity
Antigua and Barbuda,2011,121,Import Quantity
Argentina,2011,335,Import Quantity
Armenia,2011,348,Import Quantity
Australia,2011,12910,Import Quantity
Austria,2011,3093,Import Quantity
Azerbaijan,2011,9180,Import Quantity
Bahamas,2011,47,Import Quantity
Bahrain,2011,1244,Import Quantity
Bangladesh,2011,2799,Import Quantity
Barbados,2011,213,Import Quantity
Belarus,2011,4496,Import Quantity
Belgium,2011,16633,Import Quantity
Belize,2011,75,Import Quantity
Bolivia,2011,690,Import Quantity
Bosnia and Herzegovina,2011,40,Import Quantity
Botswana,2011,1825,Import Quantity
Brazil,2011,699,Import Quantity
Brunei,2011,311,Import Quantity
Bulgaria,2011,360,Import Quantity
Burkina Faso,2011,2414,Import Quantity
Burundi,2011,1,Import Quantity
Cabo Verde,2011,51,Import Quantity
Cambodia,2011,101,Import Quantity
Cameroon,2011,365,Import Quantity
Canada,2011,19174,Import Quantity
Central African Republic,2011,2,Import Quantity
Chad,2011,271,Import Quantity
Chile,2011,22373,Import Quantity
"China, Hong Kong SAR",2011,11677,Import Quantity
"China, Macao SAR",2011,1015,Import Quantity
"China, Mainland",2011,13952,Import Quantity
"China, Taiwan Province of",2011,29268,Import Quantity
Colombia,2011,185,Import Quantity
Comoros,2011,2,Import Quantity
Congo (Brazzaville),2011,616,Import Quantity
Cook Islands,2011,8,Import Quantity
Costa Rica,2011,292,Import Quantity
Croatia,2011,128,Import Quantity
Cuba,2011,47,Import Quantity
Cyprus,2011,262,Import Quantity
Czechia,2011,3024,Import Quantity
Côte d'Ivoire,2011,1454,Import Quantity
DR Congo (Brazzaville),2011,243,Import Quantity
Denmark,2011,1979,Import Quantity
Djibouti,2011,37,Import Quantity
Dominican Republic,2011,73,Import Quantity
Ecuador,2011,53,Import Quantity
Egypt,2011,100423,Import Quantity
El Salvador,2011,56,Import Quantity
Estonia,2011,532,Import Quantity
Eswatini,2011,101,Import Quantity
Ethiopia,2011,13,Import Quantity
Faroe Islands,2011,43,Import Quantity
Fiji,2011,581,Import Quantity
Finland,2011,1731,Import Quantity
France,2011,17964,Import Quantity
French Polynesia,2011,51,Import Quantity
Gabon,2011,209,Import Quantity
Gambia,2011,6145,Import Quantity
Georgia,2011,860,Import Quantity
Germany,2011,54843,Import Quantity
Ghana,2011,1644,Import Quantity
Greece,2011,1638,Import Quantity
Grenada,2011,36,Import Quantity
Guatemala,2011,345,Import Quantity
Guinea,2011,7626,Import Quantity
Guinea-Bissau,2011,3,Import Quantity
Guyana,2011,414,Import Quantity
Haiti,2011,13,Import Quantity
Honduras,2011,87,Import Quantity
Hungary,2011,1525,Import Quantity
Iceland,2011,68,Import Quantity
India,2011,22161,Import Quantity
Indonesia,2011,19812,Import Quantity
Iran,2011,56271,Import Quantity
Iraq,2011,25029,Import Quantity
Ireland,2011,9794,Import Quantity
Israel,2011,1752,Import Quantity
Italy,2011,6975,Import Quantity
Jamaica,2011,229,Import Quantity
Japan,2011,42013,Import Quantity
Jordan,2011,5873,Import Quantity
Kazakhstan,2011,28775,Import Quantity
Kenya,2011,99762,Import Quantity
Kiribati,2011,23,Import Quantity
Kuwait,2011,9996,Import Quantity
Kyrgyzstan,2011,3952,Import Quantity
Laos,2011,134,Import Quantity
Latvia,2011,3047,Import Quantity
Lebanon,2011,2690,Import Quantity
Liberia,2011,318,Import Quantity
Libya,2011,9459,Import Quantity
Lithuania,2011,1415,Import Quantity
Luxembourg,2011,147,Import Quantity
Madagascar,2011,17,Import Quantity
Malawi,2011,127,Import Quantity
Malaysia,2011,19331,Import Quantity
Maldives,2011,270,Import Quantity
Mali,2011,7384,Import Quantity
Malta,2011,519,Import Quantity
Mauritania,2011,9727,Import Quantity
Mauritius,2011,41,Import Quantity
Mexico,2011,726,Import Quantity
Moldova,2011,868,Import Quantity
Mongolia,2011,2885,Import Quantity
Montenegro,2011,19,Import Quantity
Morocco,2011,64541,Import Quantity
Mozambique,2011,2692,Import Quantity
Myanmar,2011,2295,Import Quantity
Namibia,2011,77,Import Quantity
Nauru,2011,1,Import Quantity
Nepal,2011,360,Import Quantity
Netherlands,2011,24224,Import Quantity
New Caledonia,2011,122,Import Quantity
New Zealand,2011,1295,Import Quantity
Nicaragua,2011,13,Import Quantity
Niger,2011,9240,Import Quantity
Nigeria,2011,949,Import Quantity
North Macedonia,2011,565,Import Quantity
Norway,2011,1102,Import Quantity
Oman,2011,4586,Import Quantity
Pakistan,2011,119231,Import Quantity
Palestine,2011,189,Import Quantity
Panama,2011,353,Import Quantity
Papua New Guinea,2011,103,Import Quantity
Paraguay,2011,2313,Import Quantity
Peru,2011,617,Import Quantity
Philippines,2011,1326,Import Quantity
Poland,2011,49241,Import Quantity
Portugal,2011,902,Import Quantity
Qatar,2011,3038,Import Quantity
Romania,2011,516,Import Quantity
Russia,2011,187790,Import Quantity
Rwanda,2011,185,Import Quantity
Saint Kitts and Nevis,2011,2,Import Quantity
Saint Lucia,2011,34,Import Quantity
Saint Vincent and the Grenadines,2011,40,Import Quantity
Samoa,2011,35,Import Quantity
Sao Tome and Principe,2011,19,Import Quantity
Saudi Arabia,2011,33746,Import Quantity
Senegal,2011,5037,Import Quantity
Serbia,2011,120,Import Quantity
Seychelles,2011,44,Import Quantity
Sierra Leone,2011,365,Import Quantity
Singapore,2011,4830,Import Quantity
Slovakia,2011,648,Import Quantity
Slovenia,2011,123,Import Quantity
Solomon Islands,2011,113,Import Quantity
Somalia,2011,433,Import Quantity
South Africa,2011,24050,Import Quantity
South Korea,2011,652,Import Quantity
Spain,2011,4650,Import Quantity
Sri Lanka,2011,11590,Import Quantity
Sudan,2011,34230,Import Quantity
Suriname,2011,388,Import Quantity
Sweden,2011,3825,Import Quantity
Switzerland,2011,4295,Import Quantity
Syria,2011,29892,Import Quantity
Tajikistan,2011,6600,Import Quantity
Tanzania,2011,60,Import Quantity
Thailand,2011,3057,Import Quantity
Timor-Leste,2011,56,Import Quantity
Togo,2011,249,Import Quantity
Tonga,2011,8,Import Quantity
Trinidad and Tobago,2011,162,Import Quantity
Tunisia,2011,9248,Import Quantity
Turkmenistan,2011,3334,Import Quantity
Tuvalu,2011,4,Import Quantity
Türkiye,2011,8066,Import Quantity
Uganda,2011,314,Import Quantity
Ukraine,2011,25750,Import Quantity
United Arab Emirates,2011,50733,Import Quantity
United Kingdom,2011,154552,Import Quantity
United States,2011,127511,Import Quantity
Uruguay,2011,403,Import Quantity
Uzbekistan,2011,20442,Import Quantity
Vanuatu,2011,50,Import Quantity
Venzuela,2011,198,Import Quantity
Yemen,2011,17774,Import Quantity
Zambia,2011,799,Import Quantity
Zimbabwe,2011,215,Import Quantity
Afghanistan,2002,16559,Import Quantity
Albania,2002,116,Import Quantity
Algeria,2002,6942,Import Quantity
Angola,2002,331,Import Quantity
Antigua and Barbuda,2002,18,Import Quantity
Argentina,2002,184,Import Quantity
Armenia,2002,160,Import Quantity
Australia,2002,15204,Import Quantity
Austria,2002,2124,Import Quantity
Azerbaijan,2002,5147,Import Quantity
Bahamas,2002,20,Import Quantity
Bahrain,2002,978,Import Quantity
Bangladesh,2002,53,Import Quantity
Barbados,2002,223,Import Quantity
Belarus,2002,1544,Import Quantity
Belgium,2002,9868,Import Quantity
Belize,2002,1,Import Quantity
Benin,2002,44,Import Quantity
Bhutan,2002,237,Import Quantity
Bolivia,2002,366,Import Quantity
Bosnia and Herzegovina,2002,20,Import Quantity
Botswana,2002,2706,Import Quantity
Brazil,2002,326,Import Quantity
Brunei,2002,216,Import Quantity
Bulgaria,2002,128,Import Quantity
Burkina Faso,2002,312,Import Quantity
Cabo Verde,2002,13,Import Quantity
Cambodia,2002,37,Import Quantity
Cameroon,2002,58,Import Quantity
Canada,2002,19383,Import Quantity
Central African Republic,2002,1,Import Quantity
Chad,2002,517,Import Quantity
Chile,2002,15270,Import Quantity
"China, Hong Kong SAR",2002,12902,Import Quantity
"China, Macao SAR",2002,586,Import Quantity
"China, Mainland",2002,1701,Import Quantity
"China, Taiwan Province of",2002,17284,Import Quantity
Colombia,2002,49,Import Quantity
Comoros,2002,2,Import Quantity
Congo (Brazzaville),2002,230,Import Quantity
Cook Islands,2002,11,Import Quantity
Costa Rica,2002,335,Import Quantity
Croatia,2002,90,Import Quantity
Cuba,2002,27,Import Quantity
Cyprus,2002,149,Import Quantity
Czechia,2002,2055,Import Quantity
Côte d'Ivoire,2002,1507,Import Quantity
DR Congo (Brazzaville),2002,985,Import Quantity
Denmark,2002,2046,Import Quantity
Djibouti,2002,181,Import Quantity
Dominica,2002,4,Import Quantity
Dominican Republic,2002,7,Import Quantity
Ecuador,2002,14,Import Quantity
Egypt,2002,78981,Import Quantity
El Salvador,2002,190,Import Quantity
Eritrea,2002,78,Import Quantity
Estonia,2002,542,Import Quantity
Eswatini,2002,614,Import Quantity
Ethiopia,2002,50,Import Quantity
Faroe Islands,2002,74,Import Quantity
Fiji,2002,626,Import Quantity
Finland,2002,970,Import Quantity
France,2002,17441,Import Quantity
French Polynesia,2002,33,Import Quantity
Gabon,2002,59,Import Quantity
Gambia,2002,1752,Import Quantity
Georgia,2002,696,Import Quantity
Germany,2002,40583,Import Quantity
Ghana,2002,6878,Import Quantity
Greece,2002,921,Import Quantity
Grenada,2002,12,Import Quantity
Guatemala,2002,200,Import Quantity
Guinea,2002,578,Import Quantity
Guinea-Bissau,2002,13,Import Quantity
Guyana,2002,206,Import Quantity
Haiti,2002,20,Import Quantity
Honduras,2002,316,Import Quantity
Hungary,2002,1906,Import Quantity
Iceland,2002,36,Import Quantity
India,2002,23606,Import Quantity
Indonesia,2002,3526,Import Quantity
Iran,2002,144,Import Quantity
Iraq,2002,56406,Import Quantity
Ireland,2002,11853,Import Quantity
Israel,2002,1291,Import Quantity
Italy,2002,6234,Import Quantity
Jamaica,2002,63,Import Quantity
Japan,2002,51807,Import Quantity
Jordan,2002,5294,Import Quantity
Kazakhstan,2002,19695,Import Quantity
Kenya,2002,7624,Import Quantity
Kiribati,2002,44,Import Quantity
Kuwait,2002,3572,Import Quantity
Kyrgyzstan,2002,3039,Import Quantity
Latvia,2002,1128,Import Quantity
Lebanon,2002,2687,Import Quantity
Lesotho,2002,1,Import Quantity
Liberia,2002,772,Import Quantity
Libya,2002,10184,Import Quantity
Lithuania,2002,1300,Import Quantity
Luxembourg,2002,70,Import Quantity
Madagascar,2002,15,Import Quantity
Malawi,2002,372,Import Quantity
Malaysia,2002,10933,Import Quantity
Maldives,2002,264,Import Quantity
Mali,2002,8591,Import Quantity
Malta,2002,590,Import Quantity
Mauritania,2002,4273,Import Quantity
Mauritius,2002,15,Import Quantity
Mexico,2002,310,Import Quantity
Moldova,2002,457,Import Quantity
Mongolia,2002,2297,Import Quantity
Morocco,2002,43782,Import Quantity
Mozambique,2002,659,Import Quantity
Myanmar,2002,744,Import Quantity
Namibia,2002,380,Import Quantity
Nauru,2002,13,Import Quantity
Nepal,2002,400,Import Quantity
Netherlands,2002,28193,Import Quantity
New Caledonia,2002,168,Import Quantity
New Zealand,2002,2228,Import Quantity
Nicaragua,2002,137,Import Quantity
Niger,2002,2623,Import Quantity
Nigeria,2002,14290,Import Quantity
North Macedonia,2002,938,Import Quantity
Norway,2002,970,Import Quantity
Oman,2002,6588,Import Quantity
Pakistan,2002,99396,Import Quantity
Palestine,2002,1922,Import Quantity
Panama,2002,263,Import Quantity
Papua New Guinea,2002,53,Import Quantity
Paraguay,2002,61,Import Quantity
Peru,2002,296,Import Quantity
Philippines,2002,733,Import Quantity
Poland,2002,30795,Import Quantity
Portugal,2002,588,Import Quantity
Qatar,2002,1721,Import Quantity
Romania,2002,223,Import Quantity
Russia,2002,165313,Import Quantity
Saint Kitts and Nevis,2002,13,Import Quantity
Saint Lucia,2002,45,Import Quantity
Saint Vincent and the Grenadines,2002,18,Import Quantity
Samoa,2002,37,Import Quantity
Sao Tome and Principe,2002,2,Import Quantity
Saudi Arabia,2002,21838,Import Quantity
Senegal,2002,4560,Import Quantity
Seychelles,2002,78,Import Quantity
Sierra Leone,2002,56,Import Quantity
Singapore,2002,4963,Import Quantity
Slovakia,2002,569,Import Quantity
Slovenia,2002,64,Import Quantity
Solomon Islands,2002,58,Import Quantity
Somalia,2002,683,Import Quantity
South Africa,2002,17460,Import Quantity
South Korea,2002,431,Import Quantity
Spain,2002,3558,Import Quantity
Sri Lanka,2002,3670,Import Quantity
Sudan,2002,29589,Import Quantity
Suriname,2002,88,Import Quantity
Sweden,2002,3612,Import Quantity
Switzerland,2002,4659,Import Quantity
Syria,2002,30593,Import Quantity
Tajikistan,2002,4600,Import Quantity
Tanzania,2002,50,Import Quantity
Thailand,2002,827,Import Quantity
Timor-Leste,2002,150,Import Quantity
Togo,2002,39,Import Quantity
Tonga,2002,32,Import Quantity
Trinidad and Tobago,2002,253,Import Quantity
Tunisia,2002,9442,Import Quantity
Turkmenistan,2002,5200,Import Quantity
Tuvalu,2002,7,Import Quantity
Türkiye,2002,1539,Import Quantity
Uganda,2002,22,Import Quantity
Ukraine,2002,18339,Import Quantity
United Arab Emirates,2002,59064,Import Quantity
United Kingdom,2002,164070,Import Quantity
United States,2002,93451,Import Quantity
Uruguay,2002,460,Import Quantity
Uzbekistan,2002,21601,Import Quantity
Vanuatu,2002,5,Import Quantity
Venzuela,2002,158,Import Quantity
Yemen,2002,10244,Import Quantity
Zambia,2002,287,Import Quantity
Zimbabwe,2002,474,Import Quantity
Afghanistan,2004,29454,Import Quantity
Albania,2004,12,Import Quantity
Algeria,2004,8383,Import Quantity
Angola,2004,311,Import Quantity
Antigua and Barbuda,2004,242,Import Quantity
Argentina,2004,299,Import Quantity
Armenia,2004,133,Import Quantity
Australia,2004,14666,Import Quantity
Austria,2004,2028,Import Quantity
Azerbaijan,2004,9474,Import Quantity
Bahamas,2004,114,Import Quantity
Bahrain,2004,1068,Import Quantity
Bangladesh,2004,377,Import Quantity
Barbados,2004,170,Import Quantity
Belarus,2004,2154,Import Quantity
Belgium,2004,8081,Import Quantity
Belize,2004,19,Import Quantity
Benin,2004,19,Import Quantity
Bhutan,2004,1,Import Quantity
Bolivia,2004,421,Import Quantity
Bosnia and Herzegovina,2004,23,Import Quantity
Botswana,2004,125,Import Quantity
Brazil,2004,457,Import Quantity
Brunei,2004,207,Import Quantity
Bulgaria,2004,125,Import Quantity
Burkina Faso,2004,546,Import Quantity
Burundi,2004,15,Import Quantity
Cabo Verde,2004,6,Import Quantity
Cambodia,2004,30,Import Quantity
Cameroon,2004,159,Import Quantity
Canada,2004,18835,Import Quantity
Central African Republic,2004,21,Import Quantity
Chad,2004,436,Import Quantity
Chile,2004,20210,Import Quantity
"China, Hong Kong SAR",2004,11995,Import Quantity
"China, Macao SAR",2004,736,Import Quantity
"China, Mainland",2004,2337,Import Quantity
"China, Taiwan Province of",2004,19571,Import Quantity
Colombia,2004,55,Import Quantity
Comoros,2004,3,Import Quantity
Congo (Brazzaville),2004,267,Import Quantity
Cook Islands,2004,22,Import Quantity
Costa Rica,2004,238,Import Quantity
Croatia,2004,95,Import Quantity
Cuba,2004,64,Import Quantity
Cyprus,2004,200,Import Quantity
Czechia,2004,2362,Import Quantity
Côte d'Ivoire,2004,1640,Import Quantity
DR Congo (Brazzaville),2004,689,Import Quantity
Denmark,2004,1723,Import Quantity
Djibouti,2004,288,Import Quantity
Dominica,2004,11,Import Quantity
Dominican Republic,2004,9,Import Quantity
Ecuador,2004,45,Import Quantity
Egypt,2004,2627,Import Quantity
El Salvador,2004,126,Import Quantity
Eritrea,2004,99,Import Quantity
Estonia,2004,443,Import Quantity
Eswatini,2004,747,Import Quantity
Ethiopia,2004,30,Import Quantity
Faroe Islands,2004,89,Import Quantity
Fiji,2004,694,Import Quantity
Finland,2004,1175,Import Quantity
France,2004,16217,Import Quantity
French Polynesia,2004,31,Import Quantity
Gabon,2004,193,Import Quantity
Gambia,2004,4013,Import Quantity
Georgia,2004,758,Import Quantity
Germany,2004,43409,Import Quantity
Ghana,2004,9664,Import Quantity
Greece,2004,954,Import Quantity
Grenada,2004,9,Import Quantity
Guatemala,2004,65,Import Quantity
Guinea,2004,1028,Import Quantity
Guinea-Bissau,2004,73,Import Quantity
Guyana,2004,188,Import Quantity
Haiti,2004,8,Import Quantity
Honduras,2004,282,Import Quantity
Hungary,2004,1952,Import Quantity
Iceland,2004,38,Import Quantity
India,2004,31061,Import Quantity
Indonesia,2004,3924,Import Quantity
Iran,2004,13007,Import Quantity
Iraq,2004,31510,Import Quantity
Ireland,2004,10280,Import Quantity
Israel,2004,1558,Import Quantity
Italy,2004,6448,Import Quantity
Jamaica,2004,177,Import Quantity
Japan,2004,56234,Import Quantity
Jordan,2004,5474,Import Quantity
Kazakhstan,2004,27396,Import Quantity
Kenya,2004,8422,Import Quantity
Kiribati,2004,28,Import Quantity
Kuwait,2004,2693,Import Quantity
Kyrgyzstan,2004,3994,Import Quantity
Laos,2004,113,Import Quantity
Latvia,2004,1137,Import Quantity
Lebanon,2004,2422,Import Quantity
Liberia,2004,400,Import Quantity
Libya,2004,8676,Import Quantity
Lithuania,2004,1182,Import Quantity
Luxembourg,2004,91,Import Quantity
Madagascar,2004,23,Import Quantity
Malawi,2004,23,Import Quantity
Malaysia,2004,14404,Import Quantity
Maldives,2004,250,Import Quantity
Mali,2004,10707,Import Quantity
Malta,2004,526,Import Quantity
Mauritania,2004,8997,Import Quantity
Mauritius,2004,16,Import Quantity
Mexico,2004,334,Import Quantity
Moldova,2004,881,Import Quantity
Mongolia,2004,2319,Import Quantity
Morocco,2004,45670,Import Quantity
Mozambique,2004,1377,Import Quantity
Myanmar,2004,1987,Import Quantity
Namibia,2004,250,Import Quantity
Nauru,2004,1,Import Quantity
Nepal,2004,210,Import Quantity
Netherlands,2004,29155,Import Quantity
New Caledonia,2004,165,Import Quantity
New Zealand,2004,1675,Import Quantity
Nicaragua,2004,164,Import Quantity
Niger,2004,5999,Import Quantity
Nigeria,2004,5421,Import Quantity
North Macedonia,2004,663,Import Quantity
Norway,2004,1003,Import Quantity
Oman,2004,6663,Import Quantity
Pakistan,2004,115967,Import Quantity
Palestine,2004,1900,Import Quantity
Panama,2004,289,Import Quantity
Papua New Guinea,2004,12,Import Quantity
Paraguay,2004,796,Import Quantity
Peru,2004,457,Import Quantity
Philippines,2004,796,Import Quantity
Poland,2004,32119,Import Quantity
Portugal,2004,612,Import Quantity
Qatar,2004,889,Import Quantity
Romania,2004,270,Import Quantity
Russia,2004,172145,Import Quantity
Rwanda,2004,4,Import Quantity
Saint Kitts and Nevis,2004,3,Import Quantity
Saint Lucia,2004,36,Import Quantity
Saint Vincent and the Grenadines,2004,18,Import Quantity
Samoa,2004,27,Import Quantity
Saudi Arabia,2004,24587,Import Quantity
Senegal,2004,5246,Import Quantity
Seychelles,2004,54,Import Quantity
Sierra Leone,2004,312,Import Quantity
Singapore,2004,3291,Import Quantity
Slovakia,2004,865,Import Quantity
Slovenia,2004,76,Import Quantity
Solomon Islands,2004,90,Import Quantity
Somalia,2004,2634,Import Quantity
South Africa,2004,17884,Import Quantity
South Korea,2004,673,Import Quantity
Spain,2004,3579,Import Quantity
Sri Lanka,2004,7750,Import Quantity
Sudan,2004,14332,Import Quantity
Suriname,2004,134,Import Quantity
Sweden,2004,3781,Import Quantity
Switzerland,2004,4586,Import Quantity
Syria,2004,30330,Import Quantity
Tajikistan,2004,5900,Import Quantity
Tanzania,2004,21,Import Quantity
Thailand,2004,2661,Import Quantity
Timor-Leste,2004,17,Import Quantity
Togo,2004,135,Import Quantity
Tonga,2004,23,Import Quantity
Trinidad and Tobago,2004,253,Import Quantity
Tunisia,2004,9590,Import Quantity
Turkmenistan,2004,1870,Import Quantity
Tuvalu,2004,26,Import Quantity
Türkiye,2004,2872,Import Quantity
Uganda,2004,28,Import Quantity
Ukraine,2004,5816,Import Quantity
United Arab Emirates,2004,65826,Import Quantity
United Kingdom,2004,156311,Import Quantity
United States,2004,99484,Import Quantity
Uruguay,2004,496,Import Quantity
Uzbekistan,2004,20729,Import Quantity
Vanuatu,2004,5,Import Quantity
Venzuela,2004,149,Import Quantity
Yemen,2004,11329,Import Quantity
Zambia,2004,496,Import Quantity
Zimbabwe,2004,52,Import Quantity
Afghanistan,2010,30868,Import Quantity
Albania,2010,30,Import Quantity
Algeria,2010,12109,Import Quantity
Angola,2010,502,Import Quantity
Antigua and Barbuda,2010,38,Import Quantity
Argentina,2010,298,Import Quantity
Armenia,2010,276,Import Quantity
Australia,2010,14023,Import Quantity
Austria,2010,3368,Import Quantity
Azerbaijan,2010,8469,Import Quantity
Bahamas,2010,250,Import Quantity
Bahrain,2010,1288,Import Quantity
Bangladesh,2010,2863,Import Quantity
Barbados,2010,183,Import Quantity
Belarus,2010,5032,Import Quantity
Belgium,2010,11139,Import Quantity
Belize,2010,67,Import Quantity
Benin,2010,347,Import Quantity
Bhutan,2010,218,Import Quantity
Bolivia,2010,616,Import Quantity
Bosnia and Herzegovina,2010,58,Import Quantity
Botswana,2010,1896,Import Quantity
Brazil,2010,702,Import Quantity
Brunei,2010,322,Import Quantity
Bulgaria,2010,225,Import Quantity
Burkina Faso,2010,2241,Import Quantity
Burundi,2010,1,Import Quantity
Cabo Verde,2010,55,Import Quantity
Cambodia,2010,78,Import Quantity
Cameroon,2010,206,Import Quantity
Canada,2010,17643,Import Quantity
Central African Republic,2010,4,Import Quantity
Chad,2010,1013,Import Quantity
Chile,2010,21349,Import Quantity
"China, Hong Kong SAR",2010,11690,Import Quantity
"China, Macao SAR",2010,974,Import Quantity
"China, Mainland",2010,12665,Import Quantity
"China, Taiwan Province of",2010,31113,Import Quantity
Colombia,2010,188,Import Quantity
Congo (Brazzaville),2010,118,Import Quantity
Cook Islands,2010,24,Import Quantity
Costa Rica,2010,372,Import Quantity
Croatia,2010,179,Import Quantity
Cuba,2010,23,Import Quantity
Cyprus,2010,336,Import Quantity
Czechia,2010,2916,Import Quantity
Côte d'Ivoire,2010,1609,Import Quantity
DR Congo (Brazzaville),2010,297,Import Quantity
Denmark,2010,1856,Import Quantity
Djibouti,2010,2709,Import Quantity
Dominican Republic,2010,54,Import Quantity
Ecuador,2010,29,Import Quantity
Egypt,2010,87194,Import Quantity
El Salvador,2010,75,Import Quantity
Eritrea,2010,307,Import Quantity
Estonia,2010,651,Import Quantity
Eswatini,2010,774,Import Quantity
Ethiopia,2010,29,Import Quantity
Faroe Islands,2010,52,Import Quantity
Fiji,2010,652,Import Quantity
Finland,2010,1467,Import Quantity
France,2010,19496,Import Quantity
French Polynesia,2010,46,Import Quantity
Gabon,2010,173,Import Quantity
Gambia,2010,5680,Import Quantity
Georgia,2010,796,Import Quantity
Germany,2010,50835,Import Quantity
Ghana,2010,1039,Import Quantity
Greece,2010,1564,Import Quantity
Grenada,2010,36,Import Quantity
Guatemala,2010,415,Import Quantity
Guinea,2010,4596,Import Quantity
Guinea-Bissau,2010,3,Import Quantity
Guyana,2010,242,Import Quantity
Haiti,2010,7,Import Quantity
Honduras,2010,70,Import Quantity
Hungary,2010,2152,Import Quantity
Iceland,2010,59,Import Quantity
India,2010,17297,Import Quantity
Indonesia,2010,10870,Import Quantity
Iran,2010,58769,Import Quantity
Iraq,2010,15870,Import Quantity
Ireland,2010,10829,Import Quantity
Israel,2010,1598,Import Quantity
Italy,2010,7386,Import Quantity
Jamaica,2010,253,Import Quantity
Japan,2010,43301,Import Quantity
Jordan,2010,5401,Import Quantity
Kazakhstan,2010,30193,Import Quantity
Kenya,2010,13625,Import Quantity
Kiribati,2010,17,Import Quantity
Kuwait,2010,12149,Import Quantity
Kyrgyzstan,2010,3847,Import Quantity
Laos,2010,103,Import Quantity
Latvia,2010,1967,Import Quantity
Lebanon,2010,2716,Import Quantity
Liberia,2010,289,Import Quantity
Libya,2010,13099,Import Quantity
Lithuania,2010,1371,Import Quantity
Luxembourg,2010,160,Import Quantity
Madagascar,2010,17,Import Quantity
Malawi,2010,91,Import Quantity
Malaysia,2010,18445,Import Quantity
Maldives,2010,236,Import Quantity
Mali,2010,7305,Import Quantity
Malta,2010,487,Import Quantity
Mauritania,2010,7931,Import Quantity
Mauritius,2010,36,Import Quantity
Mexico,2010,562,Import Quantity
Moldova,2010,846,Import Quantity
Mongolia,2010,2271,Import Quantity
Montenegro,2010,18,Import Quantity
Morocco,2010,54470,Import Quantity
Mozambique,2010,922,Import Quantity
Myanmar,2010,2701,Import Quantity
Namibia,2010,69,Import Quantity
Nauru,2010,1,Import Quantity
Nepal,2010,242,Import Quantity
Netherlands,2010,28521,Import Quantity
New Caledonia,2010,99,Import Quantity
New Zealand,2010,2930,Import Quantity
Nicaragua,2010,29,Import Quantity
Niger,2010,5815,Import Quantity
Nigeria,2010,4173,Import Quantity
North Macedonia,2010,483,Import Quantity
Norway,2010,1079,Import Quantity
Oman,2010,4395,Import Quantity
Pakistan,2010,94463,Import Quantity
Palestine,2010,1200,Import Quantity
Panama,2010,302,Import Quantity
Papua New Guinea,2010,61,Import Quantity
Paraguay,2010,72,Import Quantity
Peru,2010,519,Import Quantity
Philippines,2010,1739,Import Quantity
Poland,2010,46539,Import Quantity
Portugal,2010,886,Import Quantity
Qatar,2010,3034,Import Quantity
Romania,2010,454,Import Quantity
Russia,2010,181619,Import Quantity
Rwanda,2010,155,Import Quantity
Saint Kitts and Nevis,2010,6,Import Quantity
Saint Lucia,2010,13,Import Quantity
Saint Vincent and the Grenadines,2010,37,Import Quantity
Samoa,2010,64,Import Quantity
Sao Tome and Principe,2010,6,Import Quantity
Saudi Arabia,2010,31594,Import Quantity
Senegal,2010,7104,Import Quantity
Serbia,2010,128,Import Quantity
Seychelles,2010,100,Import Quantity
Sierra Leone,2010,192,Import Quantity
Singapore,2010,4657,Import Quantity
Slovakia,2010,785,Import Quantity
Slovenia,2010,135,Import Quantity
Solomon Islands,2010,11,Import Quantity
Somalia,2010,3235,Import Quantity
South Africa,2010,27535,Import Quantity
South Korea,2010,585,Import Quantity
Spain,2010,3251,Import Quantity
Sri Lanka,2010,11129,Import Quantity
Sudan,2010,32669,Import Quantity
Suriname,2010,250,Import Quantity
Sweden,2010,4336,Import Quantity
Switzerland,2010,3692,Import Quantity
Syria,2010,29974,Import Quantity
Tajikistan,2010,6200,Import Quantity
Tanzania,2010,61,Import Quantity
Thailand,2010,2206,Import Quantity
Timor-Leste,2010,45,Import Quantity
Togo,2010,225,Import Quantity
Tonga,2010,20,Import Quantity
Trinidad and Tobago,2010,303,Import Quantity
Tunisia,2010,10177,Import Quantity
Turkmenistan,2010,6192,Import Quantity
Tuvalu,2010,15,Import Quantity
Türkiye,2010,8618,Import Quantity
Uganda,2010,226,Import Quantity
Ukraine,2010,20322,Import Quantity
United Arab Emirates,2010,64224,Import Quantity
United Kingdom,2010,149821,Import Quantity
United States,2010,126868,Import Quantity
Uruguay,2010,516,Import Quantity
Uzbekistan,2010,21518,Import Quantity
Vanuatu,2010,27,Import Quantity
Venzuela,2010,212,Import Quantity
Yemen,2010,19331,Import Quantity
Zambia,2010,775,Import Quantity
Zimbabwe,2010,10277,Import Quantity
Afghanistan,2009,9789,Import Quantity
Albania,2009,43,Import Quantity
Algeria,2009,11774,Import Quantity
Angola,2009,770,Import Quantity
Antigua and Barbuda,2009,25,Import Quantity
Argentina,2009,218,Import Quantity
Armenia,2009,217,Import Quantity
Australia,2009,13296,Import Quantity
Austria,2009,2811,Import Quantity
Azerbaijan,2009,7740,Import Quantity
Bahamas,2009,479,Import Quantity
Bahrain,2009,1210,Import Quantity
Bangladesh,2009,23,Import Quantity
Barbados,2009,223,Import Quantity
Belarus,2009,4436,Import Quantity
Belgium,2009,9391,Import Quantity
Belize,2009,24,Import Quantity
Benin,2009,59,Import Quantity
Bolivia,2009,407,Import Quantity
Bosnia and Herzegovina,2009,46,Import Quantity
Botswana,2009,2042,Import Quantity
Brazil,2009,885,Import Quantity
Brunei,2009,284,Import Quantity
Bulgaria,2009,379,Import Quantity
Burkina Faso,2009,2050,Import Quantity
Burundi,2009,2,Import Quantity
Cabo Verde,2009,33,Import Quantity
Cambodia,2009,1107,Import Quantity
Cameroon,2009,135,Import Quantity
Canada,2009,17353,Import Quantity
Central African Republic,2009,2,Import Quantity
Chad,2009,32,Import Quantity
Chile,2009,18162,Import Quantity
"China, Hong Kong SAR",2009,11897,Import Quantity
"China, Macao SAR",2009,861,Import Quantity
"China, Mainland",2009,4134,Import Quantity
"China, Taiwan Province of",2009,26484,Import Quantity
Colombia,2009,152,Import Quantity
Congo (Brazzaville),2009,115,Import Quantity
Cook Islands,2009,4,Import Quantity
Costa Rica,2009,356,Import Quantity
Croatia,2009,161,Import Quantity
Cuba,2009,11,Import Quantity
Cyprus,2009,293,Import Quantity
Czechia,2009,2922,Import Quantity
Côte d'Ivoire,2009,1698,Import Quantity
DR Congo (Brazzaville),2009,363,Import Quantity
Denmark,2009,1808,Import Quantity
Djibouti,2009,1497,Import Quantity
Dominica,2009,20,Import Quantity
Dominican Republic,2009,26,Import Quantity
Ecuador,2009,47,Import Quantity
Egypt,2009,80304,Import Quantity
El Salvador,2009,78,Import Quantity
Eritrea,2009,157,Import Quantity
Estonia,2009,594,Import Quantity
Eswatini,2009,774,Import Quantity
Ethiopia,2009,29,Import Quantity
Faroe Islands,2009,64,Import Quantity
Fiji,2009,678,Import Quantity
Finland,2009,1345,Import Quantity
France,2009,17695,Import Quantity
French Polynesia,2009,58,Import Quantity
Gabon,2009,115,Import Quantity
Gambia,2009,2589,Import Quantity
Georgia,2009,888,Import Quantity
Germany,2009,44267,Import Quantity
Ghana,2009,1139,Import Quantity
Greece,2009,1536,Import Quantity
Grenada,2009,36,Import Quantity
Guatemala,2009,266,Import Quantity
Guinea,2009,3000,Import Quantity
Guinea-Bissau,2009,1,Import Quantity
Guyana,2009,978,Import Quantity
Haiti,2009,7,Import Quantity
Honduras,2009,220,Import Quantity
Hungary,2009,1977,Import Quantity
Iceland,2009,61,Import Quantity
India,2009,34335,Import Quantity
Indonesia,2009,7169,Import Quantity
Iran,2009,51733,Import Quantity
Iraq,2009,20283,Import Quantity
Ireland,2009,15083,Import Quantity
Israel,2009,1297,Import Quantity
Italy,2009,7035,Import Quantity
Jamaica,2009,797,Import Quantity
Japan,2009,40133,Import Quantity
Jordan,2009,4967,Import Quantity
Kazakhstan,2009,25819,Import Quantity
Kenya,2009,4102,Import Quantity
Kiribati,2009,29,Import Quantity
Kuwait,2009,10706,Import Quantity
Kyrgyzstan,2009,4109,Import Quantity
Laos,2009,73,Import Quantity
Latvia,2009,1050,Import Quantity
Lebanon,2009,2661,Import Quantity
Liberia,2009,301,Import Quantity
Libya,2009,11031,Import Quantity
Lithuania,2009,1236,Import Quantity
Luxembourg,2009,70,Import Quantity
Madagascar,2009,19,Import Quantity
Malawi,2009,233,Import Quantity
Malaysia,2009,16446,Import Quantity
Maldives,2009,251,Import Quantity
Mali,2009,7188,Import Quantity
Malta,2009,605,Import Quantity
Mauritania,2009,10428,Import Quantity
Mauritius,2009,24,Import Quantity
Mexico,2009,620,Import Quantity
Moldova,2009,766,Import Quantity
Mongolia,2009,2619,Import Quantity
Montenegro,2009,17,Import Quantity
Morocco,2009,54400,Import Quantity
Mozambique,2009,1023,Import Quantity
Myanmar,2009,2392,Import Quantity
Namibia,2009,69,Import Quantity
Nauru,2009,1,Import Quantity
Nepal,2009,229,Import Quantity
Netherlands,2009,29982,Import Quantity
New Caledonia,2009,202,Import Quantity
New Zealand,2009,2945,Import Quantity
Nicaragua,2009,15,Import Quantity
Niger,2009,3407,Import Quantity
Nigeria,2009,3748,Import Quantity
North Macedonia,2009,520,Import Quantity
Norway,2009,1077,Import Quantity
Oman,2009,7090,Import Quantity
Pakistan,2009,96932,Import Quantity
Palestine,2009,252,Import Quantity
Panama,2009,249,Import Quantity
Papua New Guinea,2009,42,Import Quantity
Paraguay,2009,82,Import Quantity
Peru,2009,356,Import Quantity
Philippines,2009,1310,Import Quantity
Poland,2009,41784,Import Quantity
Portugal,2009,952,Import Quantity
Qatar,2009,664,Import Quantity
Romania,2009,1321,Import Quantity
Russia,2009,182149,Import Quantity
Rwanda,2009,122,Import Quantity
Saint Kitts and Nevis,2009,20,Import Quantity
Saint Lucia,2009,18,Import Quantity
Saint Vincent and the Grenadines,2009,29,Import Quantity
Samoa,2009,55,Import Quantity
Sao Tome and Principe,2009,4,Import Quantity
Saudi Arabia,2009,20331,Import Quantity
Senegal,2009,5749,Import Quantity
Serbia,2009,215,Import Quantity
Seychelles,2009,119,Import Quantity
Sierra Leone,2009,336,Import Quantity
Singapore,2009,4419,Import Quantity
Slovakia,2009,1036,Import Quantity
Slovenia,2009,163,Import Quantity
Solomon Islands,2009,14,Import Quantity
Somalia,2009,3200,Import Quantity
South Africa,2009,27318,Import Quantity
South Korea,2009,448,Import Quantity
Spain,2009,2866,Import Quantity
Sri Lanka,2009,9237,Import Quantity
Sudan,2009,22307,Import Quantity
Suriname,2009,250,Import Quantity
Sweden,2009,4703,Import Quantity
Switzerland,2009,3103,Import Quantity
Syria,2009,30277,Import Quantity
Tajikistan,2009,6700,Import Quantity
Tanzania,2009,32,Import Quantity
Thailand,2009,1665,Import Quantity
Timor-Leste,2009,37,Import Quantity
Togo,2009,366,Import Quantity
Tonga,2009,8,Import Quantity
Trinidad and Tobago,2009,428,Import Quantity
Tunisia,2009,9751,Import Quantity
Turkmenistan,2009,4150,Import Quantity
Tuvalu,2009,9,Import Quantity
Türkiye,2009,5361,Import Quantity
Uganda,2009,52,Import Quantity
Ukraine,2009,26915,Import Quantity
United Arab Emirates,2009,75255,Import Quantity
United Kingdom,2009,145960,Import Quantity
United States,2009,110861,Import Quantity
Uruguay,2009,438,Import Quantity
Uzbekistan,2009,23638,Import Quantity
Vanuatu,2009,37,Import Quantity
Venzuela,2009,260,Import Quantity
Yemen,2009,14811,Import Quantity
Zambia,2009,736,Import Quantity
Zimbabwe,2009,205,Import Quantity
Afghanistan,2012,135645,Import Quantity
Albania,2012,35,Import Quantity
Algeria,2012,15910,Import Quantity
Angola,2012,899,Import Quantity
Antigua and Barbuda,2012,187,Import Quantity
Argentina,2012,278,Import Quantity
Armenia,2012,385,Import Quantity
Australia,2012,14081,Import Quantity
Austria,2012,3175,Import Quantity
Azerbaijan,2012,7635,Import Quantity
Bahamas,2012,614,Import Quantity
Bahrain,2012,1352,Import Quantity
Bangladesh,2012,674,Import Quantity
Barbados,2012,231,Import Quantity
Belarus,2012,4727,Import Quantity
Belgium,2012,15670,Import Quantity
Belize,2012,69,Import Quantity
Benin,2012,246,Import Quantity
Bhutan,2012,299,Import Quantity
Bolivia,2012,424,Import Quantity
Bosnia and Herzegovina,2012,53,Import Quantity
Botswana,2012,2207,Import Quantity
Brazil,2012,927,Import Quantity
Brunei,2012,362,Import Quantity
Bulgaria,2012,242,Import Quantity
Burkina Faso,2012,3519,Import Quantity
Burundi,2012,3,Import Quantity
Cabo Verde,2012,35,Import Quantity
Cambodia,2012,88,Import Quantity
Cameroon,2012,233,Import Quantity
Canada,2012,18052,Import Quantity
Central African Republic,2012,8,Import Quantity
Chad,2012,253,Import Quantity
Chile,2012,21168,Import Quantity
"China, Hong Kong SAR",2012,12104,Import Quantity
"China, Macao SAR",2012,930,Import Quantity
"China, Mainland",2012,18464,Import Quantity
"China, Taiwan Province of",2012,29918,Import Quantity
Colombia,2012,260,Import Quantity
Congo (Brazzaville),2012,216,Import Quantity
Cook Islands,2012,14,Import Quantity
Costa Rica,2012,366,Import Quantity
Croatia,2012,200,Import Quantity
Cuba,2012,25,Import Quantity
Cyprus,2012,441,Import Quantity
Czechia,2012,3011,Import Quantity
Côte d'Ivoire,2012,1952,Import Quantity
DR Congo (Brazzaville),2012,183,Import Quantity
Denmark,2012,1958,Import Quantity
Djibouti,2012,179,Import Quantity
Dominica,2012,25,Import Quantity
Dominican Republic,2012,90,Import Quantity
Ecuador,2012,46,Import Quantity
Egypt,2012,109379,Import Quantity
El Salvador,2012,66,Import Quantity
Eritrea,2012,2,Import Quantity
Estonia,2012,555,Import Quantity
Eswatini,2012,101,Import Quantity
Ethiopia,2012,34,Import Quantity
Faroe Islands,2012,46,Import Quantity
Fiji,2012,662,Import Quantity
Finland,2012,1892,Import Quantity
France,2012,17927,Import Quantity
French Polynesia,2012,45,Import Quantity
Gabon,2012,255,Import Quantity
Gambia,2012,4796,Import Quantity
Georgia,2012,1932,Import Quantity
Germany,2012,56548,Import Quantity
Ghana,2012,2273,Import Quantity
Greece,2012,1799,Import Quantity
Grenada,2012,36,Import Quantity
Guatemala,2012,157,Import Quantity
Guinea,2012,5175,Import Quantity
Guinea-Bissau,2012,3,Import Quantity
Guyana,2012,230,Import Quantity
Haiti,2012,4,Import Quantity
Honduras,2012,154,Import Quantity
Hungary,2012,1276,Import Quantity
Iceland,2012,60,Import Quantity
India,2012,21257,Import Quantity
Indonesia,2012,24397,Import Quantity
Iran,2012,63557,Import Quantity
Iraq,2012,27050,Import Quantity
Ireland,2012,7815,Import Quantity
Israel,2012,2186,Import Quantity
Italy,2012,6634,Import Quantity
Jamaica,2012,224,Import Quantity
Japan,2012,37773,Import Quantity
Jordan,2012,4888,Import Quantity
Kazakhstan,2012,33400,Import Quantity
Kenya,2012,86893,Import Quantity
Kiribati,2012,24,Import Quantity
Kuwait,2012,8199,Import Quantity
Kyrgyzstan,2012,5089,Import Quantity
Laos,2012,183,Import Quantity
Latvia,2012,2062,Import Quantity
Lebanon,2012,2998,Import Quantity
Liberia,2012,484,Import Quantity
Libya,2012,21661,Import Quantity
Lithuania,2012,1307,Import Quantity
Luxembourg,2012,154,Import Quantity
Madagascar,2012,12,Import Quantity
Malawi,2012,61,Import Quantity
Malaysia,2012,18242,Import Quantity
Maldives,2012,338,Import Quantity
Mali,2012,12450,Import Quantity
Malta,2012,524,Import Quantity
Mauritania,2012,11790,Import Quantity
Mauritius,2012,39,Import Quantity
Mexico,2012,814,Import Quantity
Moldova,2012,761,Import Quantity
Mongolia,2012,2365,Import Quantity
Montenegro,2012,26,Import Quantity
Morocco,2012,53078,Import Quantity
Mozambique,2012,246,Import Quantity
Myanmar,2012,2646,Import Quantity
Namibia,2012,1289,Import Quantity
Nauru,2012,1,Import Quantity
Nepal,2012,379,Import Quantity
Netherlands,2012,22064,Import Quantity
New Caledonia,2012,147,Import Quantity
New Zealand,2012,1784,Import Quantity
Nicaragua,2012,13,Import Quantity
Niger,2012,13900,Import Quantity
Nigeria,2012,782,Import Quantity
North Macedonia,2012,558,Import Quantity
Norway,2012,1184,Import Quantity
Oman,2012,5204,Import Quantity
Pakistan,2012,122304,Import Quantity
Palestine,2012,65,Import Quantity
Panama,2012,413,Import Quantity
Papua New Guinea,2012,16,Import Quantity
Paraguay,2012,975,Import Quantity
Peru,2012,600,Import Quantity
Philippines,2012,1841,Import Quantity
Poland,2012,32950,Import Quantity
Portugal,2012,1292,Import Quantity
Qatar,2012,3041,Import Quantity
Romania,2012,450,Import Quantity
Russia,2012,180486,Import Quantity
Rwanda,2012,258,Import Quantity
Saint Kitts and Nevis,2012,2,Import Quantity
Saint Lucia,2012,15,Import Quantity
Saint Vincent and the Grenadines,2012,40,Import Quantity
Samoa,2012,54,Import Quantity
Sao Tome and Principe,2012,7,Import Quantity
Saudi Arabia,2012,33862,Import Quantity
Senegal,2012,5696,Import Quantity
Serbia,2012,89,Import Quantity
Seychelles,2012,86,Import Quantity
Sierra Leone,2012,242,Import Quantity
Singapore,2012,4642,Import Quantity
Slovakia,2012,495,Import Quantity
Slovenia,2012,125,Import Quantity
Solomon Islands,2012,86,Import Quantity
Somalia,2012,838,Import Quantity
South Africa,2012,24075,Import Quantity
South Korea,2012,700,Import Quantity
Spain,2012,4464,Import Quantity
Sri Lanka,2012,6705,Import Quantity
Sudan,2012,25106,Import Quantity
Suriname,2012,151,Import Quantity
Sweden,2012,3323,Import Quantity
Switzerland,2012,4622,Import Quantity
Syria,2012,25294,Import Quantity
Tajikistan,2012,5400,Import Quantity
Tanzania,2012,77,Import Quantity
Thailand,2012,5663,Import Quantity
Timor-Leste,2012,109,Import Quantity
Togo,2012,330,Import Quantity
Tonga,2012,12,Import Quantity
Trinidad and Tobago,2012,286,Import Quantity
Tunisia,2012,9744,Import Quantity
Turkmenistan,2012,3362,Import Quantity
Türkiye,2012,5158,Import Quantity
Uganda,2012,251,Import Quantity
Ukraine,2012,26038,Import Quantity
United Arab Emirates,2012,36541,Import Quantity
United Kingdom,2012,144587,Import Quantity
United States,2012,125656,Import Quantity
Uruguay,2012,366,Import Quantity
Uzbekistan,2012,28173,Import Quantity
Vanuatu,2012,6,Import Quantity
Venzuela,2012,283,Import Quantity
Vietnam,2012,3916,Import Quantity
Yemen,2012,17620,Import Quantity
Zambia,2012,1100,Import Quantity
Zimbabwe,2012,347,Import Quantity
Afghanistan,2006,18316,Import Quantity
Albania,2006,31,Import Quantity
Algeria,2006,11174,Import Quantity
Angola,2006,450,Import Quantity
Antigua and Barbuda,2006,6,Import Quantity
Argentina,2006,319,Import Quantity
Armenia,2006,218,Import Quantity
Australia,2006,13386,Import Quantity
Austria,2006,2269,Import Quantity
Azerbaijan,2006,6823,Import Quantity
Bahamas,2006,276,Import Quantity
Bahrain,2006,1216,Import Quantity
Bangladesh,2006,25,Import Quantity
Barbados,2006,191,Import Quantity
Belarus,2006,4059,Import Quantity
Belgium,2006,8888,Import Quantity
Belize,2006,47,Import Quantity
Benin,2006,55,Import Quantity
Bolivia,2006,435,Import Quantity
Bosnia and Herzegovina,2006,33,Import Quantity
Botswana,2006,75,Import Quantity
Brazil,2006,744,Import Quantity
Brunei,2006,149,Import Quantity
Bulgaria,2006,156,Import Quantity
Burkina Faso,2006,472,Import Quantity
Burundi,2006,11,Import Quantity
Cabo Verde,2006,20,Import Quantity
Cambodia,2006,7127,Import Quantity
Cameroon,2006,121,Import Quantity
Canada,2006,17704,Import Quantity
Central African Republic,2006,46,Import Quantity
Chad,2006,300,Import Quantity
Chile,2006,19098,Import Quantity
"China, Hong Kong SAR",2006,12799,Import Quantity
"China, Macao SAR",2006,938,Import Quantity
"China, Mainland",2006,3242,Import Quantity
"China, Taiwan Province of",2006,24319,Import Quantity
Colombia,2006,102,Import Quantity
Comoros,2006,1,Import Quantity
Congo (Brazzaville),2006,60,Import Quantity
Cook Islands,2006,8,Import Quantity
Costa Rica,2006,424,Import Quantity
Croatia,2006,116,Import Quantity
Cuba,2006,13,Import Quantity
Cyprus,2006,204,Import Quantity
Czechia,2006,2643,Import Quantity
Côte d'Ivoire,2006,1401,Import Quantity
DR Congo (Brazzaville),2006,1002,Import Quantity
Denmark,2006,1582,Import Quantity
Djibouti,2006,558,Import Quantity
Dominica,2006,9,Import Quantity
Dominican Republic,2006,10,Import Quantity
Ecuador,2006,14,Import Quantity
Egypt,2006,8812,Import Quantity
El Salvador,2006,97,Import Quantity
Eritrea,2006,4707,Import Quantity
Estonia,2006,625,Import Quantity
Eswatini,2006,1004,Import Quantity
Ethiopia,2006,39,Import Quantity
Faroe Islands,2006,50,Import Quantity
Fiji,2006,647,Import Quantity
Finland,2006,1298,Import Quantity
France,2006,16241,Import Quantity
French Polynesia,2006,31,Import Quantity
Gabon,2006,258,Import Quantity
Gambia,2006,3856,Import Quantity
Georgia,2006,783,Import Quantity
Germany,2006,46591,Import Quantity
Ghana,2006,12537,Import Quantity
Greece,2006,1055,Import Quantity
Grenada,2006,12,Import Quantity
Guatemala,2006,120,Import Quantity
Guinea,2006,705,Import Quantity
Guinea-Bissau,2006,26,Import Quantity
Guyana,2006,167,Import Quantity
Haiti,2006,1,Import Quantity
Honduras,2006,206,Import Quantity
Hungary,2006,2857,Import Quantity
Iceland,2006,46,Import Quantity
India,2006,23234,Import Quantity
Indonesia,2006,5294,Import Quantity
Iran,2006,29666,Import Quantity
Iraq,2006,9062,Import Quantity
Ireland,2006,9082,Import Quantity
Israel,2006,1610,Import Quantity
Italy,2006,8054,Import Quantity
Jamaica,2006,170,Import Quantity
Japan,2006,48123,Import Quantity
Jordan,2006,5172,Import Quantity
Kazakhstan,2006,26984,Import Quantity
Kenya,2006,12084,Import Quantity
Kiribati,2006,25,Import Quantity
Kuwait,2006,1200,Import Quantity
Kyrgyzstan,2006,4053,Import Quantity
Laos,2006,70,Import Quantity
Latvia,2006,1007,Import Quantity
Lebanon,2006,2511,Import Quantity
Liberia,2006,99,Import Quantity
Libya,2006,9360,Import Quantity
Lithuania,2006,1156,Import Quantity
Luxembourg,2006,79,Import Quantity
Madagascar,2006,18,Import Quantity
Malawi,2006,82,Import Quantity
Malaysia,2006,14790,Import Quantity
Maldives,2006,252,Import Quantity
Mali,2006,13043,Import Quantity
Malta,2006,460,Import Quantity
Mauritania,2006,8898,Import Quantity
Mauritius,2006,32,Import Quantity
Mexico,2006,401,Import Quantity
Moldova,2006,928,Import Quantity
Mongolia,2006,2370,Import Quantity
Montenegro,2006,60,Import Quantity
Morocco,2006,50607,Import Quantity
Mozambique,2006,1024,Import Quantity
Myanmar,2006,768,Import Quantity
Namibia,2006,61,Import Quantity
Nauru,2006,3,Import Quantity
Nepal,2006,149,Import Quantity
Netherlands,2006,34194,Import Quantity
New Caledonia,2006,130,Import Quantity
New Zealand,2006,2276,Import Quantity
Nicaragua,2006,184,Import Quantity
Niger,2006,4851,Import Quantity
Nigeria,2006,5489,Import Quantity
North Macedonia,2006,548,Import Quantity
Norway,2006,1005,Import Quantity
Oman,2006,11008,Import Quantity
Pakistan,2006,127071,Import Quantity
Palestine,2006,1700,Import Quantity
Panama,2006,229,Import Quantity
Papua New Guinea,2006,50,Import Quantity
Paraguay,2006,295,Import Quantity
Peru,2006,269,Import Quantity
Philippines,2006,1087,Import Quantity
Poland,2006,27131,Import Quantity
Portugal,2006,782,Import Quantity
Qatar,2006,2000,Import Quantity
Romania,2006,923,Import Quantity
Russia,2006,172860,Import Quantity
Rwanda,2006,48,Import Quantity
Saint Kitts and Nevis,2006,8,Import Quantity
Saint Lucia,2006,51,Import Quantity
Saint Vincent and the Grenadines,2006,7,Import Quantity
Samoa,2006,22,Import Quantity
Sao Tome and Principe,2006,440,Import Quantity
Saudi Arabia,2006,25172,Import Quantity
Senegal,2006,4682,Import Quantity
Serbia,2006,162,Import Quantity
Seychelles,2006,42,Import Quantity
Sierra Leone,2006,185,Import Quantity
Singapore,2006,4584,Import Quantity
Slovakia,2006,765,Import Quantity
Slovenia,2006,146,Import Quantity
Solomon Islands,2006,100,Import Quantity
Somalia,2006,2266,Import Quantity
South Africa,2006,22118,Import Quantity
South Korea,2006,891,Import Quantity
Spain,2006,2752,Import Quantity
Sri Lanka,2006,9803,Import Quantity
Sudan,2006,19000,Import Quantity
Suriname,2006,128,Import Quantity
Sweden,2006,3473,Import Quantity
Switzerland,2006,3906,Import Quantity
Syria,2006,27557,Import Quantity
Tajikistan,2006,5130,Import Quantity
Tanzania,2006,27,Import Quantity
Thailand,2006,1393,Import Quantity
Timor-Leste,2006,15,Import Quantity
Togo,2006,2313,Import Quantity
Tonga,2006,31,Import Quantity
Trinidad and Tobago,2006,271,Import Quantity
Tunisia,2006,3522,Import Quantity
Turkmenistan,2006,3900,Import Quantity
Tuvalu,2006,15,Import Quantity
Türkiye,2006,3821,Import Quantity
Uganda,2006,14,Import Quantity
Ukraine,2006,22667,Import Quantity
United Arab Emirates,2006,46073,Import Quantity
United Kingdom,2006,161981,Import Quantity
United States,2006,107572,Import Quantity
Uruguay,2006,459,Import Quantity
Uzbekistan,2006,20920,Import Quantity
Vanuatu,2006,23,Import Quantity
Venzuela,2006,154,Import Quantity
Yemen,2006,12342,Import Quantity
Zambia,2006,583,Import Quantity
Zimbabwe,2006,78,Import Quantity
Afghanistan,2008,39600,Import Quantity
Albania,2008,39,Import Quantity
Algeria,2008,11224,Import Quantity
Angola,2008,692,Import Quantity
Antigua and Barbuda,2008,21,Import Quantity
Argentina,2008,404,Import Quantity
Armenia,2008,264,Import Quantity
Australia,2008,14448,Import Quantity
Austria,2008,2646,Import Quantity
Azerbaijan,2008,7036,Import Quantity
Bahamas,2008,289,Import Quantity
Bahrain,2008,590,Import Quantity
Bangladesh,2008,52,Import Quantity
Barbados,2008,174,Import Quantity
Belarus,2008,5635,Import Quantity
Belgium,2008,10845,Import Quantity
Belize,2008,69,Import Quantity
Benin,2008,64,Import Quantity
Bhutan,2008,47,Import Quantity
Bolivia,2008,537,Import Quantity
Bosnia and Herzegovina,2008,47,Import Quantity
Botswana,2008,1877,Import Quantity
Brazil,2008,1079,Import Quantity
Brunei,2008,335,Import Quantity
Bulgaria,2008,273,Import Quantity
Burkina Faso,2008,457,Import Quantity
Burundi,2008,2,Import Quantity
Cabo Verde,2008,26,Import Quantity
Cambodia,2008,1203,Import Quantity
Cameroon,2008,392,Import Quantity
Canada,2008,17044,Import Quantity
Central African Republic,2008,27,Import Quantity
Chad,2008,32,Import Quantity
Chile,2008,22408,Import Quantity
"China, Hong Kong SAR",2008,11393,Import Quantity
"China, Macao SAR",2008,976,Import Quantity
"China, Mainland",2008,5375,Import Quantity
"China, Taiwan Province of",2008,4078,Import Quantity
Colombia,2008,120,Import Quantity
Comoros,2008,45,Import Quantity
Congo (Brazzaville),2008,60,Import Quantity
Cook Islands,2008,6,Import Quantity
Costa Rica,2008,307,Import Quantity
Croatia,2008,135,Import Quantity
Cuba,2008,8,Import Quantity
Cyprus,2008,321,Import Quantity
Czechia,2008,3010,Import Quantity
Côte d'Ivoire,2008,1836,Import Quantity
DR Congo (Brazzaville),2008,469,Import Quantity
Denmark,2008,1870,Import Quantity
Djibouti,2008,2537,Import Quantity
Dominica,2008,17,Import Quantity
Dominican Republic,2008,34,Import Quantity
Ecuador,2008,34,Import Quantity
Egypt,2008,107586,Import Quantity
El Salvador,2008,93,Import Quantity
Eritrea,2008,362,Import Quantity
Estonia,2008,611,Import Quantity
Eswatini,2008,774,Import Quantity
Ethiopia,2008,20,Import Quantity
Faroe Islands,2008,57,Import Quantity
Fiji,2008,668,Import Quantity
Finland,2008,1408,Import Quantity
France,2008,18641,Import Quantity
French Polynesia,2008,56,Import Quantity
Gabon,2008,131,Import Quantity
Gambia,2008,3210,Import Quantity
Georgia,2008,3050,Import Quantity
Germany,2008,50771,Import Quantity
Ghana,2008,1429,Import Quantity
Greece,2008,1260,Import Quantity
Grenada,2008,2,Import Quantity
Guatemala,2008,2170,Import Quantity
Guinea,2008,3087,Import Quantity
Guinea-Bissau,2008,1,Import Quantity
Guyana,2008,978,Import Quantity
Haiti,2008,25,Import Quantity
Honduras,2008,289,Import Quantity
Hungary,2008,2842,Import Quantity
Iceland,2008,58,Import Quantity
India,2008,24882,Import Quantity
Indonesia,2008,6625,Import Quantity
Iran,2008,52412,Import Quantity
Iraq,2008,36178,Import Quantity
Ireland,2008,9975,Import Quantity
Israel,2008,1907,Import Quantity
Italy,2008,7849,Import Quantity
Jamaica,2008,227,Import Quantity
Japan,2008,43116,Import Quantity
Jordan,2008,5998,Import Quantity
Kazakhstan,2008,29209,Import Quantity
Kenya,2008,3929,Import Quantity
Kiribati,2008,22,Import Quantity
Kuwait,2008,8702,Import Quantity
Kyrgyzstan,2008,4268,Import Quantity
Laos,2008,132,Import Quantity
Latvia,2008,1023,Import Quantity
Lebanon,2008,2554,Import Quantity
Liberia,2008,201,Import Quantity
Libya,2008,9745,Import Quantity
Lithuania,2008,1211,Import Quantity
Luxembourg,2008,67,Import Quantity
Madagascar,2008,18,Import Quantity
Malawi,2008,307,Import Quantity
Malaysia,2008,13639,Import Quantity
Maldives,2008,225,Import Quantity
Mali,2008,16995,Import Quantity
Malta,2008,466,Import Quantity
Mauritania,2008,8743,Import Quantity
Mauritius,2008,25,Import Quantity
Mexico,2008,580,Import Quantity
Moldova,2008,967,Import Quantity
Mongolia,2008,2553,Import Quantity
Montenegro,2008,31,Import Quantity
Morocco,2008,51872,Import Quantity
Mozambique,2008,557,Import Quantity
Myanmar,2008,1609,Import Quantity
Namibia,2008,350,Import Quantity
Nauru,2008,2,Import Quantity
Nepal,2008,269,Import Quantity
Netherlands,2008,32481,Import Quantity
New Caledonia,2008,36,Import Quantity
New Zealand,2008,2084,Import Quantity
Nicaragua,2008,17,Import Quantity
Niger,2008,7706,Import Quantity
Nigeria,2008,4492,Import Quantity
North Macedonia,2008,577,Import Quantity
Norway,2008,1128,Import Quantity
Oman,2008,5432,Import Quantity
Pakistan,2008,100391,Import Quantity
Palestine,2008,67,Import Quantity
Panama,2008,327,Import Quantity
Papua New Guinea,2008,25,Import Quantity
Paraguay,2008,71,Import Quantity
Peru,2008,312,Import Quantity
Philippines,2008,1476,Import Quantity
Poland,2008,30942,Import Quantity
Portugal,2008,1066,Import Quantity
Qatar,2008,2718,Import Quantity
Romania,2008,955,Import Quantity
Russia,2008,181859,Import Quantity
Rwanda,2008,96,Import Quantity
Saint Kitts and Nevis,2008,30,Import Quantity
Saint Lucia,2008,41,Import Quantity
Saint Vincent and the Grenadines,2008,31,Import Quantity
Samoa,2008,53,Import Quantity
Sao Tome and Principe,2008,20,Import Quantity
Saudi Arabia,2008,19572,Import Quantity
Senegal,2008,5650,Import Quantity
Serbia,2008,164,Import Quantity
Seychelles,2008,88,Import Quantity
Sierra Leone,2008,232,Import Quantity
Singapore,2008,4373,Import Quantity
Slovakia,2008,737,Import Quantity
Slovenia,2008,168,Import Quantity
Solomon Islands,2008,5,Import Quantity
Somalia,2008,4349,Import Quantity
South Africa,2008,21095,Import Quantity
South Korea,2008,450,Import Quantity
Spain,2008,3601,Import Quantity
Sri Lanka,2008,14752,Import Quantity
Sudan,2008,24508,Import Quantity
Suriname,2008,246,Import Quantity
Sweden,2008,4711,Import Quantity
Switzerland,2008,3368,Import Quantity
Syria,2008,32090,Import Quantity
Tajikistan,2008,2257,Import Quantity
Tanzania,2008,66,Import Quantity
Thailand,2008,1935,Import Quantity
Timor-Leste,2008,38,Import Quantity
Togo,2008,203,Import Quantity
Tonga,2008,8,Import Quantity
Trinidad and Tobago,2008,131,Import Quantity
Tunisia,2008,10385,Import Quantity
Turkmenistan,2008,4563,Import Quantity
Tuvalu,2008,1,Import Quantity
Türkiye,2008,4305,Import Quantity
Uganda,2008,38,Import Quantity
Ukraine,2008,28035,Import Quantity
United Arab Emirates,2008,109575,Import Quantity
United Kingdom,2008,157593,Import Quantity
United States,2008,116746,Import Quantity
Uruguay,2008,496,Import Quantity
Uzbekistan,2008,25661,Import Quantity
Vanuatu,2008,35,Import Quantity
Venzuela,2008,200,Import Quantity
Yemen,2008,14073,Import Quantity
Zambia,2008,474,Import Quantity
Zimbabwe,2008,97,Import Quantity
Afghanistan,2007,27879,Import Quantity
Albania,2007,26,Import Quantity
Algeria,2007,10798,Import Quantity
Angola,2007,454,Import Quantity
Antigua and Barbuda,2007,12,Import Quantity
Argentina,2007,443,Import Quantity
Armenia,2007,252,Import Quantity
Australia,2007,13875,Import Quantity
Austria,2007,2858,Import Quantity
Azerbaijan,2007,8137,Import Quantity
Bahamas,2007,320,Import Quantity
Bahrain,2007,1350,Import Quantity
Bangladesh,2007,45,Import Quantity
Barbados,2007,159,Import Quantity
Belarus,2007,4924,Import Quantity
Belgium,2007,10533,Import Quantity
Belize,2007,66,Import Quantity
Benin,2007,84,Import Quantity
Bhutan,2007,21,Import Quantity
Bolivia,2007,511,Import Quantity
Bosnia and Herzegovina,2007,30,Import Quantity
Botswana,2007,2498,Import Quantity
Brazil,2007,873,Import Quantity
Brunei,2007,271,Import Quantity
Bulgaria,2007,206,Import Quantity
Burkina Faso,2007,750,Import Quantity
Burundi,2007,1,Import Quantity
Cabo Verde,2007,32,Import Quantity
Cambodia,2007,6672,Import Quantity
Cameroon,2007,572,Import Quantity
Canada,2007,19342,Import Quantity
Central African Republic,2007,17,Import Quantity
Chad,2007,250,Import Quantity
Chile,2007,19612,Import Quantity
"China, Hong Kong SAR",2007,11748,Import Quantity
"China, Macao SAR",2007,1145,Import Quantity
"China, Mainland",2007,5304,Import Quantity
"China, Taiwan Province of",2007,23000,Import Quantity
Colombia,2007,139,Import Quantity
Comoros,2007,26,Import Quantity
Congo (Brazzaville),2007,180,Import Quantity
Cook Islands,2007,8,Import Quantity
Costa Rica,2007,348,Import Quantity
Croatia,2007,138,Import Quantity
Cuba,2007,45,Import Quantity
Cyprus,2007,232,Import Quantity
Czechia,2007,3008,Import Quantity
Côte d'Ivoire,2007,1708,Import Quantity
DR Congo (Brazzaville),2007,257,Import Quantity
Denmark,2007,1416,Import Quantity
Djibouti,2007,741,Import Quantity
Dominica,2007,7,Import Quantity
Dominican Republic,2007,23,Import Quantity
Ecuador,2007,33,Import Quantity
Egypt,2007,22305,Import Quantity
El Salvador,2007,114,Import Quantity
Eritrea,2007,800,Import Quantity
Estonia,2007,616,Import Quantity
Eswatini,2007,774,Import Quantity
Ethiopia,2007,33,Import Quantity
Faroe Islands,2007,60,Import Quantity
Fiji,2007,642,Import Quantity
Finland,2007,1265,Import Quantity
France,2007,17885,Import Quantity
French Polynesia,2007,56,Import Quantity
Gabon,2007,50,Import Quantity
Gambia,2007,3202,Import Quantity
Georgia,2007,803,Import Quantity
Germany,2007,48408,Import Quantity
Ghana,2007,1111,Import Quantity
Greece,2007,1197,Import Quantity
Grenada,2007,308,Import Quantity
Guatemala,2007,147,Import Quantity
Guinea,2007,1268,Import Quantity
Guinea-Bissau,2007,1,Import Quantity
Guyana,2007,174,Import Quantity
Haiti,2007,2,Import Quantity
Honduras,2007,332,Import Quantity
Hungary,2007,2380,Import Quantity
Iceland,2007,58,Import Quantity
India,2007,19586,Import Quantity
Indonesia,2007,8695,Import Quantity
Iran,2007,45820,Import Quantity
Iraq,2007,15717,Import Quantity
Ireland,2007,9248,Import Quantity
Israel,2007,1069,Import Quantity
Italy,2007,7275,Import Quantity
Jamaica,2007,238,Import Quantity
Japan,2007,47341,Import Quantity
Jordan,2007,4720,Import Quantity
Kazakhstan,2007,26474,Import Quantity
Kenya,2007,8655,Import Quantity
Kiribati,2007,71,Import Quantity
Kuwait,2007,652,Import Quantity
Kyrgyzstan,2007,3869,Import Quantity
Laos,2007,103,Import Quantity
Latvia,2007,1051,Import Quantity
Lebanon,2007,2248,Import Quantity
Liberia,2007,257,Import Quantity
Libya,2007,788,Import Quantity
Lithuania,2007,1331,Import Quantity
Luxembourg,2007,75,Import Quantity
Madagascar,2007,18,Import Quantity
Malawi,2007,343,Import Quantity
Malaysia,2007,15659,Import Quantity
Maldives,2007,382,Import Quantity
Mali,2007,13963,Import Quantity
Malta,2007,520,Import Quantity
Mauritania,2007,10458,Import Quantity
Mauritius,2007,33,Import Quantity
Mexico,2007,522,Import Quantity
Moldova,2007,990,Import Quantity
Mongolia,2007,2500,Import Quantity
Montenegro,2007,50,Import Quantity
Morocco,2007,55075,Import Quantity
Mozambique,2007,385,Import Quantity
Myanmar,2007,1114,Import Quantity
Namibia,2007,394,Import Quantity
Nauru,2007,2,Import Quantity
Nepal,2007,143,Import Quantity
Netherlands,2007,30859,Import Quantity
New Caledonia,2007,144,Import Quantity
New Zealand,2007,1981,Import Quantity
Nicaragua,2007,66,Import Quantity
Niger,2007,6747,Import Quantity
Nigeria,2007,18119,Import Quantity
Niue,2007,1,Import Quantity
North Macedonia,2007,100,Import Quantity
Norway,2007,1128,Import Quantity
Oman,2007,9331,Import Quantity
Pakistan,2007,112136,Import Quantity
Palestine,2007,231,Import Quantity
Panama,2007,239,Import Quantity
Papua New Guinea,2007,4,Import Quantity
Paraguay,2007,66,Import Quantity
Peru,2007,374,Import Quantity
Philippines,2007,1203,Import Quantity
Poland,2007,28070,Import Quantity
Portugal,2007,757,Import Quantity
Qatar,2007,2341,Import Quantity
Romania,2007,829,Import Quantity
Russia,2007,181627,Import Quantity
Rwanda,2007,57,Import Quantity
Saint Kitts and Nevis,2007,7,Import Quantity
Saint Lucia,2007,57,Import Quantity
Saint Vincent and the Grenadines,2007,20,Import Quantity
Samoa,2007,50,Import Quantity
Sao Tome and Principe,2007,367,Import Quantity
Saudi Arabia,2007,29188,Import Quantity
Senegal,2007,6792,Import Quantity
Serbia,2007,151,Import Quantity
Seychelles,2007,76,Import Quantity
Sierra Leone,2007,319,Import Quantity
Singapore,2007,4462,Import Quantity
Slovakia,2007,991,Import Quantity
Slovenia,2007,199,Import Quantity
Solomon Islands,2007,60,Import Quantity
Somalia,2007,2931,Import Quantity
South Africa,2007,20576,Import Quantity
South Korea,2007,736,Import Quantity
Spain,2007,3000,Import Quantity
Sri Lanka,2007,13521,Import Quantity
Sudan,2007,23082,Import Quantity
Suriname,2007,69,Import Quantity
Sweden,2007,4326,Import Quantity
Switzerland,2007,2445,Import Quantity
Syria,2007,25377,Import Quantity
Tajikistan,2007,4300,Import Quantity
Tanzania,2007,11,Import Quantity
Thailand,2007,1647,Import Quantity
Togo,2007,194,Import Quantity
Tonga,2007,25,Import Quantity
Trinidad and Tobago,2007,344,Import Quantity
Tunisia,2007,9270,Import Quantity
Turkmenistan,2007,2891,Import Quantity
Tuvalu,2007,1,Import Quantity
Türkiye,2007,3511,Import Quantity
Uganda,2007,56,Import Quantity
Ukraine,2007,24021,Import Quantity
United Arab Emirates,2007,98022,Import Quantity
United Kingdom,2007,157280,Import Quantity
United States,2007,109400,Import Quantity
Uruguay,2007,455,Import Quantity
Uzbekistan,2007,20463,Import Quantity
Vanuatu,2007,48,Import Quantity
Venzuela,2007,195,Import Quantity
Yemen,2007,16456,Import Quantity
Zambia,2007,502,Import Quantity
Zimbabwe,2007,5111,Import Quantity
Afghanistan,2017,79545,Import Quantity
Albania,2017,4,Import Quantity
Algeria,2017,14060,Import Quantity
Angola,2017,591,Import Quantity
Antigua and Barbuda,2017,115,Import Quantity
Argentina,2017,394,Import Quantity
Armenia,2017,339,Import Quantity
Australia,2017,13839,Import Quantity
Austria,2017,3555,Import Quantity
Azerbaijan,2017,13698,Import Quantity
Bahamas,2017,404,Import Quantity
Bahrain,2017,1739,Import Quantity
Bangladesh,2017,2863,Import Quantity
Barbados,2017,255,Import Quantity
Belarus,2017,5876,Import Quantity
Belgium,2017,16153,Import Quantity
Belize,2017,26,Import Quantity
Benin,2017,374,Import Quantity
Bhutan,2017,76,Import Quantity
Bolivia,2017,678,Import Quantity
Bosnia and Herzegovina,2017,61,Import Quantity
Botswana,2017,1548,Import Quantity
Brazil,2017,1013,Import Quantity
Brunei,2017,163,Import Quantity
Bulgaria,2017,821,Import Quantity
Burkina Faso,2017,5172,Import Quantity
Burundi,2017,10,Import Quantity
Cabo Verde,2017,47,Import Quantity
Cambodia,2017,245,Import Quantity
Cameroon,2017,315,Import Quantity
Canada,2017,19744,Import Quantity
Chad,2017,1153,Import Quantity
Chile,2017,19422,Import Quantity
"China, Hong Kong SAR",2017,15729,Import Quantity
"China, Macao SAR",2017,1008,Import Quantity
"China, Mainland",2017,29694,Import Quantity
"China, Taiwan Province of",2017,30210,Import Quantity
Colombia,2017,329,Import Quantity
Comoros,2017,7,Import Quantity
Congo (Brazzaville),2017,192,Import Quantity
Cook Islands,2017,5,Import Quantity
Costa Rica,2017,316,Import Quantity
Croatia,2017,187,Import Quantity
Cuba,2017,42,Import Quantity
Cyprus,2017,410,Import Quantity
Czechia,2017,2623,Import Quantity
Côte d'Ivoire,2017,2476,Import Quantity
DR Congo (Brazzaville),2017,618,Import Quantity
Denmark,2017,2788,Import Quantity
Djibouti,2017,576,Import Quantity
Dominica,2017,14,Import Quantity
Dominican Republic,2017,208,Import Quantity
Ecuador,2017,56,Import Quantity
Egypt,2017,96842,Import Quantity
El Salvador,2017,50,Import Quantity
Equatorial Guinea,2017,35,Import Quantity
Eritrea,2017,276,Import Quantity
Estonia,2017,432,Import Quantity
Eswatini,2017,605,Import Quantity
Ethiopia,2017,55,Import Quantity
Faroe Islands,2017,59,Import Quantity
Fiji,2017,757,Import Quantity
Finland,2017,1326,Import Quantity
France,2017,17519,Import Quantity
French Polynesia,2017,24,Import Quantity
Gabon,2017,368,Import Quantity
Gambia,2017,4297,Import Quantity
Georgia,2017,2618,Import Quantity
Germany,2017,54074,Import Quantity
Ghana,2017,1685,Import Quantity
Greece,2017,1230,Import Quantity
Grenada,2017,30,Import Quantity
Guatemala,2017,183,Import Quantity
Guinea,2017,3533,Import Quantity
Guyana,2017,267,Import Quantity
Haiti,2017,4,Import Quantity
Honduras,2017,49,Import Quantity
Hungary,2017,759,Import Quantity
Iceland,2017,127,Import Quantity
India,2017,18441,Import Quantity
Indonesia,2017,16048,Import Quantity
Iran,2017,58146,Import Quantity
Iraq,2017,47799,Import Quantity
Ireland,2017,9656,Import Quantity
Israel,2017,1617,Import Quantity
Italy,2017,8484,Import Quantity
Jamaica,2017,232,Import Quantity
Japan,2017,30430,Import Quantity
Jordan,2017,8310,Import Quantity
Kazakhstan,2017,33266,Import Quantity
Kenya,2017,8551,Import Quantity
Kiribati,2017,22,Import Quantity
Kuwait,2017,7110,Import Quantity
Kyrgyzstan,2017,5983,Import Quantity
Laos,2017,102,Import Quantity
Latvia,2017,942,Import Quantity
Lebanon,2017,4603,Import Quantity
Lesotho,2017,789,Import Quantity
Liberia,2017,272,Import Quantity
Libya,2017,20512,Import Quantity
Lithuania,2017,1290,Import Quantity
Luxembourg,2017,230,Import Quantity
Madagascar,2017,19,Import Quantity
Malawi,2017,56,Import Quantity
Malaysia,2017,24234,Import Quantity
Maldives,2017,306,Import Quantity
Mali,2017,17341,Import Quantity
Malta,2017,505,Import Quantity
Mauritania,2017,17218,Import Quantity
Mauritius,2017,372,Import Quantity
Mexico,2017,1292,Import Quantity
Moldova,2017,997,Import Quantity
Mongolia,2017,2194,Import Quantity
Montenegro,2017,25,Import Quantity
Morocco,2017,72532,Import Quantity
Mozambique,2017,5689,Import Quantity
Myanmar,2017,865,Import Quantity
Namibia,2017,1444,Import Quantity
Nauru,2017,3,Import Quantity
Nepal,2017,366,Import Quantity
Netherlands,2017,27344,Import Quantity
New Caledonia,2017,76,Import Quantity
New Zealand,2017,2424,Import Quantity
Nicaragua,2017,33,Import Quantity
Niger,2017,11234,Import Quantity
Nigeria,2017,7084,Import Quantity
Niue,2017,2,Import Quantity
North Macedonia,2017,611,Import Quantity
Norway,2017,932,Import Quantity
Oman,2017,7746,Import Quantity
Pakistan,2017,183496,Import Quantity
Panama,2017,515,Import Quantity
Papua New Guinea,2017,99,Import Quantity
Paraguay,2017,745,Import Quantity
Peru,2017,1201,Import Quantity
Philippines,2017,2726,Import Quantity
Poland,2017,37367,Import Quantity
Portugal,2017,723,Import Quantity
Qatar,2017,4090,Import Quantity
Romania,2017,613,Import Quantity
Russia,2017,168785,Import Quantity
Rwanda,2017,332,Import Quantity
Saint Kitts and Nevis,2017,53,Import Quantity
Saint Lucia,2017,94,Import Quantity
Saint Vincent and the Grenadines,2017,10,Import Quantity
Samoa,2017,91,Import Quantity
Sao Tome and Principe,2017,7,Import Quantity
Saudi Arabia,2017,35689,Import Quantity
Senegal,2017,7234,Import Quantity
Serbia,2017,79,Import Quantity
Seychelles,2017,178,Import Quantity
Sierra Leone,2017,568,Import Quantity
Singapore,2017,5069,Import Quantity
Slovakia,2017,492,Import Quantity
Slovenia,2017,124,Import Quantity
Solomon Islands,2017,289,Import Quantity
Somalia,2017,3939,Import Quantity
South Africa,2017,27051,Import Quantity
South Korea,2017,1188,Import Quantity
Spain,2017,6670,Import Quantity
Sri Lanka,2017,9606,Import Quantity
Sudan,2017,22202,Import Quantity
Suriname,2017,522,Import Quantity
Sweden,2017,3446,Import Quantity
Switzerland,2017,6417,Import Quantity
Syria,2017,7630,Import Quantity
Tajikistan,2017,4831,Import Quantity
Tanzania,2017,493,Import Quantity
Thailand,2017,9239,Import Quantity
Timor-Leste,2017,166,Import Quantity
Togo,2017,367,Import Quantity
Tonga,2017,2,Import Quantity
Trinidad and Tobago,2017,273,Import Quantity
Tunisia,2017,9130,Import Quantity
Turkmenistan,2017,3851,Import Quantity
Tuvalu,2017,3,Import Quantity
Türkiye,2017,22076,Import Quantity
Uganda,2017,125,Import Quantity
Ukraine,2017,17698,Import Quantity
United Arab Emirates,2017,100206,Import Quantity
United Kingdom,2017,125810,Import Quantity
United States,2017,126299,Import Quantity
Uruguay,2017,465,Import Quantity
Uzbekistan,2017,23293,Import Quantity
Vanuatu,2017,6,Import Quantity
Venzuela,2017,15,Import Quantity
Vietnam,2017,3764,Import Quantity
Yemen,2017,17668,Import Quantity
Zambia,2017,1143,Import Quantity
Zimbabwe,2017,512,Import Quantity
Afghanistan,2015,72362,Import Quantity
Albania,2015,32,Import Quantity
Algeria,2015,15061,Import Quantity
Angola,2015,483,Import Quantity
Antigua and Barbuda,2015,62,Import Quantity
Argentina,2015,439,Import Quantity
Armenia,2015,414,Import Quantity
Australia,2015,20895,Import Quantity
Austria,2015,3182,Import Quantity
Azerbaijan,2015,11875,Import Quantity
Bahamas,2015,477,Import Quantity
Bahrain,2015,1564,Import Quantity
Bangladesh,2015,10257,Import Quantity
Barbados,2015,303,Import Quantity
Belarus,2015,6282,Import Quantity
Belgium,2015,17895,Import Quantity
Belize,2015,36,Import Quantity
Benin,2015,472,Import Quantity
Bhutan,2015,9,Import Quantity
Bolivia,2015,545,Import Quantity
Bosnia and Herzegovina,2015,65,Import Quantity
Botswana,2015,1764,Import Quantity
Brazil,2015,880,Import Quantity
Brunei,2015,162,Import Quantity
Bulgaria,2015,440,Import Quantity
Burkina Faso,2015,6353,Import Quantity
Burundi,2015,6,Import Quantity
Cabo Verde,2015,26,Import Quantity
Cambodia,2015,129,Import Quantity
Cameroon,2015,318,Import Quantity
Canada,2015,18099,Import Quantity
Chad,2015,1223,Import Quantity
Chile,2015,21293,Import Quantity
"China, Hong Kong SAR",2015,12596,Import Quantity
"China, Macao SAR",2015,1077,Import Quantity
"China, Mainland",2015,22865,Import Quantity
"China, Taiwan Province of",2015,29935,Import Quantity
Colombia,2015,288,Import Quantity
Congo (Brazzaville),2015,315,Import Quantity
Cook Islands,2015,7,Import Quantity
Costa Rica,2015,305,Import Quantity
Croatia,2015,174,Import Quantity
Cuba,2015,40,Import Quantity
Cyprus,2015,520,Import Quantity
Czechia,2015,2551,Import Quantity
Côte d'Ivoire,2015,1836,Import Quantity
DR Congo (Brazzaville),2015,281,Import Quantity
Denmark,2015,2279,Import Quantity
Djibouti,2015,83,Import Quantity
Dominica,2015,4,Import Quantity
Dominican Republic,2015,192,Import Quantity
Ecuador,2015,42,Import Quantity
Egypt,2015,87950,Import Quantity
El Salvador,2015,59,Import Quantity
Equatorial Guinea,2015,28,Import Quantity
Eritrea,2015,21,Import Quantity
Estonia,2015,561,Import Quantity
Eswatini,2015,879,Import Quantity
Ethiopia,2015,126,Import Quantity
Faroe Islands,2015,53,Import Quantity
Fiji,2015,646,Import Quantity
Finland,2015,1070,Import Quantity
France,2015,21339,Import Quantity
French Polynesia,2015,31,Import Quantity
Gabon,2015,276,Import Quantity
Gambia,2015,3991,Import Quantity
Georgia,2015,924,Import Quantity
Germany,2015,57451,Import Quantity
Ghana,2015,9880,Import Quantity
Greece,2015,2588,Import Quantity
Grenada,2015,25,Import Quantity
Guatemala,2015,181,Import Quantity
Guinea,2015,3337,Import Quantity
Guinea-Bissau,2015,887,Import Quantity
Guyana,2015,296,Import Quantity
Haiti,2015,12,Import Quantity
Honduras,2015,84,Import Quantity
Hungary,2015,844,Import Quantity
Iceland,2015,85,Import Quantity
India,2015,20425,Import Quantity
Indonesia,2015,15164,Import Quantity
Iran,2015,70248,Import Quantity
Iraq,2015,37030,Import Quantity
Ireland,2015,7927,Import Quantity
Israel,2015,2017,Import Quantity
Italy,2015,7869,Import Quantity
Jamaica,2015,252,Import Quantity
Japan,2015,30599,Import Quantity
Jordan,2015,7181,Import Quantity
Kazakhstan,2015,28590,Import Quantity
Kenya,2015,106079,Import Quantity
Kiribati,2015,22,Import Quantity
Kuwait,2015,5963,Import Quantity
Kyrgyzstan,2015,3805,Import Quantity
Laos,2015,23,Import Quantity
Latvia,2015,1215,Import Quantity
Lebanon,2015,3402,Import Quantity
Lesotho,2015,387,Import Quantity
Liberia,2015,398,Import Quantity
Libya,2015,16255,Import Quantity
Lithuania,2015,2128,Import Quantity
Luxembourg,2015,161,Import Quantity
Madagascar,2015,28,Import Quantity
Malawi,2015,116,Import Quantity
Malaysia,2015,21284,Import Quantity
Maldives,2015,322,Import Quantity
Mali,2015,6765,Import Quantity
Malta,2015,582,Import Quantity
Mauritania,2015,13027,Import Quantity
Mauritius,2015,126,Import Quantity
Mexico,2015,1095,Import Quantity
Moldova,2015,765,Import Quantity
Mongolia,2015,2195,Import Quantity
Montenegro,2015,26,Import Quantity
Morocco,2015,64442,Import Quantity
Mozambique,2015,1011,Import Quantity
Myanmar,2015,561,Import Quantity
Namibia,2015,1665,Import Quantity
Nauru,2015,1,Import Quantity
Nepal,2015,325,Import Quantity
Netherlands,2015,25783,Import Quantity
New Caledonia,2015,132,Import Quantity
New Zealand,2015,2378,Import Quantity
Nicaragua,2015,37,Import Quantity
Niger,2015,11336,Import Quantity
Nigeria,2015,1116,Import Quantity
Niue,2015,4,Import Quantity
North Macedonia,2015,565,Import Quantity
Norway,2015,1043,Import Quantity
Oman,2015,5668,Import Quantity
Pakistan,2015,164642,Import Quantity
Panama,2015,199,Import Quantity
Papua New Guinea,2015,52,Import Quantity
Paraguay,2015,718,Import Quantity
Peru,2015,775,Import Quantity
Philippines,2015,1641,Import Quantity
Poland,2015,34785,Import Quantity
Portugal,2015,1156,Import Quantity
Qatar,2015,3255,Import Quantity
Romania,2015,672,Import Quantity
Russia,2015,173065,Import Quantity
Rwanda,2015,235,Import Quantity
Saint Kitts and Nevis,2015,8,Import Quantity
Saint Lucia,2015,29,Import Quantity
Saint Vincent and the Grenadines,2015,24,Import Quantity
Samoa,2015,85,Import Quantity
Sao Tome and Principe,2015,6,Import Quantity
Saudi Arabia,2015,36576,Import Quantity
Senegal,2015,6952,Import Quantity
Serbia,2015,116,Import Quantity
Seychelles,2015,129,Import Quantity
Sierra Leone,2015,495,Import Quantity
Singapore,2015,4953,Import Quantity
Slovakia,2015,660,Import Quantity
Slovenia,2015,126,Import Quantity
Solomon Islands,2015,5,Import Quantity
Somalia,2015,865,Import Quantity
South Africa,2015,26052,Import Quantity
South Korea,2015,829,Import Quantity
Spain,2015,5389,Import Quantity
Sri Lanka,2015,6971,Import Quantity
Sudan,2015,30057,Import Quantity
Suriname,2015,520,Import Quantity
Sweden,2015,3373,Import Quantity
Switzerland,2015,5917,Import Quantity
Syria,2015,12579,Import Quantity
Tajikistan,2015,2419,Import Quantity
Tanzania,2015,203,Import Quantity
Thailand,2015,6990,Import Quantity
Timor-Leste,2015,154,Import Quantity
Togo,2015,214,Import Quantity
Tonga,2015,8,Import Quantity
Trinidad and Tobago,2015,379,Import Quantity
Tunisia,2015,6373,Import Quantity
Turkmenistan,2015,2862,Import Quantity
Tuvalu,2015,5,Import Quantity
Türkiye,2015,5670,Import Quantity
Uganda,2015,757,Import Quantity
Ukraine,2015,18320,Import Quantity
United Arab Emirates,2015,104209,Import Quantity
United Kingdom,2015,133503,Import Quantity
United States,2015,129708,Import Quantity
Uruguay,2015,395,Import Quantity
Uzbekistan,2015,29563,Import Quantity
Vanuatu,2015,10,Import Quantity
Venzuela,2015,145,Import Quantity
Vietnam,2015,4360,Import Quantity
Yemen,2015,12933,Import Quantity
Zambia,2015,1203,Import Quantity
Zimbabwe,2015,692,Import Quantity
Afghanistan,2020,15052,Import Quantity
Albania,2020,33,Import Quantity
Algeria,2020,15043,Import Quantity
Angola,2020,407,Import Quantity
Antigua and Barbuda,2020,24,Import Quantity
Argentina,2020,317,Import Quantity
Armenia,2020,504,Import Quantity
Australia,2020,13097,Import Quantity
Austria,2020,2551,Import Quantity
Azerbaijan,2020,13985,Import Quantity
Bahamas,2020,403,Import Quantity
Bahrain,2020,1803,Import Quantity
Bangladesh,2020,400,Import Quantity
Barbados,2020,247,Import Quantity
Belarus,2020,6988,Import Quantity
Belgium,2020,11833,Import Quantity
Belize,2020,392,Import Quantity
Benin,2020,199,Import Quantity
Bhutan,2020,431,Import Quantity
Bolivia,2020,725,Import Quantity
Bosnia and Herzegovina,2020,52,Import Quantity
Botswana,2020,2176,Import Quantity
Brazil,2020,646,Import Quantity
Brunei,2020,241,Import Quantity
Bulgaria,2020,535,Import Quantity
Burkina Faso,2020,1873,Import Quantity
Burundi,2020,18,Import Quantity
Cambodia,2020,361,Import Quantity
Cameroon,2020,13733,Import Quantity
Canada,2020,17636,Import Quantity
Central African Republic,2020,164,Import Quantity
Chad,2020,1716,Import Quantity
Chile,2020,23028,Import Quantity
"China, Hong Kong SAR",2020,17825,Import Quantity
"China, Macao SAR",2020,1022,Import Quantity
"China, Mainland",2020,43343,Import Quantity
"China, Taiwan Province of",2020,30569,Import Quantity
Colombia,2020,436,Import Quantity
Comoros,2020,11,Import Quantity
Congo (Brazzaville),2020,205,Import Quantity
Cook Islands,2020,9,Import Quantity
Costa Rica,2020,375,Import Quantity
Croatia,2020,234,Import Quantity
Cuba,2020,7,Import Quantity
Cyprus,2020,301,Import Quantity
Czechia,2020,2356,Import Quantity
Côte d'Ivoire,2020,3563,Import Quantity
DR Congo (Brazzaville),2020,538,Import Quantity
Denmark,2020,4477,Import Quantity
Djibouti,2020,497,Import Quantity
Dominica,2020,19,Import Quantity
Dominican Republic,2020,229,Import Quantity
Ecuador,2020,74,Import Quantity
Egypt,2020,75487,Import Quantity
El Salvador,2020,100,Import Quantity
Equatorial Guinea,2020,35,Import Quantity
Eritrea,2020,90,Import Quantity
Estonia,2020,433,Import Quantity
Eswatini,2020,657,Import Quantity
Ethiopia,2020,19,Import Quantity
Faroe Islands,2020,38,Import Quantity
Fiji,2020,790,Import Quantity
Finland,2020,943,Import Quantity
France,2020,17487,Import Quantity
French Polynesia,2020,32,Import Quantity
Gabon,2020,298,Import Quantity
Gambia,2020,4160,Import Quantity
Georgia,2020,2936,Import Quantity
Germany,2020,41759,Import Quantity
Ghana,2020,1600,Import Quantity
Greece,2020,997,Import Quantity
Grenada,2020,50,Import Quantity
Guatemala,2020,250,Import Quantity
Guinea,2020,4227,Import Quantity
Guinea-Bissau,2020,33,Import Quantity
Guyana,2020,283,Import Quantity
Haiti,2020,11,Import Quantity
Honduras,2020,55,Import Quantity
Hungary,2020,689,Import Quantity
Iceland,2020,95,Import Quantity
India,2020,33184,Import Quantity
Indonesia,2020,14909,Import Quantity
Iran,2020,63381,Import Quantity
Iraq,2020,54931,Import Quantity
Ireland,2020,11434,Import Quantity
Israel,2020,1703,Import Quantity
Italy,2020,7368,Import Quantity
Jamaica,2020,204,Import Quantity
Japan,2020,27476,Import Quantity
Jordan,2020,11510,Import Quantity
Kazakhstan,2020,29251,Import Quantity
Kenya,2020,10167,Import Quantity
Kiribati,2020,73,Import Quantity
Kuwait,2020,6045,Import Quantity
Kyrgyzstan,2020,7956,Import Quantity
Laos,2020,1935,Import Quantity
Latvia,2020,862,Import Quantity
Lebanon,2020,3069,Import Quantity
Lesotho,2020,1232,Import Quantity
Liberia,2020,326,Import Quantity
Libya,2020,11344,Import Quantity
Lithuania,2020,929,Import Quantity
Luxembourg,2020,148,Import Quantity
Madagascar,2020,18,Import Quantity
Malawi,2020,144,Import Quantity
Malaysia,2020,27300,Import Quantity
Maldives,2020,263,Import Quantity
Mali,2020,5757,Import Quantity
Malta,2020,406,Import Quantity
Mauritania,2020,15806,Import Quantity
Mauritius,2020,455,Import Quantity
Mexico,2020,1393,Import Quantity
Moldova,2020,922,Import Quantity
Mongolia,2020,2070,Import Quantity
Montenegro,2020,18,Import Quantity
Morocco,2020,71535,Import Quantity
Mozambique,2020,657,Import Quantity
Myanmar,2020,497,Import Quantity
Namibia,2020,1042,Import Quantity
Nauru,2020,1,Import Quantity
Nepal,2020,243,Import Quantity
Netherlands,2020,22824,Import Quantity
New Caledonia,2020,69,Import Quantity
New Zealand,2020,2623,Import Quantity
Nicaragua,2020,124,Import Quantity
Niger,2020,10512,Import Quantity
Nigeria,2020,9743,Import Quantity
Niue,2020,1,Import Quantity
North Macedonia,2020,490,Import Quantity
Norway,2020,1035,Import Quantity
Oman,2020,8272,Import Quantity
Pakistan,2020,254406,Import Quantity
Panama,2020,495,Import Quantity
Papua New Guinea,2020,90,Import Quantity
Paraguay,2020,145,Import Quantity
Peru,2020,1582,Import Quantity
Philippines,2020,2955,Import Quantity
Poland,2020,42356,Import Quantity
Portugal,2020,609,Import Quantity
Qatar,2020,3969,Import Quantity
Romania,2020,521,Import Quantity
Russia,2020,151441,Import Quantity
Rwanda,2020,311,Import Quantity
Saint Kitts and Nevis,2020,23,Import Quantity
Saint Lucia,2020,94,Import Quantity
Saint Vincent and the Grenadines,2020,24,Import Quantity
Samoa,2020,82,Import Quantity
Sao Tome and Principe,2020,3,Import Quantity
Saudi Arabia,2020,41945,Import Quantity
Senegal,2020,5849,Import Quantity
Serbia,2020,117,Import Quantity
Seychelles,2020,155,Import Quantity
Sierra Leone,2020,680,Import Quantity
Singapore,2020,5302,Import Quantity
Slovakia,2020,443,Import Quantity
Slovenia,2020,132,Import Quantity
Solomon Islands,2020,10,Import Quantity
Somalia,2020,6603,Import Quantity
South Africa,2020,23308,Import Quantity
South Korea,2020,1375,Import Quantity
Spain,2020,6738,Import Quantity
Sri Lanka,2020,6800,Import Quantity
Sudan,2020,21681,Import Quantity
Suriname,2020,291,Import Quantity
Sweden,2020,3094,Import Quantity
Switzerland,2020,8087,Import Quantity
Syria,2020,10910,Import Quantity
Tajikistan,2020,6033,Import Quantity
Tanzania,2020,138,Import Quantity
Thailand,2020,10772,Import Quantity
Timor-Leste,2020,309,Import Quantity
Togo,2020,362,Import Quantity
Tonga,2020,8,Import Quantity
Trinidad and Tobago,2020,342,Import Quantity
Tunisia,2020,7077,Import Quantity
Turkmenistan,2020,1076,Import Quantity
Tuvalu,2020,1,Import Quantity
Türkiye,2020,21876,Import Quantity
Uganda,2020,85,Import Quantity
Ukraine,2020,17246,Import Quantity
United Arab Emirates,2020,74417,Import Quantity
United Kingdom,2020,129865,Import Quantity
United States,2020,107444,Import Quantity
Uruguay,2020,414,Import Quantity
Uzbekistan,2020,31426,Import Quantity
Vanuatu,2020,10,Import Quantity
Venzuela,2020,10,Import Quantity
Vietnam,2020,5903,Import Quantity
Yemen,2020,18382,Import Quantity
Zambia,2020,1683,Import Quantity
Zimbabwe,2020,159,Import Quantity
Afghanistan,2019,76251,Import Quantity
Albania,2019,3,Import Quantity
Algeria,2019,17009,Import Quantity
Angola,2019,1870,Import Quantity
Antigua and Barbuda,2019,77,Import Quantity
Argentina,2019,318,Import Quantity
Armenia,2019,344,Import Quantity
Australia,2019,13989,Import Quantity
Austria,2019,3395,Import Quantity
Azerbaijan,2019,14096,Import Quantity
Bahamas,2019,574,Import Quantity
Bahrain,2019,610,Import Quantity
Bangladesh,2019,3327,Import Quantity
Barbados,2019,234,Import Quantity
Belarus,2019,6171,Import Quantity
Belgium,2019,14067,Import Quantity
Belize,2019,362,Import Quantity
Benin,2019,315,Import Quantity
Bhutan,2019,286,Import Quantity
Bolivia,2019,689,Import Quantity
Bosnia and Herzegovina,2019,63,Import Quantity
Botswana,2019,2127,Import Quantity
Brazil,2019,588,Import Quantity
Brunei,2019,544,Import Quantity
Bulgaria,2019,1081,Import Quantity
Burkina Faso,2019,1766,Import Quantity
Burundi,2019,26,Import Quantity
Cabo Verde,2019,25,Import Quantity
Cambodia,2019,263,Import Quantity
Cameroon,2019,10601,Import Quantity
Canada,2019,18357,Import Quantity
Central African Republic,2019,159,Import Quantity
Chad,2019,1082,Import Quantity
Chile,2019,19644,Import Quantity
"China, Hong Kong SAR",2019,21875,Import Quantity
"China, Macao SAR",2019,1138,Import Quantity
"China, Mainland",2019,43500,Import Quantity
"China, Taiwan Province of",2019,33226,Import Quantity
Colombia,2019,373,Import Quantity
Comoros,2019,9,Import Quantity
Congo (Brazzaville),2019,288,Import Quantity
Cook Islands,2019,8,Import Quantity
Costa Rica,2019,318,Import Quantity
Croatia,2019,208,Import Quantity
Cuba,2019,66,Import Quantity
Cyprus,2019,300,Import Quantity
Czechia,2019,2511,Import Quantity
Côte d'Ivoire,2019,3812,Import Quantity
DR Congo (Brazzaville),2019,824,Import Quantity
Denmark,2019,3201,Import Quantity
Djibouti,2019,519,Import Quantity
Dominica,2019,11,Import Quantity
Dominican Republic,2019,262,Import Quantity
Ecuador,2019,79,Import Quantity
Egypt,2019,108858,Import Quantity
El Salvador,2019,46,Import Quantity
Equatorial Guinea,2019,19,Import Quantity
Eritrea,2019,256,Import Quantity
Estonia,2019,361,Import Quantity
Eswatini,2019,658,Import Quantity
Ethiopia,2019,55,Import Quantity
Faroe Islands,2019,43,Import Quantity
Fiji,2019,820,Import Quantity
Finland,2019,1128,Import Quantity
France,2019,17344,Import Quantity
French Polynesia,2019,41,Import Quantity
Gabon,2019,276,Import Quantity
Gambia,2019,6175,Import Quantity
Georgia,2019,2496,Import Quantity
Germany,2019,50183,Import Quantity
Ghana,2019,1670,Import Quantity
Greece,2019,1040,Import Quantity
Grenada,2019,42,Import Quantity
Guatemala,2019,211,Import Quantity
Guinea,2019,3703,Import Quantity
Guinea-Bissau,2019,6,Import Quantity
Guyana,2019,235,Import Quantity
Haiti,2019,45,Import Quantity
Honduras,2019,58,Import Quantity
Hungary,2019,978,Import Quantity
Iceland,2019,120,Import Quantity
India,2019,20952,Import Quantity
Indonesia,2019,19143,Import Quantity
Iran,2019,98047,Import Quantity
Iraq,2019,19460,Import Quantity
Ireland,2019,11777,Import Quantity
Israel,2019,1544,Import Quantity
Italy,2019,6789,Import Quantity
Jamaica,2019,176,Import Quantity
Japan,2019,31861,Import Quantity
Jordan,2019,9297,Import Quantity
Kazakhstan,2019,30690,Import Quantity
Kenya,2019,8756,Import Quantity
Kiribati,2019,22,Import Quantity
Kuwait,2019,6647,Import Quantity
Kyrgyzstan,2019,4824,Import Quantity
Laos,2019,269,Import Quantity
Latvia,2019,856,Import Quantity
Lebanon,2019,3610,Import Quantity
Lesotho,2019,443,Import Quantity
Liberia,2019,280,Import Quantity
Libya,2019,5478,Import Quantity
Lithuania,2019,1052,Import Quantity
Luxembourg,2019,166,Import Quantity
Madagascar,2019,23,Import Quantity
Malawi,2019,106,Import Quantity
Malaysia,2019,28753,Import Quantity
Maldives,2019,456,Import Quantity
Mali,2019,19962,Import Quantity
Malta,2019,359,Import Quantity
Mauritania,2019,18580,Import Quantity
Mauritius,2019,421,Import Quantity
Mexico,2019,1615,Import Quantity
Moldova,2019,948,Import Quantity
Mongolia,2019,1430,Import Quantity
Montenegro,2019,28,Import Quantity
Morocco,2019,83353,Import Quantity
Mozambique,2019,1053,Import Quantity
Myanmar,2019,594,Import Quantity
Namibia,2019,1496,Import Quantity
Nauru,2019,3,Import Quantity
Nepal,2019,307,Import Quantity
Netherlands,2019,22054,Import Quantity
New Caledonia,2019,99,Import Quantity
New Zealand,2019,2379,Import Quantity
Nicaragua,2019,32,Import Quantity
Niger,2019,13794,Import Quantity
Nigeria,2019,8004,Import Quantity
North Macedonia,2019,582,Import Quantity
Norway,2019,917,Import Quantity
Oman,2019,2428,Import Quantity
Pakistan,2019,206324,Import Quantity
Panama,2019,426,Import Quantity
Papua New Guinea,2019,71,Import Quantity
Paraguay,2019,305,Import Quantity
Peru,2019,1145,Import Quantity
Philippines,2019,4315,Import Quantity
Poland,2019,37867,Import Quantity
Portugal,2019,740,Import Quantity
Qatar,2019,4472,Import Quantity
Romania,2019,523,Import Quantity
Russia,2019,150348,Import Quantity
Rwanda,2019,171,Import Quantity
Saint Kitts and Nevis,2019,2,Import Quantity
Saint Lucia,2019,76,Import Quantity
Saint Vincent and the Grenadines,2019,23,Import Quantity
Samoa,2019,74,Import Quantity
Sao Tome and Principe,2019,3,Import Quantity
Saudi Arabia,2019,39436,Import Quantity
Senegal,2019,7051,Import Quantity
Serbia,2019,105,Import Quantity
Seychelles,2019,136,Import Quantity
Sierra Leone,2019,548,Import Quantity
Singapore,2019,5850,Import Quantity
Slovakia,2019,525,Import Quantity
Slovenia,2019,151,Import Quantity
Solomon Islands,2019,42,Import Quantity
Somalia,2019,7163,Import Quantity
South Africa,2019,21590,Import Quantity
South Korea,2019,1510,Import Quantity
Spain,2019,8390,Import Quantity
Sri Lanka,2019,7511,Import Quantity
Sudan,2019,23718,Import Quantity
Suriname,2019,235,Import Quantity
Sweden,2019,3176,Import Quantity
Switzerland,2019,7855,Import Quantity
Syria,2019,9000,Import Quantity
Tajikistan,2019,5408,Import Quantity
Tanzania,2019,157,Import Quantity
Thailand,2019,11864,Import Quantity
Timor-Leste,2019,86,Import Quantity
Togo,2019,656,Import Quantity
Tonga,2019,11,Import Quantity
Trinidad and Tobago,2019,450,Import Quantity
Tunisia,2019,8075,Import Quantity
Turkmenistan,2019,6204,Import Quantity
Tuvalu,2019,3,Import Quantity
Türkiye,2019,19518,Import Quantity
Uganda,2019,120,Import Quantity
Ukraine,2019,16001,Import Quantity
United Arab Emirates,2019,73698,Import Quantity
United Kingdom,2019,123021,Import Quantity
United States,2019,117997,Import Quantity
Uruguay,2019,354,Import Quantity
Uzbekistan,2019,32412,Import Quantity
Vanuatu,2019,26,Import Quantity
Venzuela,2019,14,Import Quantity
Vietnam,2019,11181,Import Quantity
Yemen,2019,22074,Import Quantity
Zambia,2019,1344,Import Quantity
Zimbabwe,2019,166,Import Quantity
Afghanistan,2016,51603,Import Quantity
Albania,2016,9,Import Quantity
Algeria,2016,14938,Import Quantity
Angola,2016,816,Import Quantity
Antigua and Barbuda,2016,64,Import Quantity
Argentina,2016,286,Import Quantity
Armenia,2016,378,Import Quantity
Australia,2016,20262,Import Quantity
Austria,2016,3650,Import Quantity
Azerbaijan,2016,11593,Import Quantity
Bahamas,2016,238,Import Quantity
Bahrain,2016,1697,Import Quantity
Bangladesh,2016,9059,Import Quantity
Barbados,2016,209,Import Quantity
Belarus,2016,6270,Import Quantity
Belgium,2016,15944,Import Quantity
Belize,2016,86,Import Quantity
Benin,2016,797,Import Quantity
Bhutan,2016,13,Import Quantity
Bolivia,2016,657,Import Quantity
Bosnia and Herzegovina,2016,63,Import Quantity
Botswana,2016,1482,Import Quantity
Brazil,2016,876,Import Quantity
Brunei,2016,164,Import Quantity
Bulgaria,2016,714,Import Quantity
Burkina Faso,2016,5925,Import Quantity
Burundi,2016,8,Import Quantity
Cabo Verde,2016,39,Import Quantity
Cambodia,2016,170,Import Quantity
Cameroon,2016,412,Import Quantity
Canada,2016,19642,Import Quantity
Chad,2016,733,Import Quantity
Chile,2016,20866,Import Quantity
"China, Hong Kong SAR",2016,13501,Import Quantity
"China, Macao SAR",2016,753,Import Quantity
"China, Mainland",2016,22664,Import Quantity
"China, Taiwan Province of",2016,26351,Import Quantity
Colombia,2016,337,Import Quantity
Comoros,2016,17,Import Quantity
Congo (Brazzaville),2016,329,Import Quantity
Cook Islands,2016,7,Import Quantity
Costa Rica,2016,313,Import Quantity
Croatia,2016,214,Import Quantity
Cuba,2016,22,Import Quantity
Cyprus,2016,764,Import Quantity
Czechia,2016,2638,Import Quantity
Côte d'Ivoire,2016,2636,Import Quantity
DR Congo (Brazzaville),2016,728,Import Quantity
Denmark,2016,2646,Import Quantity
Djibouti,2016,558,Import Quantity
Dominica,2016,11,Import Quantity
Dominican Republic,2016,165,Import Quantity
Ecuador,2016,46,Import Quantity
Egypt,2016,88500,Import Quantity
El Salvador,2016,52,Import Quantity
Equatorial Guinea,2016,20,Import Quantity
Eritrea,2016,170,Import Quantity
Estonia,2016,431,Import Quantity
Eswatini,2016,594,Import Quantity
Ethiopia,2016,27,Import Quantity
Faroe Islands,2016,57,Import Quantity
Fiji,2016,758,Import Quantity
Finland,2016,1177,Import Quantity
France,2016,16687,Import Quantity
French Polynesia,2016,32,Import Quantity
Gabon,2016,247,Import Quantity
Gambia,2016,3749,Import Quantity
Georgia,2016,2024,Import Quantity
Germany,2016,57837,Import Quantity
Ghana,2016,1393,Import Quantity
Greece,2016,1523,Import Quantity
Grenada,2016,47,Import Quantity
Guatemala,2016,186,Import Quantity
Guinea,2016,3663,Import Quantity
Guinea-Bissau,2016,976,Import Quantity
Guyana,2016,328,Import Quantity
Haiti,2016,5,Import Quantity
Honduras,2016,67,Import Quantity
Hungary,2016,785,Import Quantity
Iceland,2016,104,Import Quantity
India,2016,16984,Import Quantity
Indonesia,2016,22095,Import Quantity
Iran,2016,56428,Import Quantity
Iraq,2016,39002,Import Quantity
Ireland,2016,8646,Import Quantity
Israel,2016,1417,Import Quantity
Italy,2016,8167,Import Quantity
Jamaica,2016,213,Import Quantity
Japan,2016,29431,Import Quantity
Jordan,2016,7480,Import Quantity
Kazakhstan,2016,30518,Import Quantity
Kenya,2016,8209,Import Quantity
Kiribati,2016,21,Import Quantity
Kuwait,2016,6376,Import Quantity
Kyrgyzstan,2016,3922,Import Quantity
Laos,2016,68,Import Quantity
Latvia,2016,1248,Import Quantity
Lebanon,2016,4212,Import Quantity
Lesotho,2016,528,Import Quantity
Liberia,2016,314,Import Quantity
Libya,2016,16293,Import Quantity
Lithuania,2016,1152,Import Quantity
Luxembourg,2016,241,Import Quantity
Madagascar,2016,31,Import Quantity
Malawi,2016,66,Import Quantity
Malaysia,2016,25223,Import Quantity
Maldives,2016,262,Import Quantity
Mali,2016,14417,Import Quantity
Malta,2016,428,Import Quantity
Mauritania,2016,16164,Import Quantity
Mauritius,2016,245,Import Quantity
Mexico,2016,1189,Import Quantity
Moldova,2016,860,Import Quantity
Mongolia,2016,2374,Import Quantity
Montenegro,2016,30,Import Quantity
Morocco,2016,67314,Import Quantity
Mozambique,2016,1120,Import Quantity
Myanmar,2016,836,Import Quantity
Namibia,2016,1730,Import Quantity
Nauru,2016,1,Import Quantity
Nepal,2016,368,Import Quantity
Netherlands,2016,26251,Import Quantity
New Caledonia,2016,51,Import Quantity
New Zealand,2016,2704,Import Quantity
Nicaragua,2016,38,Import Quantity
Niger,2016,9830,Import Quantity
Nigeria,2016,6554,Import Quantity
Niue,2016,4,Import Quantity
North Macedonia,2016,488,Import Quantity
Norway,2016,1056,Import Quantity
Oman,2016,5550,Import Quantity
Pakistan,2016,184902,Import Quantity
Panama,2016,218,Import Quantity
Papua New Guinea,2016,47,Import Quantity
Paraguay,2016,1038,Import Quantity
Peru,2016,1017,Import Quantity
Philippines,2016,2869,Import Quantity
Poland,2016,35476,Import Quantity
Portugal,2016,848,Import Quantity
Qatar,2016,3661,Import Quantity
Romania,2016,646,Import Quantity
Russia,2016,164398,Import Quantity
Rwanda,2016,253,Import Quantity
Saint Kitts and Nevis,2016,30,Import Quantity
Saint Lucia,2016,67,Import Quantity
Saint Vincent and the Grenadines,2016,24,Import Quantity
Samoa,2016,129,Import Quantity
Sao Tome and Principe,2016,9,Import Quantity
Saudi Arabia,2016,36361,Import Quantity
Senegal,2016,7683,Import Quantity
Serbia,2016,68,Import Quantity
Seychelles,2016,163,Import Quantity
Sierra Leone,2016,554,Import Quantity
Singapore,2016,5215,Import Quantity
Slovakia,2016,581,Import Quantity
Slovenia,2016,99,Import Quantity
Solomon Islands,2016,49,Import Quantity
Somalia,2016,450,Import Quantity
South Africa,2016,27680,Import Quantity
South Korea,2016,841,Import Quantity
Spain,2016,5770,Import Quantity
Sri Lanka,2016,6327,Import Quantity
Sudan,2016,29476,Import Quantity
Suriname,2016,413,Import Quantity
Sweden,2016,3702,Import Quantity
Switzerland,2016,5832,Import Quantity
Syria,2016,13170,Import Quantity
Tajikistan,2016,6973,Import Quantity
Tanzania,2016,725,Import Quantity
Thailand,2016,9917,Import Quantity
Timor-Leste,2016,139,Import Quantity
Togo,2016,286,Import Quantity
Tonga,2016,8,Import Quantity
Trinidad and Tobago,2016,315,Import Quantity
Tunisia,2016,5920,Import Quantity
Turkmenistan,2016,4844,Import Quantity
Tuvalu,2016,2,Import Quantity
Türkiye,2016,15238,Import Quantity
Uganda,2016,368,Import Quantity
Ukraine,2016,18311,Import Quantity
United Arab Emirates,2016,79003,Import Quantity
United Kingdom,2016,126282,Import Quantity
United States,2016,131066,Import Quantity
Uruguay,2016,458,Import Quantity
Uzbekistan,2016,25203,Import Quantity
Vanuatu,2016,7,Import Quantity
Venzuela,2016,55,Import Quantity
Vietnam,2016,3919,Import Quantity
Yemen,2016,13000,Import Quantity
Zambia,2016,1175,Import Quantity
Zimbabwe,2016,623,Import Quantity
Afghanistan,2014,98678,Import Quantity
Albania,2014,13,Import Quantity
Algeria,2014,14722,Import Quantity
Angola,2014,1282,Import Quantity
Antigua and Barbuda,2014,77,Import Quantity
Argentina,2014,300,Import Quantity
Armenia,2014,291,Import Quantity
Australia,2014,21558,Import Quantity
Austria,2014,3409,Import Quantity
Azerbaijan,2014,8183,Import Quantity
Bahamas,2014,228,Import Quantity
Bahrain,2014,1644,Import Quantity
Bangladesh,2014,5966,Import Quantity
Barbados,2014,268,Import Quantity
Belarus,2014,4707,Import Quantity
Belgium,2014,18131,Import Quantity
Belize,2014,55,Import Quantity
Benin,2014,293,Import Quantity
Bhutan,2014,26,Import Quantity
Bolivia,2014,651,Import Quantity
Bosnia and Herzegovina,2014,69,Import Quantity
Botswana,2014,1653,Import Quantity
Brazil,2014,896,Import Quantity
Brunei,2014,192,Import Quantity
Bulgaria,2014,641,Import Quantity
Burkina Faso,2014,5289,Import Quantity
Burundi,2014,4,Import Quantity
Cabo Verde,2014,38,Import Quantity
Cambodia,2014,265,Import Quantity
Cameroon,2014,263,Import Quantity
Canada,2014,21445,Import Quantity
Chad,2014,897,Import Quantity
Chile,2014,21489,Import Quantity
"China, Hong Kong SAR",2014,12227,Import Quantity
"China, Macao SAR",2014,997,Import Quantity
"China, Mainland",2014,22553,Import Quantity
"China, Taiwan Province of",2014,32376,Import Quantity
Colombia,2014,239,Import Quantity
Comoros,2014,1,Import Quantity
Congo (Brazzaville),2014,226,Import Quantity
Cook Islands,2014,4,Import Quantity
Costa Rica,2014,350,Import Quantity
Croatia,2014,183,Import Quantity
Cuba,2014,35,Import Quantity
Cyprus,2014,363,Import Quantity
Czechia,2014,3165,Import Quantity
Côte d'Ivoire,2014,2483,Import Quantity
DR Congo (Brazzaville),2014,429,Import Quantity
Denmark,2014,2115,Import Quantity
Djibouti,2014,145,Import Quantity
Dominica,2014,1,Import Quantity
Dominican Republic,2014,180,Import Quantity
Ecuador,2014,46,Import Quantity
Egypt,2014,103252,Import Quantity
El Salvador,2014,53,Import Quantity
Equatorial Guinea,2014,30,Import Quantity
Eritrea,2014,19,Import Quantity
Estonia,2014,565,Import Quantity
Eswatini,2014,733,Import Quantity
Ethiopia,2014,129,Import Quantity
Faroe Islands,2014,52,Import Quantity
Fiji,2014,584,Import Quantity
Finland,2014,1582,Import Quantity
France,2014,16962,Import Quantity
French Polynesia,2014,31,Import Quantity
Gabon,2014,231,Import Quantity
Gambia,2014,4062,Import Quantity
Georgia,2014,1771,Import Quantity
Germany,2014,58503,Import Quantity
Ghana,2014,6321,Import Quantity
Greece,2014,1457,Import Quantity
Grenada,2014,2,Import Quantity
Guatemala,2014,158,Import Quantity
Guinea,2014,3735,Import Quantity
Guinea-Bissau,2014,1984,Import Quantity
Guyana,2014,291,Import Quantity
Haiti,2014,6,Import Quantity
Honduras,2014,70,Import Quantity
Hungary,2014,1202,Import Quantity
Iceland,2014,79,Import Quantity
India,2014,23177,Import Quantity
Indonesia,2014,14662,Import Quantity
Iran,2014,50916,Import Quantity
Iraq,2014,53335,Import Quantity
Ireland,2014,8475,Import Quantity
Israel,2014,1603,Import Quantity
Italy,2014,7112,Import Quantity
Jamaica,2014,287,Import Quantity
Japan,2014,32966,Import Quantity
Jordan,2014,6687,Import Quantity
Kazakhstan,2014,31098,Import Quantity
Kenya,2014,114227,Import Quantity
Kiribati,2014,20,Import Quantity
Kuwait,2014,7776,Import Quantity
Kyrgyzstan,2014,3280,Import Quantity
Laos,2014,368,Import Quantity
Latvia,2014,1135,Import Quantity
Lebanon,2014,4232,Import Quantity
Lesotho,2014,297,Import Quantity
Liberia,2014,335,Import Quantity
Libya,2014,16686,Import Quantity
Lithuania,2014,1546,Import Quantity
Luxembourg,2014,172,Import Quantity
Madagascar,2014,14,Import Quantity
Malawi,2014,123,Import Quantity
Malaysia,2014,25549,Import Quantity
Maldives,2014,366,Import Quantity
Mali,2014,6743,Import Quantity
Malta,2014,658,Import Quantity
Mauritania,2014,15525,Import Quantity
Mauritius,2014,50,Import Quantity
Mexico,2014,851,Import Quantity
Moldova,2014,827,Import Quantity
Mongolia,2014,1936,Import Quantity
Montenegro,2014,28,Import Quantity
Morocco,2014,58995,Import Quantity
Mozambique,2014,1013,Import Quantity
Myanmar,2014,548,Import Quantity
Namibia,2014,1088,Import Quantity
Nauru,2014,25,Import Quantity
Nepal,2014,312,Import Quantity
Netherlands,2014,25592,Import Quantity
New Caledonia,2014,90,Import Quantity
New Zealand,2014,2680,Import Quantity
Nicaragua,2014,21,Import Quantity
Niger,2014,9879,Import Quantity
Nigeria,2014,1276,Import Quantity
Niue,2014,3,Import Quantity
North Macedonia,2014,545,Import Quantity
Norway,2014,1147,Import Quantity
Oman,2014,7181,Import Quantity
Pakistan,2014,150948,Import Quantity
Panama,2014,219,Import Quantity
Papua New Guinea,2014,92,Import Quantity
Paraguay,2014,613,Import Quantity
Peru,2014,820,Import Quantity
Philippines,2014,2125,Import Quantity
Poland,2014,35659,Import Quantity
Portugal,2014,1596,Import Quantity
Qatar,2014,3450,Import Quantity
Romania,2014,493,Import Quantity
Russia,2014,172607,Import Quantity
Rwanda,2014,276,Import Quantity
Saint Kitts and Nevis,2014,1,Import Quantity
Saint Lucia,2014,131,Import Quantity
Saint Vincent and the Grenadines,2014,23,Import Quantity
Samoa,2014,52,Import Quantity
Sao Tome and Principe,2014,15,Import Quantity
Saudi Arabia,2014,37454,Import Quantity
Senegal,2014,5085,Import Quantity
Serbia,2014,91,Import Quantity
Seychelles,2014,65,Import Quantity
Sierra Leone,2014,752,Import Quantity
Singapore,2014,4795,Import Quantity
Slovakia,2014,702,Import Quantity
Slovenia,2014,126,Import Quantity
Solomon Islands,2014,5,Import Quantity
Somalia,2014,204,Import Quantity
South Africa,2014,26997,Import Quantity
South Korea,2014,903,Import Quantity
Spain,2014,5103,Import Quantity
Sri Lanka,2014,6019,Import Quantity
Sudan,2014,34260,Import Quantity
Suriname,2014,630,Import Quantity
Sweden,2014,3388,Import Quantity
Switzerland,2014,5788,Import Quantity
Syria,2014,21663,Import Quantity
Tajikistan,2014,6193,Import Quantity
Tanzania,2014,283,Import Quantity
Thailand,2014,4405,Import Quantity
Timor-Leste,2014,180,Import Quantity
Togo,2014,249,Import Quantity
Tonga,2014,100,Import Quantity
Trinidad and Tobago,2014,359,Import Quantity
Tunisia,2014,7022,Import Quantity
Turkmenistan,2014,4772,Import Quantity
Tuvalu,2014,4,Import Quantity
Türkiye,2014,5481,Import Quantity
Uganda,2014,480,Import Quantity
Ukraine,2014,20877,Import Quantity
United Arab Emirates,2014,149145,Import Quantity
United Kingdom,2014,126518,Import Quantity
United States,2014,129246,Import Quantity
Uruguay,2014,426,Import Quantity
Uzbekistan,2014,23403,Import Quantity
Vanuatu,2014,10,Import Quantity
Venzuela,2014,134,Import Quantity
Vietnam,2014,646,Import Quantity
Yemen,2014,24174,Import Quantity
Zambia,2014,1259,Import Quantity
Zimbabwe,2014,605,Import Quantity
Afghanistan,2013,106583,Import Quantity
Albania,2013,47,Import Quantity
Algeria,2013,12864,Import Quantity
Angola,2013,648,Import Quantity
Antigua and Barbuda,2013,80,Import Quantity
Argentina,2013,259,Import Quantity
Armenia,2013,327,Import Quantity
Australia,2013,13713,Import Quantity
Austria,2013,3146,Import Quantity
Azerbaijan,2013,8955,Import Quantity
Bahamas,2013,518,Import Quantity
Bahrain,2013,1486,Import Quantity
Bangladesh,2013,13989,Import Quantity
Barbados,2013,257,Import Quantity
Belarus,2013,4570,Import Quantity
Belgium,2013,17308,Import Quantity
Belize,2013,83,Import Quantity
Benin,2013,313,Import Quantity
Bhutan,2013,299,Import Quantity
Bolivia,2013,601,Import Quantity
Bosnia and Herzegovina,2013,60,Import Quantity
Botswana,2013,1918,Import Quantity
Brazil,2013,896,Import Quantity
Brunei,2013,202,Import Quantity
Bulgaria,2013,426,Import Quantity
Burkina Faso,2013,5977,Import Quantity
Burundi,2013,2,Import Quantity
Cabo Verde,2013,34,Import Quantity
Cambodia,2013,144,Import Quantity
Cameroon,2013,8747,Import Quantity
Canada,2013,18225,Import Quantity
Central African Republic,2013,2,Import Quantity
Chad,2013,253,Import Quantity
Chile,2013,20391,Import Quantity
"China, Hong Kong SAR",2013,11651,Import Quantity
"China, Macao SAR",2013,1000,Import Quantity
"China, Mainland",2013,19599,Import Quantity
"China, Taiwan Province of",2013,30203,Import Quantity
Colombia,2013,247,Import Quantity
Comoros,2013,1,Import Quantity
Congo (Brazzaville),2013,267,Import Quantity
Cook Islands,2013,4,Import Quantity
Costa Rica,2013,263,Import Quantity
Croatia,2013,178,Import Quantity
Cuba,2013,18,Import Quantity
Cyprus,2013,418,Import Quantity
Czechia,2013,2953,Import Quantity
Côte d'Ivoire,2013,2567,Import Quantity
DR Congo (Brazzaville),2013,339,Import Quantity
Denmark,2013,2016,Import Quantity
Djibouti,2013,1326,Import Quantity
Dominica,2013,3,Import Quantity
Dominican Republic,2013,101,Import Quantity
Ecuador,2013,60,Import Quantity
Egypt,2013,104697,Import Quantity
El Salvador,2013,55,Import Quantity
Eritrea,2013,201,Import Quantity
Estonia,2013,634,Import Quantity
Eswatini,2013,830,Import Quantity
Ethiopia,2013,231,Import Quantity
Faroe Islands,2013,47,Import Quantity
Fiji,2013,603,Import Quantity
Finland,2013,1923,Import Quantity
France,2013,18834,Import Quantity
French Polynesia,2013,31,Import Quantity
Gabon,2013,227,Import Quantity
Gambia,2013,4375,Import Quantity
Georgia,2013,1709,Import Quantity
Germany,2013,55238,Import Quantity
Ghana,2013,1752,Import Quantity
Greece,2013,1234,Import Quantity
Grenada,2013,4,Import Quantity
Guatemala,2013,227,Import Quantity
Guinea,2013,3148,Import Quantity
Guinea-Bissau,2013,507,Import Quantity
Guyana,2013,263,Import Quantity
Haiti,2013,10,Import Quantity
Honduras,2013,53,Import Quantity
Hungary,2013,621,Import Quantity
Iceland,2013,68,Import Quantity
India,2013,19755,Import Quantity
Indonesia,2013,20580,Import Quantity
Iran,2013,82386,Import Quantity
Iraq,2013,27607,Import Quantity
Ireland,2013,7734,Import Quantity
Israel,2013,1385,Import Quantity
Italy,2013,6644,Import Quantity
Jamaica,2013,264,Import Quantity
Japan,2013,36157,Import Quantity
Jordan,2013,5769,Import Quantity
Kazakhstan,2013,32782,Import Quantity
Kenya,2013,12666,Import Quantity
Kiribati,2013,118,Import Quantity
Kuwait,2013,6910,Import Quantity
Kyrgyzstan,2013,3777,Import Quantity
Laos,2013,196,Import Quantity
Latvia,2013,1563,Import Quantity
Lebanon,2013,3943,Import Quantity
Lesotho,2013,399,Import Quantity
Liberia,2013,364,Import Quantity
Libya,2013,11571,Import Quantity
Lithuania,2013,1313,Import Quantity
Luxembourg,2013,210,Import Quantity
Madagascar,2013,16,Import Quantity
Malawi,2013,214,Import Quantity
Malaysia,2013,19719,Import Quantity
Maldives,2013,411,Import Quantity
Mali,2013,8375,Import Quantity
Malta,2013,478,Import Quantity
Mauritania,2013,13851,Import Quantity
Mauritius,2013,69,Import Quantity
Mexico,2013,1638,Import Quantity
Moldova,2013,796,Import Quantity
Mongolia,2013,2585,Import Quantity
Montenegro,2013,36,Import Quantity
Morocco,2013,59229,Import Quantity
Mozambique,2013,4838,Import Quantity
Myanmar,2013,2314,Import Quantity
Namibia,2013,1275,Import Quantity
Nauru,2013,1,Import Quantity
Nepal,2013,341,Import Quantity
Netherlands,2013,28587,Import Quantity
New Caledonia,2013,104,Import Quantity
New Zealand,2013,1867,Import Quantity
Nicaragua,2013,17,Import Quantity
Niger,2013,9888,Import Quantity
Nigeria,2013,800,Import Quantity
North Macedonia,2013,466,Import Quantity
Norway,2013,1194,Import Quantity
Oman,2013,6590,Import Quantity
Pakistan,2013,121900,Import Quantity
Palestine,2013,188,Import Quantity
Panama,2013,426,Import Quantity
Papua New Guinea,2013,80,Import Quantity
Paraguay,2013,1225,Import Quantity
Peru,2013,802,Import Quantity
Philippines,2013,1402,Import Quantity
Poland,2013,32381,Import Quantity
Portugal,2013,1382,Import Quantity
Qatar,2013,3045,Import Quantity
Romania,2013,448,Import Quantity
Russia,2013,173070,Import Quantity
Rwanda,2013,215,Import Quantity
Saint Kitts and Nevis,2013,2,Import Quantity
Saint Lucia,2013,15,Import Quantity
Saint Vincent and the Grenadines,2013,40,Import Quantity
Samoa,2013,66,Import Quantity
Sao Tome and Principe,2013,13,Import Quantity
Saudi Arabia,2013,34623,Import Quantity
Senegal,2013,5133,Import Quantity
Serbia,2013,83,Import Quantity
Seychelles,2013,74,Import Quantity
Sierra Leone,2013,385,Import Quantity
Singapore,2013,5233,Import Quantity
Slovakia,2013,653,Import Quantity
Slovenia,2013,135,Import Quantity
Solomon Islands,2013,87,Import Quantity
Somalia,2013,3761,Import Quantity
South Africa,2013,25573,Import Quantity
South Korea,2013,818,Import Quantity
Spain,2013,4342,Import Quantity
Sri Lanka,2013,5103,Import Quantity
Sudan,2013,27882,Import Quantity
Suriname,2013,146,Import Quantity
Sweden,2013,3401,Import Quantity
Switzerland,2013,5889,Import Quantity
Syria,2013,22750,Import Quantity
Tajikistan,2013,4400,Import Quantity
Tanzania,2013,114,Import Quantity
Thailand,2013,4722,Import Quantity
Timor-Leste,2013,126,Import Quantity
Togo,2013,227,Import Quantity
Tonga,2013,17,Import Quantity
Trinidad and Tobago,2013,254,Import Quantity
Tunisia,2013,6836,Import Quantity
Turkmenistan,2013,2607,Import Quantity
Tuvalu,2013,4,Import Quantity
Türkiye,2013,5879,Import Quantity
Uganda,2013,402,Import Quantity
Ukraine,2013,26069,Import Quantity
United Arab Emirates,2013,80576,Import Quantity
United Kingdom,2013,137581,Import Quantity
United States,2013,130160,Import Quantity
Uruguay,2013,380,Import Quantity
Uzbekistan,2013,25222,Import Quantity
Vanuatu,2013,14,Import Quantity
Venzuela,2013,129,Import Quantity
Vietnam,2013,2612,Import Quantity
Yemen,2013,16496,Import Quantity
Zambia,2013,1137,Import Quantity
Zimbabwe,2013,548,Import Quantity
Afghanistan,2018,80796,Import Quantity
Albania,2018,8,Import Quantity
Algeria,2018,14638,Import Quantity
Angola,2018,322,Import Quantity
Antigua and Barbuda,2018,143,Import Quantity
Argentina,2018,346,Import Quantity
Armenia,2018,369,Import Quantity
Australia,2018,13176,Import Quantity
Austria,2018,3523,Import Quantity
Azerbaijan,2018,12958,Import Quantity
Bahamas,2018,828,Import Quantity
Bahrain,2018,1750,Import Quantity
Bangladesh,2018,3706,Import Quantity
Barbados,2018,310,Import Quantity
Belarus,2018,5605,Import Quantity
Belgium,2018,13795,Import Quantity
Belize,2018,320,Import Quantity
Benin,2018,179,Import Quantity
Bhutan,2018,304,Import Quantity
Bolivia,2018,650,Import Quantity
Bosnia and Herzegovina,2018,65,Import Quantity
Botswana,2018,1419,Import Quantity
Brazil,2018,667,Import Quantity
Brunei,2018,182,Import Quantity
Bulgaria,2018,1163,Import Quantity
Burkina Faso,2018,6582,Import Quantity
Burundi,2018,21,Import Quantity
Cabo Verde,2018,40,Import Quantity
Cambodia,2018,266,Import Quantity
Cameroon,2018,302,Import Quantity
Canada,2018,18442,Import Quantity
Central African Republic,2018,67,Import Quantity
Chad,2018,476,Import Quantity
Chile,2018,20632,Import Quantity
"China, Hong Kong SAR",2018,18354,Import Quantity
"China, Macao SAR",2018,1060,Import Quantity
"China, Mainland",2018,35453,Import Quantity
"China, Taiwan Province of",2018,32321,Import Quantity
Colombia,2018,335,Import Quantity
Comoros,2018,8,Import Quantity
Congo (Brazzaville),2018,209,Import Quantity
Cook Islands,2018,5,Import Quantity
Costa Rica,2018,287,Import Quantity
Croatia,2018,166,Import Quantity
Cuba,2018,50,Import Quantity
Cyprus,2018,313,Import Quantity
Czechia,2018,2676,Import Quantity
Côte d'Ivoire,2018,2891,Import Quantity
DR Congo (Brazzaville),2018,951,Import Quantity
Denmark,2018,2994,Import Quantity
Djibouti,2018,892,Import Quantity
Dominica,2018,28,Import Quantity
Dominican Republic,2018,284,Import Quantity
Ecuador,2018,49,Import Quantity
Egypt,2018,115278,Import Quantity
El Salvador,2018,58,Import Quantity
Equatorial Guinea,2018,26,Import Quantity
Eritrea,2018,275,Import Quantity
Estonia,2018,391,Import Quantity
Eswatini,2018,580,Import Quantity
Ethiopia,2018,46,Import Quantity
Faroe Islands,2018,33,Import Quantity
Fiji,2018,743,Import Quantity
Finland,2018,1165,Import Quantity
France,2018,18233,Import Quantity
French Polynesia,2018,27,Import Quantity
Gabon,2018,353,Import Quantity
Gambia,2018,4923,Import Quantity
Georgia,2018,2693,Import Quantity
Germany,2018,51062,Import Quantity
Ghana,2018,1686,Import Quantity
Greece,2018,1167,Import Quantity
Grenada,2018,84,Import Quantity
Guatemala,2018,181,Import Quantity
Guinea,2018,3607,Import Quantity
Guinea-Bissau,2018,64,Import Quantity
Guyana,2018,225,Import Quantity
Haiti,2018,1,Import Quantity
Honduras,2018,70,Import Quantity
Hungary,2018,715,Import Quantity
Iceland,2018,121,Import Quantity
India,2018,12197,Import Quantity
Indonesia,2018,14922,Import Quantity
Iran,2018,62290,Import Quantity
Iraq,2018,16386,Import Quantity
Ireland,2018,10044,Import Quantity
Israel,2018,1616,Import Quantity
Italy,2018,7386,Import Quantity
Jamaica,2018,222,Import Quantity
Japan,2018,31210,Import Quantity
Jordan,2018,9122,Import Quantity
Kazakhstan,2018,30526,Import Quantity
Kenya,2018,10762,Import Quantity
Kiribati,2018,17,Import Quantity
Kuwait,2018,6671,Import Quantity
Kyrgyzstan,2018,5239,Import Quantity
Laos,2018,66,Import Quantity
Latvia,2018,869,Import Quantity
Lebanon,2018,4048,Import Quantity
Lesotho,2018,389,Import Quantity
Liberia,2018,292,Import Quantity
Libya,2018,7613,Import Quantity
Lithuania,2018,1057,Import Quantity
Luxembourg,2018,229,Import Quantity
Madagascar,2018,24,Import Quantity
Malawi,2018,86,Import Quantity
Malaysia,2018,26431,Import Quantity
Maldives,2018,413,Import Quantity
Mali,2018,17898,Import Quantity
Malta,2018,440,Import Quantity
Mauritania,2018,17453,Import Quantity
Mauritius,2018,466,Import Quantity
Mexico,2018,1362,Import Quantity
Moldova,2018,980,Import Quantity
Mongolia,2018,2634,Import Quantity
Montenegro,2018,20,Import Quantity
Morocco,2018,75779,Import Quantity
Mozambique,2018,5249,Import Quantity
Myanmar,2018,611,Import Quantity
Namibia,2018,1613,Import Quantity
Nauru,2018,4,Import Quantity
Nepal,2018,406,Import Quantity
Netherlands,2018,24135,Import Quantity
New Caledonia,2018,83,Import Quantity
New Zealand,2018,2162,Import Quantity
Nicaragua,2018,33,Import Quantity
Niger,2018,10730,Import Quantity
Nigeria,2018,7291,Import Quantity
Niue,2018,1,Import Quantity
North Macedonia,2018,537,Import Quantity
Norway,2018,949,Import Quantity
Oman,2018,5998,Import Quantity
Pakistan,2018,204428,Import Quantity
Panama,2018,455,Import Quantity
Papua New Guinea,2018,71,Import Quantity
Paraguay,2018,511,Import Quantity
Peru,2018,1256,Import Quantity
Philippines,2018,2176,Import Quantity
Poland,2018,36213,Import Quantity
Portugal,2018,879,Import Quantity
Qatar,2018,4361,Import Quantity
Romania,2018,449,Import Quantity
Russia,2018,163802,Import Quantity
Rwanda,2018,388,Import Quantity
Saint Kitts and Nevis,2018,3,Import Quantity
Saint Lucia,2018,103,Import Quantity
Saint Vincent and the Grenadines,2018,13,Import Quantity
Samoa,2018,103,Import Quantity
Sao Tome and Principe,2018,6,Import Quantity
Saudi Arabia,2018,37607,Import Quantity
Senegal,2018,11118,Import Quantity
Serbia,2018,49,Import Quantity
Seychelles,2018,127,Import Quantity
Sierra Leone,2018,732,Import Quantity
Singapore,2018,5762,Import Quantity
Slovakia,2018,600,Import Quantity
Slovenia,2018,123,Import Quantity
Solomon Islands,2018,419,Import Quantity
Somalia,2018,6647,Import Quantity
South Africa,2018,21912,Import Quantity
South Korea,2018,1530,Import Quantity
Spain,2018,5752,Import Quantity
Sri Lanka,2018,7587,Import Quantity
Sudan,2018,35360,Import Quantity
Suriname,2018,419,Import Quantity
Sweden,2018,3303,Import Quantity
Switzerland,2018,6694,Import Quantity
Syria,2018,6500,Import Quantity
Tajikistan,2018,5080,Import Quantity
Tanzania,2018,247,Import Quantity
Thailand,2018,11644,Import Quantity
Timor-Leste,2018,71,Import Quantity
Togo,2018,550,Import Quantity
Tonga,2018,7,Import Quantity
Trinidad and Tobago,2018,513,Import Quantity
Tunisia,2018,6147,Import Quantity
Turkmenistan,2018,5467,Import Quantity
Tuvalu,2018,7,Import Quantity
Türkiye,2018,15635,Import Quantity
Uganda,2018,180,Import Quantity
Ukraine,2018,16437,Import Quantity
United Arab Emirates,2018,108593,Import Quantity
United Kingdom,2018,125692,Import Quantity
United States,2018,119357,Import Quantity
Uruguay,2018,385,Import Quantity
Uzbekistan,2018,32877,Import Quantity
Vanuatu,2018,10,Import Quantity
Venzuela,2018,32,Import Quantity
Vietnam,2018,8129,Import Quantity
Yemen,2018,4995,Import Quantity
Zambia,2018,1100,Import Quantity
Zimbabwe,2018,331,Import Quantity
Afghanistan,2021,10561,Import Quantity
Albania,2021,1822,Import Quantity
Algeria,2021,13454,Import Quantity
Angola,2021,943,Import Quantity
Antigua and Barbuda,2021,7,Import Quantity
Argentina,2021,469,Import Quantity
Armenia,2021,476,Import Quantity
Australia,2021,13424,Import Quantity
Austria,2021,3220,Import Quantity
Azerbaijan,2021,13965,Import Quantity
Bahamas,2021,124,Import Quantity
Bahrain,2021,2115,Import Quantity
Bangladesh,2021,2478,Import Quantity
Barbados,2021,368,Import Quantity
Belarus,2021,6842,Import Quantity
Belgium,2021,15034,Import Quantity
Belize,2021,416,Import Quantity
Benin,2021,186,Import Quantity
Bhutan,2021,375,Import Quantity
Bolivia,2021,713,Import Quantity
Bosnia and Herzegovina,2021,59,Import Quantity
Botswana,2021,2372,Import Quantity
Brazil,2021,647,Import Quantity
Brunei,2021,223,Import Quantity
Bulgaria,2021,744,Import Quantity
Burkina Faso,2021,5085,Import Quantity
Burundi,2021,12,Import Quantity
Cabo Verde,2021,14,Import Quantity
Cambodia,2021,380,Import Quantity
Cameroon,2021,7371,Import Quantity
Canada,2021,18608,Import Quantity
Central African Republic,2021,13,Import Quantity
Chad,2021,1844,Import Quantity
Chile,2021,19864,Import Quantity
"China, Hong Kong SAR",2021,20827,Import Quantity
"China, Macao SAR",2021,1007,Import Quantity
"China, Mainland",2021,46744,Import Quantity
"China, Taiwan Province of",2021,33192,Import Quantity
Colombia,2021,490,Import Quantity
Comoros,2021,8,Import Quantity
Congo (Brazzaville),2021,299,Import Quantity
Cook Islands,2021,13,Import Quantity
Costa Rica,2021,245,Import Quantity
Croatia,2021,207,Import Quantity
Cuba,2021,20,Import Quantity
Cyprus,2021,260,Import Quantity
Czechia,2021,2765,Import Quantity
Côte d'Ivoire,2021,4628,Import Quantity
DR Congo (Brazzaville),2021,800,Import Quantity
Denmark,2021,5395,Import Quantity
Djibouti,2021,530,Import Quantity
Dominica,2021,4,Import Quantity
Dominican Republic,2021,236,Import Quantity
Ecuador,2021,77,Import Quantity
Egypt,2021,72771,Import Quantity
El Salvador,2021,71,Import Quantity
Equatorial Guinea,2021,25,Import Quantity
Eritrea,2021,290,Import Quantity
Estonia,2021,379,Import Quantity
Eswatini,2021,595,Import Quantity
Ethiopia,2021,54,Import Quantity
Faroe Islands,2021,26,Import Quantity
Fiji,2021,746,Import Quantity
Finland,2021,866,Import Quantity
France,2021,18510,Import Quantity
French Polynesia,2021,37,Import Quantity
Gabon,2021,337,Import Quantity
Gambia,2021,3114,Import Quantity
Georgia,2021,2525,Import Quantity
Germany,2021,47452,Import Quantity
Ghana,2021,27401,Import Quantity
Greece,2021,825,Import Quantity
Grenada,2021,33,Import Quantity
Guatemala,2021,226,Import Quantity
Guinea,2021,5008,Import Quantity
Guinea-Bissau,2021,26,Import Quantity
Guyana,2021,281,Import Quantity
Haiti,2021,2,Import Quantity
Honduras,2021,100,Import Quantity
Hungary,2021,732,Import Quantity
Iceland,2021,92,Import Quantity
India,2021,31337,Import Quantity
Indonesia,2021,10609,Import Quantity
Iran,2021,55150,Import Quantity
Iraq,2021,59044,Import Quantity
Ireland,2021,8992,Import Quantity
Israel,2021,1528,Import Quantity
Italy,2021,7511,Import Quantity
Jamaica,2021,191,Import Quantity
Japan,2021,28041,Import Quantity
Jordan,2021,7186,Import Quantity
Kazakhstan,2021,30115,Import Quantity
Kenya,2021,9036,Import Quantity
Kiribati,2021,18,Import Quantity
Kuwait,2021,6918,Import Quantity
Kyrgyzstan,2021,7090,Import Quantity
Laos,2021,2457,Import Quantity
Latvia,2021,893,Import Quantity
Lebanon,2021,3669,Import Quantity
Lesotho,2021,523,Import Quantity
Liberia,2021,371,Import Quantity
Libya,2021,16757,Import Quantity
Lithuania,2021,875,Import Quantity
Luxembourg,2021,158,Import Quantity
Madagascar,2021,29,Import Quantity
Malawi,2021,34,Import Quantity
Malaysia,2021,27824,Import Quantity
Maldives,2021,503,Import Quantity
Mali,2021,7656,Import Quantity
Malta,2021,319,Import Quantity
Mauritania,2021,18659,Import Quantity
Mauritius,2021,457,Import Quantity
Mexico,2021,1202,Import Quantity
Moldova,2021,933,Import Quantity
Mongolia,2021,2190,Import Quantity
Montenegro,2021,24,Import Quantity
Morocco,2021,66368,Import Quantity
Mozambique,2021,1229,Import Quantity
Myanmar,2021,694,Import Quantity
Namibia,2021,940,Import Quantity
Nauru,2021,4,Import Quantity
Nepal,2021,265,Import Quantity
Netherlands,2021,23905,Import Quantity
New Caledonia,2021,96,Import Quantity
New Zealand,2021,2281,Import Quantity
Nicaragua,2021,59,Import Quantity
Niger,2021,6624,Import Quantity
Nigeria,2021,6932,Import Quantity
Niue,2021,1,Import Quantity
North Macedonia,2021,94,Import Quantity
Norway,2021,1039,Import Quantity
Oman,2021,9272,Import Quantity
Pakistan,2021,260231,Import Quantity
Palestine,2021,239,Import Quantity
Panama,2021,669,Import Quantity
Papua New Guinea,2021,78,Import Quantity
Paraguay,2021,206,Import Quantity
Peru,2021,1810,Import Quantity
Philippines,2021,3176,Import Quantity
Poland,2021,38362,Import Quantity
Portugal,2021,661,Import Quantity
Qatar,2021,4188,Import Quantity
Romania,2021,392,Import Quantity
Russia,2021,154982,Import Quantity
Rwanda,2021,109,Import Quantity
Saint Kitts and Nevis,2021,2,Import Quantity
Saint Lucia,2021,16,Import Quantity
Saint Vincent and the Grenadines,2021,13,Import Quantity
Samoa,2021,107,Import Quantity
Sao Tome and Principe,2021,4,Import Quantity
Saudi Arabia,2021,31027,Import Quantity
Senegal,2021,6605,Import Quantity
Serbia,2021,112,Import Quantity
Seychelles,2021,94,Import Quantity
Sierra Leone,2021,657,Import Quantity
Singapore,2021,4666,Import Quantity
Slovakia,2021,407,Import Quantity
Slovenia,2021,126,Import Quantity
Solomon Islands,2021,23,Import Quantity
Somalia,2021,7791,Import Quantity
South Africa,2021,21498,Import Quantity
South Korea,2021,1461,Import Quantity
Spain,2021,6998,Import Quantity
Sri Lanka,2021,6684,Import Quantity
Sudan,2021,24436,Import Quantity
Suriname,2021,247,Import Quantity
Sweden,2021,3015,Import Quantity
Switzerland,2021,8332,Import Quantity
Syria,2021,8069,Import Quantity
Tajikistan,2021,5601,Import Quantity
Tanzania,2021,131,Import Quantity
Thailand,2021,11813,Import Quantity
Timor-Leste,2021,230,Import Quantity
Togo,2021,395,Import Quantity
Tonga,2021,5,Import Quantity
Trinidad and Tobago,2021,400,Import Quantity
Tunisia,2021,7727,Import Quantity
Turkmenistan,2021,4029,Import Quantity
Tuvalu,2021,2,Import Quantity
Türkiye,2021,19871,Import Quantity
Uganda,2021,71,Import Quantity
Ukraine,2021,16114,Import Quantity
United Arab Emirates,2021,68263,Import Quantity
United Kingdom,2021,108237,Import Quantity
United States,2021,116231,Import Quantity
Uruguay,2021,452,Import Quantity
Uzbekistan,2021,27354,Import Quantity
Vanuatu,2021,10,Import Quantity
Venzuela,2021,26,Import Quantity
Vietnam,2021,13922,Import Quantity
Yemen,2021,19212,Import Quantity
Zambia,2021,1068,Import Quantity
Zimbabwe,2021,223,Import Quantity
Afghanistan,2013,164125000,Import Value
Albania,2013,692000,Import Value
Algeria,2013,25475000,Import Value
Angola,2013,6019000,Import Value
Antigua and Barbuda,2013,285000,Import Value
Argentina,2013,1490000,Import Value
Armenia,2013,2404000,Import Value
Australia,2013,112925000,Import Value
Austria,2013,26236000,Import Value
Azerbaijan,2013,20322000,Import Value
Bahamas,2013,1443000,Import Value
Bahrain,2013,12454000,Import Value
Bangladesh,2013,26874000,Import Value
Barbados,2013,1286000,Import Value
Belarus,2013,50733000,Import Value
Belgium,2013,84898000,Import Value
Belize,2013,354000,Import Value
Benin,2013,361000,Import Value
Bhutan,2013,1124000,Import Value
Bolivia,2013,1087000,Import Value
Bosnia and Herzegovina,2013,621000,Import Value
Botswana,2013,6598000,Import Value
Brazil,2013,3081000,Import Value
Brunei Darussalam,2013,1808000,Import Value
Bulgaria,2013,2054000,Import Value
Burkina Faso,2013,3909000,Import Value
Burundi,2013,7000,Import Value
Cabo Verde,2013,157000,Import Value
Cambodia,2013,425000,Import Value
Cameroon,2013,14411000,Import Value
Canada,2013,173199000,Import Value
Central African Republic,2013,7000,Import Value
Chad,2013,531000,Import Value
Chile,2013,48801000,Import Value
"China, Hong Kong SAR",2013,64874000,Import Value
"China, Macao SAR",2013,5000000,Import Value
"China, Mainland",2013,75280000,Import Value
"China, Taiwan Province of",2013,55502000,Import Value
Colombia,2013,1888000,Import Value
Comoros,2013,7000,Import Value
Congo (Brazzaville),2013,370000,Import Value
Cook Islands,2013,73000,Import Value
Costa Rica,2013,1243000,Import Value
Croatia,2013,1448000,Import Value
Cuba,2013,355000,Import Value
Cyprus,2013,3234000,Import Value
Czechia,2013,25300000,Import Value
Côte d'Ivoire,2013,7474000,Import Value
DR Congo,2013,829000,Import Value
Denmark,2013,21754000,Import Value
Djibouti,2013,2155000,Import Value
Dominica,2013,20000,Import Value
Dominican Republic,2013,708000,Import Value
Ecuador,2013,388000,Import Value
Egypt,2013,307323000,Import Value
El Salvador,2013,371000,Import Value
Eritrea,2013,570000,Import Value
Estonia,2013,9156000,Import Value
Eswatini,2013,2565000,Import Value
Ethiopia,2013,560000,Import Value
Faroe Islands,2013,431000,Import Value
Fiji,2013,2875000,Import Value
Finland,2013,19444000,Import Value
France,2013,184952000,Import Value
French Polynesia,2013,568000,Import Value
Gabon,2013,1645000,Import Value
Gambia,2013,2221000,Import Value
Georgia,2013,7042000,Import Value
Germany,2013,233246000,Import Value
Ghana,2013,6603000,Import Value
Greece,2013,9910000,Import Value
Grenada,2013,37000,Import Value
Guatemala,2013,1032000,Import Value
Guinea,2013,11437000,Import Value
Guinea-Bissau,2013,1324000,Import Value
Guyana,2013,903000,Import Value
Haiti,2013,136000,Import Value
Honduras,2013,324000,Import Value
Hungary,2013,7152000,Import Value
Iceland,2013,1309000,Import Value
India,2013,43796000,Import Value
Indonesia,2013,29343000,Import Value
Iran,2013,399827000,Import Value
Iraq,2013,130987000,Import Value
Ireland,2013,36757000,Import Value
Israel,2013,8310000,Import Value
Italy,2013,75110000,Import Value
Jamaica,2013,2073000,Import Value
Japan,2013,195334000,Import Value
Jordan,2013,35262000,Import Value
Kazakhstan,2013,147705000,Import Value
Kenya,2013,19182000,Import Value
Kiribati,2013,1110000,Import Value
Kuwait,2013,61689000,Import Value
Kyrgyzstan,2013,16339000,Import Value
Laos,2013,220000,Import Value
Latvia,2013,13250000,Import Value
Lebanon,2013,23800000,Import Value
Lesotho,2013,1986000,Import Value
Liberia,2013,990000,Import Value
Libya,2013,42022000,Import Value
Lithuania,2013,17276000,Import Value
Luxembourg,2013,3062000,Import Value
Madagascar,2013,117000,Import Value
Malawi,2013,464000,Import Value
Malaysia,2013,51071000,Import Value
Maldives,2013,2152000,Import Value
Mali,2013,38158000,Import Value
Malta,2013,2931000,Import Value
Mauritania,2013,16062000,Import Value
Mauritius,2013,337000,Import Value
Mexico,2013,8054000,Import Value
Moldova,2013,7478000,Import Value
Mongolia,2013,5382000,Import Value
Montenegro,2013,428000,Import Value
Morocco,2013,189667000,Import Value
Mozambique,2013,13505000,Import Value
Myanmar,2013,9840000,Import Value
Namibia,2013,4413000,Import Value
Nauru,2013,6000,Import Value
Nepal,2013,581000,Import Value
Netherlands,2013,144804000,Import Value
New Caledonia,2013,1403000,Import Value
New Zealand,2013,22459000,Import Value
Nicaragua,2013,122000,Import Value
Niger,2013,9033000,Import Value
Nigeria,2013,4500000,Import Value
Niue,2013,9000,Import Value
North Macedonia,2013,1435000,Import Value
Norway,2013,20241000,Import Value
Oman,2013,32447000,Import Value
Pakistan,2013,318315000,Import Value
Palestine,2013,1608000,Import Value
Panama,2013,2718000,Import Value
Papua New Guinea,2013,633000,Import Value
Paraguay,2013,1777000,Import Value
Peru,2013,1616000,Import Value
Philippines,2013,4353000,Import Value
Poland,2013,103812000,Import Value
Portugal,2013,11590000,Import Value
Qatar,2013,26360000,Import Value
Romania,2013,4424000,Import Value
Russia,2013,657076000,Import Value
Rwanda,2013,178000,Import Value
Saint Kitts and Nevis,2013,17000,Import Value
Saint Lucia,2013,226000,Import Value
Saint Vincent and the Grenadines,2013,190000,Import Value
Samoa,2013,247000,Import Value
Sao Tome and Principe,2013,58000,Import Value
Saudi Arabia,2013,232594000,Import Value
Senegal,2013,7859000,Import Value
Serbia,2013,686000,Import Value
Seychelles,2013,424000,Import Value
Sierra Leone,2013,1200000,Import Value
Singapore,2013,40038000,Import Value
Slovakia,2013,4971000,Import Value
Slovenia,2013,2087000,Import Value
Solomon Islands,2013,596000,Import Value
Somalia,2013,5733000,Import Value
South Africa,2013,57822000,Import Value
South Korea,2013,9741000,Import Value
Spain,2013,24173000,Import Value
Sri Lanka,2013,14577000,Import Value
Sudan,2013,70143000,Import Value
Suriname,2013,1345000,Import Value
Sweden,2013,38771000,Import Value
Switzerland,2013,35704000,Import Value
Syria,2013,111188000,Import Value
Tajikistan,2013,6100000,Import Value
Tanzania,2013,233000,Import Value
Thailand,2013,12141000,Import Value
Timor-Leste,2013,159000,Import Value
Togo,2013,564000,Import Value
Tonga,2013,77000,Import Value
Trinidad and Tobago,2013,3110000,Import Value
Tunisia,2013,12543000,Import Value
Turkmenistan,2013,7036000,Import Value
Tuvalu,2013,28000,Import Value
Türkiye,2013,17554000,Import Value
Uganda,2013,211000,Import Value
Ukraine,2013,159169000,Import Value
United Arab Emirates,2013,311138000,Import Value
United Kingdom,2013,423099000,Import Value
United States,2013,476020000,Import Value
Uruguay,2013,1838000,Import Value
Uzbekistan,2013,68481000,Import Value
Vanuatu,2013,138000,Import Value
Venezuela,2013,824000,Import Value
Vietnam,2013,33520000,Import Value
Yemen,2013,34235000,Import Value
Zambia,2013,2721000,Import Value
Zimbabwe,2013,2430000,Import Value
Afghanistan,2018,146110000,Import Value
Albania,2018,128000,Import Value
Algeria,2018,58070000,Import Value
Angola,2018,4134000,Import Value
Antigua and Barbuda,2018,385000,Import Value
Argentina,2018,2101000,Import Value
Armenia,2018,2870000,Import Value
Australia,2018,106915000,Import Value
Austria,2018,29289000,Import Value
Azerbaijan,2018,49807000,Import Value
Bahamas,2018,2975000,Import Value
Bahrain,2018,15772000,Import Value
Bangladesh,2018,7914000,Import Value
Barbados,2018,1741000,Import Value
Belarus,2018,37355000,Import Value
Belgium,2018,75168000,Import Value
Belize,2018,615000,Import Value
Benin,2018,324000,Import Value
Bhutan,2018,1252000,Import Value
Bolivia,2018,1209000,Import Value
Bosnia and Herzegovina,2018,572000,Import Value
Botswana,2018,7289000,Import Value
Brazil,2018,2928000,Import Value
Brunei Darussalam,2018,1317000,Import Value
Bulgaria,2018,7074000,Import Value
Burkina Faso,2018,3562000,Import Value
Burundi,2018,18000,Import Value
Cabo Verde,2018,222000,Import Value
Cambodia,2018,1066000,Import Value
Cameroon,2018,901000,Import Value
Canada,2018,145550000,Import Value
Central African Republic,2018,56000,Import Value
Chad,2018,918000,Import Value
Chile,2018,57803000,Import Value
"China, Hong Kong SAR",2018,151848000,Import Value
"China, Macao SAR",2018,8855000,Import Value
"China, Mainland",2018,177824000,Import Value
"China, Taiwan Province of",2018,80048000,Import Value
Colombia,2018,1767000,Import Value
Comoros,2018,10000,Import Value
Congo (Brazzaville),2018,364000,Import Value
Cook Islands,2018,60000,Import Value
Costa Rica,2018,1680000,Import Value
Croatia,2018,1835000,Import Value
Cuba,2018,661000,Import Value
Cyprus,2018,2434000,Import Value
Czechia,2018,24490000,Import Value
Côte d'Ivoire,2018,7826000,Import Value
DR Congo,2018,1924000,Import Value
Denmark,2018,28981000,Import Value
Djibouti,2018,2363000,Import Value
Dominica,2018,142000,Import Value
Dominican Republic,2018,1899000,Import Value
Ecuador,2018,277000,Import Value
Egypt,2018,318109000,Import Value
El Salvador,2018,639000,Import Value
Equatorial Guinea,2018,167000,Import Value
Eritrea,2018,728000,Import Value
Estonia,2018,5814000,Import Value
Eswatini,2018,2862000,Import Value
Ethiopia,2018,350000,Import Value
Faroe Islands,2018,307000,Import Value
Fiji,2018,3468000,Import Value
Finland,2018,14755000,Import Value
France,2018,180741000,Import Value
French Polynesia,2018,493000,Import Value
Gabon,2018,2140000,Import Value
Gambia,2018,1973000,Import Value
Georgia,2018,8873000,Import Value
Germany,2018,237683000,Import Value
Ghana,2018,4071000,Import Value
Greece,2018,8743000,Import Value
Grenada,2018,309000,Import Value
Guatemala,2018,1733000,Import Value
Guinea,2018,13855000,Import Value
Guinea-Bissau,2018,226000,Import Value
Guyana,2018,1490000,Import Value
Haiti,2018,21000,Import Value
Honduras,2018,332000,Import Value
Hungary,2018,8254000,Import Value
Iceland,2018,1734000,Import Value
India,2018,27499000,Import Value
Indonesia,2018,29430000,Import Value
Iran,2018,292357000,Import Value
Iraq,2018,63275000,Import Value
Ireland,2018,50917000,Import Value
Israel,2018,9247000,Import Value
Italy,2018,78031000,Import Value
Jamaica,2018,1450000,Import Value
Japan,2018,182179000,Import Value
Jordan,2018,52646000,Import Value
Kazakhstan,2018,112747000,Import Value
Kenya,2018,18029000,Import Value
Kiribati,2018,226000,Import Value
Kuwait,2018,61386000,Import Value
Kyrgyzstan,2018,12791000,Import Value
Laos,2018,862000,Import Value
Latvia,2018,9541000,Import Value
Lebanon,2018,26904000,Import Value
Lesotho,2018,996000,Import Value
Liberia,2018,749000,Import Value
Libya,2018,27688000,Import Value
Lithuania,2018,13301000,Import Value
Luxembourg,2018,3573000,Import Value
Madagascar,2018,108000,Import Value
Malawi,2018,354000,Import Value
Malaysia,2018,77386000,Import Value
Maldives,2018,2082000,Import Value
Mali,2018,35923000,Import Value
Malta,2018,2162000,Import Value
Mauritania,2018,18879000,Import Value
Mauritius,2018,1556000,Import Value
Mexico,2018,12892000,Import Value
Moldova,2018,8041000,Import Value
Mongolia,2018,4993000,Import Value
Montenegro,2018,282000,Import Value
Morocco,2018,220276000,Import Value
Mozambique,2018,12655000,Import Value
Myanmar,2018,1307000,Import Value
Namibia,2018,5831000,Import Value
Nauru,2018,43000,Import Value
Nepal,2018,1219000,Import Value
Netherlands,2018,153517000,Import Value
New Caledonia,2018,1023000,Import Value
New Zealand,2018,23440000,Import Value
Nicaragua,2018,254000,Import Value
Niger,2018,10216000,Import Value
Nigeria,2018,20391000,Import Value
Niue,2018,12000,Import Value
North Macedonia,2018,1825000,Import Value
Norway,2018,17317000,Import Value
Oman,2018,32509000,Import Value
Pakistan,2018,571327000,Import Value
Panama,2018,2716000,Import Value
Papua New Guinea,2018,355000,Import Value
Paraguay,2018,1215000,Import Value
Peru,2018,2418000,Import Value
Philippines,2018,7665000,Import Value
Poland,2018,116025000,Import Value
Portugal,2018,7674000,Import Value
Qatar,2018,30215000,Import Value
Romania,2018,5111000,Import Value
Russia,2018,497069000,Import Value
Rwanda,2018,540000,Import Value
Saint Kitts and Nevis,2018,61000,Import Value
Saint Lucia,2018,547000,Import Value
Saint Vincent and the Grenadines,2018,112000,Import Value
Samoa,2018,279000,Import Value
Sao Tome and Principe,2018,39000,Import Value
Saudi Arabia,2018,252516000,Import Value
Senegal,2018,11014000,Import Value
Serbia,2018,676000,Import Value
Seychelles,2018,777000,Import Value
Sierra Leone,2018,758000,Import Value
Singapore,2018,45758000,Import Value
Slovakia,2018,3920000,Import Value
Slovenia,2018,1996000,Import Value
Solomon Islands,2018,1631000,Import Value
Somalia,2018,10208000,Import Value
South Africa,2018,44349000,Import Value
South Korea,2018,20900000,Import Value
Spain,2018,35034000,Import Value
Sri Lanka,2018,19938000,Import Value
Sudan,2018,65453000,Import Value
Suriname,2018,1564000,Import Value
Sweden,2018,39109000,Import Value
Switzerland,2018,37143000,Import Value
Syria,2018,43000000,Import Value
Tajikistan,2018,7718000,Import Value
Tanzania,2018,481000,Import Value
Thailand,2018,19674000,Import Value
Timor-Leste,2018,238000,Import Value
Togo,2018,950000,Import Value
Tonga,2018,52000,Import Value
Trinidad and Tobago,2018,3404000,Import Value
Tunisia,2018,8850000,Import Value
Turkmenistan,2018,13031000,Import Value
Tuvalu,2018,25000,Import Value
Türkiye,2018,38911000,Import Value
Uganda,2018,466000,Import Value
Ukraine,2018,57942000,Import Value
United Arab Emirates,2018,323162000,Import Value
United Kingdom,2018,393130000,Import Value
United States,2018,487294000,Import Value
Uruguay,2018,1961000,Import Value
Uzbekistan,2018,47337000,Import Value
Vanuatu,2018,101000,Import Value
Venezuela,2018,94000,Import Value
Vietnam,2018,23550000,Import Value
Yemen,2018,6165000,Import Value
Zambia,2018,3769000,Import Value
Zimbabwe,2018,2670000,Import Value
Afghanistan,2019,123053000,Import Value
Albania,2019,72000,Import Value
Algeria,2019,60098000,Import Value
Angola,2019,6855000,Import Value
Antigua and Barbuda,2019,296000,Import Value
Argentina,2019,1685000,Import Value
Armenia,2019,2528000,Import Value
Australia,2019,109308000,Import Value
Austria,2019,27493000,Import Value
Azerbaijan,2019,55049000,Import Value
Bahamas,2019,1703000,Import Value
Bahrain,2019,3834000,Import Value
Bangladesh,2019,7077000,Import Value
Barbados,2019,1055000,Import Value
Belarus,2019,40668000,Import Value
Belgium,2019,72726000,Import Value
Belize,2019,589000,Import Value
Benin,2019,482000,Import Value
Bhutan,2019,1030000,Import Value
Bolivia,2019,1243000,Import Value
Bosnia and Herzegovina,2019,572000,Import Value
Botswana,2019,7975000,Import Value
Brazil,2019,2978000,Import Value
Brunei Darussalam,2019,2753000,Import Value
Bulgaria,2019,5224000,Import Value
Burkina Faso,2019,1795000,Import Value
Burundi,2019,28000,Import Value
Cabo Verde,2019,152000,Import Value
Cambodia,2019,1189000,Import Value
Cameroon,2019,14541000,Import Value
Canada,2019,138832000,Import Value
Central African Republic,2019,219000,Import Value
Chad,2019,1787000,Import Value
Chile,2019,47952000,Import Value
"China, Hong Kong SAR",2019,186429000,Import Value
"China, Macao SAR",2019,9068000,Import Value
"China, Mainland",2019,187320000,Import Value
"China, Taiwan Province of",2019,82892000,Import Value
Colombia,2019,1946000,Import Value
Comoros,2019,7000,Import Value
Congo (Brazzaville),2019,449000,Import Value
Cook Islands,2019,77000,Import Value
Costa Rica,2019,1828000,Import Value
Croatia,2019,2197000,Import Value
Cuba,2019,687000,Import Value
Cyprus,2019,2410000,Import Value
Czechia,2019,27598000,Import Value
Côte d'Ivoire,2019,8999000,Import Value
DR Congo,2019,2278000,Import Value
Denmark,2019,33340000,Import Value
Djibouti,2019,1423000,Import Value
Dominica,2019,110000,Import Value
Dominican Republic,2019,1158000,Import Value
Ecuador,2019,308000,Import Value
Egypt,2019,276492000,Import Value
El Salvador,2019,426000,Import Value
Equatorial Guinea,2019,239000,Import Value
Eritrea,2019,557000,Import Value
Estonia,2019,5297000,Import Value
Eswatini,2019,2798000,Import Value
Ethiopia,2019,198000,Import Value
Faroe Islands,2019,380000,Import Value
Fiji,2019,3786000,Import Value
Finland,2019,14596000,Import Value
France,2019,165414000,Import Value
French Polynesia,2019,565000,Import Value
Gabon,2019,1634000,Import Value
Gambia,2019,2192000,Import Value
Georgia,2019,9693000,Import Value
Germany,2019,225371000,Import Value
Ghana,2019,2876000,Import Value
Greece,2019,8354000,Import Value
Grenada,2019,273000,Import Value
Guatemala,2019,2070000,Import Value
Guinea,2019,15324000,Import Value
Guinea-Bissau,2019,49000,Import Value
Guyana,2019,1533000,Import Value
Haiti,2019,199000,Import Value
Honduras,2019,320000,Import Value
Hungary,2019,8728000,Import Value
Iceland,2019,1602000,Import Value
India,2019,55114000,Import Value
Indonesia,2019,36037000,Import Value
Iran,2019,440241000,Import Value
Iraq,2019,71255000,Import Value
Ireland,2019,51102000,Import Value
Israel,2019,8432000,Import Value
Italy,2019,76197000,Import Value
Jamaica,2019,1319000,Import Value
Japan,2019,179788000,Import Value
Jordan,2019,46341000,Import Value
Kazakhstan,2019,107803000,Import Value
Kenya,2019,11691000,Import Value
Kiribati,2019,133000,Import Value
Kuwait,2019,65286000,Import Value
Kyrgyzstan,2019,11310000,Import Value
Laos,2019,1174000,Import Value
Latvia,2019,9648000,Import Value
Lebanon,2019,23742000,Import Value
Lesotho,2019,1295000,Import Value
Liberia,2019,1171000,Import Value
Libya,2019,20974000,Import Value
Lithuania,2019,12488000,Import Value
Luxembourg,2019,3178000,Import Value
Madagascar,2019,115000,Import Value
Malawi,2019,397000,Import Value
Malaysia,2019,96600000,Import Value
Maldives,2019,2257000,Import Value
Mali,2019,38369000,Import Value
Malta,2019,1898000,Import Value
Mauritania,2019,20586000,Import Value
Mauritius,2019,1475000,Import Value
Mexico,2019,10649000,Import Value
Moldova,2019,7791000,Import Value
Mongolia,2019,3878000,Import Value
Montenegro,2019,397000,Import Value
Morocco,2019,231907000,Import Value
Mozambique,2019,4153000,Import Value
Myanmar,2019,1376000,Import Value
Namibia,2019,5160000,Import Value
Nauru,2019,27000,Import Value
Nepal,2019,939000,Import Value
Netherlands,2019,150372000,Import Value
New Caledonia,2019,992000,Import Value
New Zealand,2019,24246000,Import Value
Nicaragua,2019,208000,Import Value
Niger,2019,12437000,Import Value
Nigeria,2019,22476000,Import Value
Niue,2019,6000,Import Value
North Macedonia,2019,1729000,Import Value
Norway,2019,16010000,Import Value
Oman,2019,9403000,Import Value
Pakistan,2019,496017000,Import Value
Panama,2019,2531000,Import Value
Papua New Guinea,2019,359000,Import Value
Paraguay,2019,1155000,Import Value
Peru,2019,2192000,Import Value
Philippines,2019,11690000,Import Value
Poland,2019,121415000,Import Value
Portugal,2019,7183000,Import Value
Qatar,2019,26389000,Import Value
Romania,2019,5205000,Import Value
Russia,2019,425911000,Import Value
Rwanda,2019,307000,Import Value
Saint Kitts and Nevis,2019,19000,Import Value
Saint Lucia,2019,466000,Import Value
Saint Vincent and the Grenadines,2019,126000,Import Value
Samoa,2019,174000,Import Value
Sao Tome and Principe,2019,40000,Import Value
Saudi Arabia,2019,236629000,Import Value
Senegal,2019,6513000,Import Value
Serbia,2019,744000,Import Value
Seychelles,2019,666000,Import Value
Sierra Leone,2019,1984000,Import Value
Singapore,2019,50738000,Import Value
Slovakia,2019,3672000,Import Value
Slovenia,2019,2693000,Import Value
Solomon Islands,2019,118000,Import Value
Somalia,2019,9779000,Import Value
South Africa,2019,40176000,Import Value
South Korea,2019,20041000,Import Value
Spain,2019,38823000,Import Value
Sri Lanka,2019,18723000,Import Value
Sudan,2019,46427000,Import Value
Suriname,2019,1218000,Import Value
Sweden,2019,35110000,Import Value
Switzerland,2019,36610000,Import Value
Syria,2019,56000000,Import Value
Tajikistan,2019,7092000,Import Value
Tanzania,2019,439000,Import Value
Thailand,2019,19602000,Import Value
Timor-Leste,2019,218000,Import Value
Togo,2019,1109000,Import Value
Tonga,2019,86000,Import Value
Trinidad and Tobago,2019,2775000,Import Value
Tunisia,2019,12769000,Import Value
Turkmenistan,2019,13065000,Import Value
Tuvalu,2019,18000,Import Value
Türkiye,2019,40854000,Import Value
Uganda,2019,534000,Import Value
Ukraine,2019,57334000,Import Value
United Arab Emirates,2019,210592000,Import Value
United Kingdom,2019,348753000,Import Value
United States,2019,488414000,Import Value
Uruguay,2019,1724000,Import Value
Uzbekistan,2019,46438000,Import Value
Vanuatu,2019,120000,Import Value
Venezuela,2019,51000,Import Value
Vietnam,2019,30916000,Import Value
Yemen,2019,15905000,Import Value
Zambia,2019,3223000,Import Value
Zimbabwe,2019,876000,Import Value
Afghanistan,2006,33202000,Import Value
Albania,2006,160000,Import Value
Algeria,2006,11772000,Import Value
Angola,2006,2881000,Import Value
Antigua and Barbuda,2006,123000,Import Value
Argentina,2006,1023000,Import Value
Armenia,2006,970000,Import Value
Australia,2006,70845000,Import Value
Austria,2006,11895000,Import Value
Azerbaijan,2006,12864000,Import Value
Bahamas,2006,1270000,Import Value
Bahrain,2006,7078000,Import Value
Bangladesh,2006,39000,Import Value
Barbados,2006,1189000,Import Value
Belarus,2006,24813000,Import Value
Belgium,2006,37494000,Import Value
Belize,2006,169000,Import Value
Benin,2006,145000,Import Value
Bhutan,2006,1000,Import Value
Bolivia,2006,329000,Import Value
Bosnia and Herzegovina,2006,376000,Import Value
Botswana,2006,328000,Import Value
Brazil,2006,1820000,Import Value
Brunei Darussalam,2006,605000,Import Value
Bulgaria,2006,1326000,Import Value
Burkina Faso,2006,1183000,Import Value
Burundi,2006,34000,Import Value
Cabo Verde,2006,114000,Import Value
Cambodia,2006,20544000,Import Value
Cameroon,2006,389000,Import Value
Canada,2006,123355000,Import Value
Central African Republic,2006,106000,Import Value
Chad,2006,450000,Import Value
Chile,2006,26105000,Import Value
"China, Hong Kong SAR",2006,36487000,Import Value
"China, Macao SAR",2006,2675000,Import Value
"China, Mainland",2006,8082000,Import Value
"China, Taiwan Province of",2006,29816000,Import Value
Colombia,2006,710000,Import Value
Comoros,2006,7000,Import Value
Congo (Brazzaville),2006,98000,Import Value
Cook Islands,2006,88000,Import Value
Costa Rica,2006,858000,Import Value
Croatia,2006,949000,Import Value
Cuba,2006,69000,Import Value
Cyprus,2006,2362000,Import Value
Czechia,2006,13818000,Import Value
Côte d'Ivoire,2006,3076000,Import Value
DR Congo,2006,2262000,Import Value
Denmark,2006,13646000,Import Value
Djibouti,2006,740000,Import Value
Dominica,2006,40000,Import Value
Dominican Republic,2006,196000,Import Value
Ecuador,2006,149000,Import Value
Egypt,2006,9603000,Import Value
El Salvador,2006,358000,Import Value
Eritrea,2006,6891000,Import Value
Estonia,2006,4776000,Import Value
Eswatini,2006,1780000,Import Value
Ethiopia,2006,83000,Import Value
Faroe Islands,2006,476000,Import Value
Fiji,2006,2045000,Import Value
Finland,2006,13602000,Import Value
France,2006,116194000,Import Value
French Polynesia,2006,556000,Import Value
Gabon,2006,363000,Import Value
Gambia,2006,8441000,Import Value
Georgia,2006,2797000,Import Value
Germany,2006,143078000,Import Value
Ghana,2006,29911000,Import Value
Greece,2006,5829000,Import Value
Grenada,2006,68000,Import Value
Guatemala,2006,634000,Import Value
Guinea,2006,1399000,Import Value
Guinea-Bissau,2006,73000,Import Value
Guyana,2006,602000,Import Value
Haiti,2006,2000,Import Value
Honduras,2006,550000,Import Value
Hungary,2006,12162000,Import Value
Iceland,2006,1079000,Import Value
India,2006,27612000,Import Value
Indonesia,2006,8703000,Import Value
Iran,2006,65389000,Import Value
Iraq,2006,15659000,Import Value
Ireland,2006,29077000,Import Value
Israel,2006,5302000,Import Value
Italy,2006,52520000,Import Value
Jamaica,2006,862000,Import Value
Japan,2006,179812000,Import Value
Jordan,2006,19013000,Import Value
Kazakhstan,2006,57348000,Import Value
Kenya,2006,11181000,Import Value
Kiribati,2006,207000,Import Value
Kuwait,2006,4266000,Import Value
Kyrgyzstan,2006,3646000,Import Value
Laos,2006,58000,Import Value
Latvia,2006,6206000,Import Value
Lebanon,2006,8585000,Import Value
Lesotho,2006,2000,Import Value
Liberia,2006,253000,Import Value
Libya,2006,19870000,Import Value
Lithuania,2006,8120000,Import Value
Luxembourg,2006,1935000,Import Value
Madagascar,2006,49000,Import Value
Malawi,2006,180000,Import Value
Malaysia,2006,20318000,Import Value
Maldives,2006,723000,Import Value
Mali,2006,11805000,Import Value
Malta,2006,2295000,Import Value
Mauritania,2006,24295000,Import Value
Mauritius,2006,109000,Import Value
Mexico,2006,2885000,Import Value
Moldova,2006,3408000,Import Value
Mongolia,2006,1678000,Import Value
Montenegro,2006,240000,Import Value
Morocco,2006,88968000,Import Value
Mozambique,2006,2804000,Import Value
Myanmar,2006,1061000,Import Value
Namibia,2006,187000,Import Value
Nauru,2006,41000,Import Value
Nepal,2006,402000,Import Value
Netherlands,2006,76156000,Import Value
New Caledonia,2006,1135000,Import Value
New Zealand,2006,15988000,Import Value
Nicaragua,2006,311000,Import Value
Niger,2006,4207000,Import Value
Nigeria,2006,9171000,Import Value
Niue,2006,8000,Import Value
North Macedonia,2006,1132000,Import Value
Norway,2006,13523000,Import Value
Oman,2006,18833000,Import Value
Pakistan,2006,221244000,Import Value
Palestine,2006,3590000,Import Value
Panama,2006,1283000,Import Value
Papua New Guinea,2006,166000,Import Value
Paraguay,2006,350000,Import Value
Peru,2006,1618000,Import Value
Philippines,2006,3173000,Import Value
Poland,2006,60153000,Import Value
Portugal,2006,5521000,Import Value
Qatar,2006,12561000,Import Value
Romania,2006,2998000,Import Value
Russia,2006,354384000,Import Value
Rwanda,2006,42000,Import Value
Saint Kitts and Nevis,2006,49000,Import Value
Saint Lucia,2006,365000,Import Value
Saint Vincent and the Grenadines,2006,110000,Import Value
Samoa,2006,114000,Import Value
Sao Tome and Principe,2006,847000,Import Value
Saudi Arabia,2006,135052000,Import Value
Senegal,2006,6357000,Import Value
Serbia,2006,502000,Import Value
Seychelles,2006,143000,Import Value
Sierra Leone,2006,435000,Import Value
Singapore,2006,17775000,Import Value
Slovakia,2006,3255000,Import Value
Slovenia,2006,1416000,Import Value
Solomon Islands,2006,401000,Import Value
Somalia,2006,2197000,Import Value
South Africa,2006,31853000,Import Value
South Korea,2006,6466000,Import Value
Spain,2006,16786000,Import Value
Sri Lanka,2006,22040000,Import Value
Sudan,2006,34252000,Import Value
Suriname,2006,585000,Import Value
Sweden,2006,34576000,Import Value
Switzerland,2006,19648000,Import Value
Syria,2006,53799000,Import Value
Tajikistan,2006,5883000,Import Value
Tanzania,2006,27000,Import Value
Thailand,2006,3229000,Import Value
Timor-Leste,2006,18000,Import Value
Togo,2006,6142000,Import Value
Tonga,2006,71000,Import Value
Trinidad and Tobago,2006,1425000,Import Value
Tunisia,2006,4992000,Import Value
Turkmenistan,2006,3452000,Import Value
Tuvalu,2006,29000,Import Value
Türkiye,2006,7735000,Import Value
Uganda,2006,28000,Import Value
Ukraine,2006,76400000,Import Value
United Arab Emirates,2006,97940000,Import Value
United Kingdom,2006,331383000,Import Value
United States,2006,281846000,Import Value
Uruguay,2006,1054000,Import Value
Uzbekistan,2006,14085000,Import Value
Vanuatu,2006,98000,Import Value
Venezuela,2006,796000,Import Value
Yemen,2006,13175000,Import Value
Zambia,2006,1521000,Import Value
Zimbabwe,2006,273000,Import Value
Afghanistan,2008,40063000,Import Value
Albania,2008,390000,Import Value
Algeria,2008,13524000,Import Value
Angola,2008,6301000,Import Value
Antigua and Barbuda,2008,121000,Import Value
Argentina,2008,1594000,Import Value
Armenia,2008,1930000,Import Value
Australia,2008,91505000,Import Value
Austria,2008,19468000,Import Value
Azerbaijan,2008,15923000,Import Value
Bahamas,2008,1170000,Import Value
Bahrain,2008,2919000,Import Value
Bangladesh,2008,166000,Import Value
Barbados,2008,1071000,Import Value
Belarus,2008,46814000,Import Value
Belgium,2008,56171000,Import Value
Belize,2008,282000,Import Value
Benin,2008,62000,Import Value
Bhutan,2008,123000,Import Value
Bolivia,2008,457000,Import Value
Bosnia and Herzegovina,2008,551000,Import Value
Botswana,2008,4863000,Import Value
Brazil,2008,3002000,Import Value
Brunei Darussalam,2008,1186000,Import Value
Bulgaria,2008,2217000,Import Value
Burkina Faso,2008,1801000,Import Value
Burundi,2008,8000,Import Value
Cabo Verde,2008,229000,Import Value
Cambodia,2008,902000,Import Value
Cameroon,2008,1037000,Import Value
Canada,2008,148197000,Import Value
Central African Republic,2008,34000,Import Value
Chad,2008,65000,Import Value
Chile,2008,37378000,Import Value
"China, Hong Kong SAR",2008,39586000,Import Value
"China, Macao SAR",2008,2635000,Import Value
"China, Mainland",2008,17761000,Import Value
"China, Taiwan Province of",2008,16586000,Import Value
Colombia,2008,956000,Import Value
Comoros,2008,77000,Import Value
Congo (Brazzaville),2008,91000,Import Value
Cook Islands,2008,77000,Import Value
Costa Rica,2008,868000,Import Value
Croatia,2008,1267000,Import Value
Cuba,2008,142000,Import Value
Cyprus,2008,3757000,Import Value
Czechia,2008,22054000,Import Value
Côte d'Ivoire,2008,4624000,Import Value
DR Congo,2008,580000,Import Value
Denmark,2008,16615000,Import Value
Djibouti,2008,3055000,Import Value
Dominica,2008,76000,Import Value
Dominican Republic,2008,431000,Import Value
Ecuador,2008,222000,Import Value
Egypt,2008,274990000,Import Value
El Salvador,2008,259000,Import Value
Eritrea,2008,569000,Import Value
Estonia,2008,7541000,Import Value
Eswatini,2008,1665000,Import Value
Ethiopia,2008,104000,Import Value
Faroe Islands,2008,596000,Import Value
Fiji,2008,2287000,Import Value
Finland,2008,18992000,Import Value
France,2008,149905000,Import Value
French Polynesia,2008,660000,Import Value
Gabon,2008,778000,Import Value
Gambia,2008,2411000,Import Value
Georgia,2008,5654000,Import Value
Germany,2008,183141000,Import Value
Ghana,2008,3894000,Import Value
Greece,2008,10016000,Import Value
Grenada,2008,18000,Import Value
Guatemala,2008,1957000,Import Value
Guinea,2008,2036000,Import Value
Guinea-Bissau,2008,10000,Import Value
Guyana,2008,887000,Import Value
Haiti,2008,75000,Import Value
Honduras,2008,706000,Import Value
Hungary,2008,13940000,Import Value
Iceland,2008,1249000,Import Value
India,2008,43513000,Import Value
Indonesia,2008,11990000,Import Value
Iran,2008,123454000,Import Value
Iraq,2008,109985000,Import Value
Ireland,2008,45991000,Import Value
Israel,2008,8609000,Import Value
Italy,2008,60233000,Import Value
Jamaica,2008,1554000,Import Value
Japan,2008,182173000,Import Value
Jordan,2008,30550000,Import Value
Kazakhstan,2008,93895000,Import Value
Kenya,2008,4393000,Import Value
Kiribati,2008,188000,Import Value
Kuwait,2008,27093000,Import Value
Kyrgyzstan,2008,5088000,Import Value
Laos,2008,129000,Import Value
Latvia,2008,10922000,Import Value
Lebanon,2008,13754000,Import Value
Lesotho,2008,2000,Import Value
Liberia,2008,627000,Import Value
Libya,2008,28470000,Import Value
Lithuania,2008,12113000,Import Value
Luxembourg,2008,2457000,Import Value
Madagascar,2008,86000,Import Value
Malawi,2008,319000,Import Value
Malaysia,2008,24788000,Import Value
Maldives,2008,894000,Import Value
Mali,2008,18042000,Import Value
Malta,2008,2887000,Import Value
Mauritania,2008,10791000,Import Value
Mauritius,2008,166000,Import Value
Mexico,2008,5366000,Import Value
Moldova,2008,6414000,Import Value
Mongolia,2008,3535000,Import Value
Montenegro,2008,542000,Import Value
Morocco,2008,101113000,Import Value
Mozambique,2008,2894000,Import Value
Myanmar,2008,2345000,Import Value
Namibia,2008,951000,Import Value
Nauru,2008,44000,Import Value
Nepal,2008,501000,Import Value
Netherlands,2008,107964000,Import Value
New Caledonia,2008,721000,Import Value
New Zealand,2008,18184000,Import Value
Nicaragua,2008,94000,Import Value
Niger,2008,5866000,Import Value
Nigeria,2008,10959000,Import Value
Niue,2008,11000,Import Value
North Macedonia,2008,1736000,Import Value
Norway,2008,17993000,Import Value
Oman,2008,19524000,Import Value
Pakistan,2008,181699000,Import Value
Palestine,2008,282000,Import Value
Panama,2008,1725000,Import Value
Papua New Guinea,2008,192000,Import Value
Paraguay,2008,285000,Import Value
Peru,2008,2175000,Import Value
Philippines,2008,5010000,Import Value
Poland,2008,100390000,Import Value
Portugal,2008,6985000,Import Value
Qatar,2008,18927000,Import Value
Romania,2008,5782000,Import Value
Russia,2008,510872000,Import Value
Rwanda,2008,118000,Import Value
Saint Kitts and Nevis,2008,56000,Import Value
Saint Lucia,2008,345000,Import Value
Saint Vincent and the Grenadines,2008,187000,Import Value
Samoa,2008,278000,Import Value
Sao Tome and Principe,2008,45000,Import Value
Saudi Arabia,2008,76795000,Import Value
Senegal,2008,8586000,Import Value
Serbia,2008,820000,Import Value
Seychelles,2008,432000,Import Value
Sierra Leone,2008,532000,Import Value
Singapore,2008,21826000,Import Value
Slovakia,2008,5887000,Import Value
Slovenia,2008,1825000,Import Value
Solomon Islands,2008,24000,Import Value
Somalia,2008,6542000,Import Value
South Africa,2008,28953000,Import Value
South Korea,2008,3135000,Import Value
Spain,2008,24636000,Import Value
Sri Lanka,2008,34891000,Import Value
Sudan,2008,51214000,Import Value
Suriname,2008,1012000,Import Value
Sweden,2008,49239000,Import Value
Switzerland,2008,24746000,Import Value
Syria,2008,70125000,Import Value
Tajikistan,2008,2763000,Import Value
Tanzania,2008,108000,Import Value
Thailand,2008,4338000,Import Value
Timor-Leste,2008,50000,Import Value
Togo,2008,276000,Import Value
Tonga,2008,76000,Import Value
Trinidad and Tobago,2008,1136000,Import Value
Tunisia,2008,19384000,Import Value
Turkmenistan,2008,5289000,Import Value
Tuvalu,2008,17000,Import Value
Türkiye,2008,11322000,Import Value
Uganda,2008,91000,Import Value
Ukraine,2008,120460000,Import Value
United Arab Emirates,2008,452111000,Import Value
United Kingdom,2008,367564000,Import Value
United States,2008,341056000,Import Value
Uruguay,2008,1344000,Import Value
Uzbekistan,2008,37005000,Import Value
Vanuatu,2008,172000,Import Value
Venezuela,2008,1082000,Import Value
Yemen,2008,15137000,Import Value
Zambia,2008,1058000,Import Value
Zimbabwe,2008,401000,Import Value
Afghanistan,2014,111711000,Import Value
Albania,2014,131000,Import Value
Algeria,2014,31160000,Import Value
Angola,2014,10630000,Import Value
Antigua and Barbuda,2014,259000,Import Value
Argentina,2014,1717000,Import Value
Armenia,2014,2435000,Import Value
Australia,2014,113658000,Import Value
Austria,2014,28738000,Import Value
Azerbaijan,2014,18992000,Import Value
Bahamas,2014,1406000,Import Value
Bahrain,2014,14113000,Import Value
Bangladesh,2014,9118000,Import Value
Barbados,2014,1419000,Import Value
Belarus,2014,47417000,Import Value
Belgium,2014,85443000,Import Value
Belize,2014,394000,Import Value
Benin,2014,352000,Import Value
Bhutan,2014,69000,Import Value
Bolivia,2014,1221000,Import Value
Bosnia and Herzegovina,2014,704000,Import Value
Botswana,2014,6571000,Import Value
Brazil,2014,3909000,Import Value
Brunei Darussalam,2014,1821000,Import Value
Bulgaria,2014,2229000,Import Value
Burkina Faso,2014,3052000,Import Value
Burundi,2014,6000,Import Value
Cabo Verde,2014,219000,Import Value
Cambodia,2014,817000,Import Value
Cameroon,2014,1081000,Import Value
Canada,2014,147763000,Import Value
Chad,2014,1897000,Import Value
Chile,2014,59236000,Import Value
"China, Hong Kong SAR",2014,70910000,Import Value
"China, Macao SAR",2014,5360000,Import Value
"China, Mainland",2014,92073000,Import Value
"China, Taiwan Province of",2014,61389000,Import Value
Colombia,2014,2180000,Import Value
Comoros,2014,12000,Import Value
Congo (Brazzaville),2014,338000,Import Value
Cook Islands,2014,64000,Import Value
Costa Rica,2014,1548000,Import Value
Croatia,2014,1634000,Import Value
Cuba,2014,361000,Import Value
Cyprus,2014,2972000,Import Value
Czechia,2014,28132000,Import Value
Côte d'Ivoire,2014,7236000,Import Value
DR Congo,2014,1158000,Import Value
Denmark,2014,20055000,Import Value
Djibouti,2014,262000,Import Value
Dominica,2014,14000,Import Value
Dominican Republic,2014,1206000,Import Value
Ecuador,2014,209000,Import Value
Egypt,2014,344799000,Import Value
El Salvador,2014,346000,Import Value
Equatorial Guinea,2014,293000,Import Value
Eritrea,2014,37000,Import Value
Estonia,2014,8534000,Import Value
Eswatini,2014,2286000,Import Value
Ethiopia,2014,1049000,Import Value
Faroe Islands,2014,469000,Import Value
Fiji,2014,2740000,Import Value
Finland,2014,18442000,Import Value
France,2014,172058000,Import Value
French Polynesia,2014,602000,Import Value
Gabon,2014,1847000,Import Value
Gambia,2014,2186000,Import Value
Georgia,2014,8573000,Import Value
Germany,2014,236860000,Import Value
Ghana,2014,32153000,Import Value
Greece,2014,9652000,Import Value
Grenada,2014,10000,Import Value
Guatemala,2014,1395000,Import Value
Guinea,2014,3189000,Import Value
Guinea-Bissau,2014,4576000,Import Value
Guyana,2014,977000,Import Value
Haiti,2014,71000,Import Value
Honduras,2014,257000,Import Value
Hungary,2014,10652000,Import Value
Iceland,2014,1538000,Import Value
India,2014,49568000,Import Value
Indonesia,2014,24430000,Import Value
Iran,2014,257874000,Import Value
Iraq,2014,221344000,Import Value
Ireland,2014,37653000,Import Value
Israel,2014,9195000,Import Value
Italy,2014,79296000,Import Value
Jamaica,2014,2126000,Import Value
Japan,2014,189701000,Import Value
Jordan,2014,43785000,Import Value
Kazakhstan,2014,129116000,Import Value
Kenya,2014,206433000,Import Value
Kiribati,2014,199000,Import Value
Kuwait,2014,70591000,Import Value
Kyrgyzstan,2014,14215000,Import Value
Laos,2014,385000,Import Value
Latvia,2014,12992000,Import Value
Lebanon,2014,27805000,Import Value
Lesotho,2014,1796000,Import Value
Liberia,2014,969000,Import Value
Libya,2014,67019000,Import Value
Lithuania,2014,21770000,Import Value
Luxembourg,2014,3168000,Import Value
Madagascar,2014,65000,Import Value
Malawi,2014,301000,Import Value
Malaysia,2014,60397000,Import Value
Maldives,2014,1855000,Import Value
Mali,2014,32417000,Import Value
Malta,2014,2894000,Import Value
Mauritania,2014,18059000,Import Value
Mauritius,2014,336000,Import Value
Mexico,2014,7988000,Import Value
Moldova,2014,7332000,Import Value
Mongolia,2014,5667000,Import Value
Montenegro,2014,370000,Import Value
Morocco,2014,189795000,Import Value
Mozambique,2014,4770000,Import Value
Myanmar,2014,2226000,Import Value
Namibia,2014,4447000,Import Value
Nauru,2014,397000,Import Value
Nepal,2014,678000,Import Value
Netherlands,2014,123375000,Import Value
New Caledonia,2014,1232000,Import Value
New Zealand,2014,23721000,Import Value
Nicaragua,2014,125000,Import Value
Niger,2014,7486000,Import Value
Nigeria,2014,8877000,Import Value
Niue,2014,15000,Import Value
North Macedonia,2014,1723000,Import Value
Norway,2014,21549000,Import Value
Oman,2014,38409000,Import Value
Pakistan,2014,328287000,Import Value
Panama,2014,2185000,Import Value
Papua New Guinea,2014,358000,Import Value
Paraguay,2014,1093000,Import Value
Peru,2014,1775000,Import Value
Philippines,2014,4591000,Import Value
Poland,2014,114478000,Import Value
Portugal,2014,12159000,Import Value
Qatar,2014,32471000,Import Value
Romania,2014,4760000,Import Value
Russia,2014,645822000,Import Value
Rwanda,2014,479000,Import Value
Saint Kitts and Nevis,2014,10000,Import Value
Saint Lucia,2014,443000,Import Value
Saint Vincent and the Grenadines,2014,140000,Import Value
Samoa,2014,210000,Import Value
Sao Tome and Principe,2014,110000,Import Value
Saudi Arabia,2014,250505000,Import Value
Senegal,2014,8784000,Import Value
Serbia,2014,692000,Import Value
Seychelles,2014,304000,Import Value
Sierra Leone,2014,2345000,Import Value
Singapore,2014,40003000,Import Value
Slovakia,2014,4818000,Import Value
Slovenia,2014,1976000,Import Value
Solomon Islands,2014,52000,Import Value
Somalia,2014,404000,Import Value
South Africa,2014,51932000,Import Value
South Korea,2014,12075000,Import Value
Spain,2014,28451000,Import Value
Sri Lanka,2014,14925000,Import Value
Sudan,2014,69664000,Import Value
Suriname,2014,1640000,Import Value
Sweden,2014,35668000,Import Value
Switzerland,2014,36649000,Import Value
Syria,2014,86110000,Import Value
Tajikistan,2014,11948000,Import Value
Tanzania,2014,564000,Import Value
Thailand,2014,14212000,Import Value
Timor-Leste,2014,257000,Import Value
Togo,2014,612000,Import Value
Tonga,2014,106000,Import Value
Trinidad and Tobago,2014,4400000,Import Value
Tunisia,2014,11647000,Import Value
Turkmenistan,2014,13237000,Import Value
Tuvalu,2014,40000,Import Value
Türkiye,2014,16045000,Import Value
Uganda,2014,371000,Import Value
Ukraine,2014,123361000,Import Value
United Arab Emirates,2014,677860000,Import Value
United Kingdom,2014,365239000,Import Value
United States,2014,444532000,Import Value
Uruguay,2014,2116000,Import Value
Uzbekistan,2014,66034000,Import Value
Vanuatu,2014,87000,Import Value
Venezuela,2014,539000,Import Value
Vietnam,2014,7930000,Import Value
Yemen,2014,50662000,Import Value
Zambia,2014,3743000,Import Value
Zimbabwe,2014,2908000,Import Value
Afghanistan,2015,129025000,Import Value
Albania,2015,314000,Import Value
Algeria,2015,33003000,Import Value
Angola,2015,4331000,Import Value
Antigua and Barbuda,2015,246000,Import Value
Argentina,2015,1912000,Import Value
Armenia,2015,2568000,Import Value
Australia,2015,105305000,Import Value
Austria,2015,24381000,Import Value
Azerbaijan,2015,53868000,Import Value
Bahamas,2015,1608000,Import Value
Bahrain,2015,12735000,Import Value
Bangladesh,2015,13592000,Import Value
Barbados,2015,1451000,Import Value
Belarus,2015,49201000,Import Value
Belgium,2015,78790000,Import Value
Belize,2015,370000,Import Value
Benin,2015,452000,Import Value
Bhutan,2015,57000,Import Value
Bolivia,2015,1006000,Import Value
Bosnia and Herzegovina,2015,576000,Import Value
Botswana,2015,6466000,Import Value
Brazil,2015,3554000,Import Value
Brunei Darussalam,2015,1335000,Import Value
Bulgaria,2015,2760000,Import Value
Burkina Faso,2015,2427000,Import Value
Burundi,2015,8000,Import Value
Cabo Verde,2015,151000,Import Value
Cambodia,2015,435000,Import Value
Cameroon,2015,1152000,Import Value
Canada,2015,133811000,Import Value
Chad,2015,1456000,Import Value
Chile,2015,54419000,Import Value
"China, Hong Kong SAR",2015,71017000,Import Value
"China, Macao SAR",2015,7843000,Import Value
"China, Mainland",2015,105594000,Import Value
"China, Taiwan Province of",2015,63222000,Import Value
Colombia,2015,1795000,Import Value
Comoros,2015,8000,Import Value
Congo (Brazzaville),2015,409000,Import Value
Cook Islands,2015,75000,Import Value
Costa Rica,2015,1632000,Import Value
Croatia,2015,1411000,Import Value
Cuba,2015,363000,Import Value
Cyprus,2015,2810000,Import Value
Czechia,2015,21307000,Import Value
Côte d'Ivoire,2015,5098000,Import Value
DR Congo,2015,651000,Import Value
Denmark,2015,21330000,Import Value
Djibouti,2015,122000,Import Value
Dominica,2015,50000,Import Value
Dominican Republic,2015,1287000,Import Value
Ecuador,2015,290000,Import Value
Egypt,2015,289760000,Import Value
El Salvador,2015,454000,Import Value
Equatorial Guinea,2015,327000,Import Value
Eritrea,2015,52000,Import Value
Estonia,2015,7023000,Import Value
Eswatini,2015,1971000,Import Value
Ethiopia,2015,799000,Import Value
Faroe Islands,2015,454000,Import Value
Fiji,2015,3190000,Import Value
Finland,2015,13661000,Import Value
France,2015,165211000,Import Value
French Polynesia,2015,536000,Import Value
Gabon,2015,1839000,Import Value
Gambia,2015,1990000,Import Value
Georgia,2015,6661000,Import Value
Germany,2015,224092000,Import Value
Ghana,2015,50909000,Import Value
Greece,2015,8784000,Import Value
Grenada,2015,165000,Import Value
Guatemala,2015,1676000,Import Value
Guinea,2015,2927000,Import Value
Guinea-Bissau,2015,1580000,Import Value
Guyana,2015,1316000,Import Value
Haiti,2015,76000,Import Value
Honduras,2015,320000,Import Value
Hungary,2015,8347000,Import Value
Iceland,2015,1399000,Import Value
India,2015,54222000,Import Value
Indonesia,2015,25747000,Import Value
Iran,2015,321915000,Import Value
Iraq,2015,122240000,Import Value
Ireland,2015,37642000,Import Value
Israel,2015,11568000,Import Value
Italy,2015,73649000,Import Value
Jamaica,2015,1954000,Import Value
Japan,2015,174021000,Import Value
Jordan,2015,45994000,Import Value
Kazakhstan,2015,110201000,Import Value
Kenya,2015,196451000,Import Value
Kiribati,2015,150000,Import Value
Kuwait,2015,52372000,Import Value
Kyrgyzstan,2015,9678000,Import Value
Laos,2015,121000,Import Value
Latvia,2015,11750000,Import Value
Lebanon,2015,21787000,Import Value
Lesotho,2015,2446000,Import Value
Liberia,2015,1105000,Import Value
Libya,2015,57415000,Import Value
Lithuania,2015,22790000,Import Value
Luxembourg,2015,3172000,Import Value
Madagascar,2015,84000,Import Value
Malawi,2015,342000,Import Value
Malaysia,2015,52273000,Import Value
Maldives,2015,1623000,Import Value
Mali,2015,33034000,Import Value
Malta,2015,3593000,Import Value
Mauritania,2015,63393000,Import Value
Mauritius,2015,592000,Import Value
Mexico,2015,9582000,Import Value
Moldova,2015,6977000,Import Value
Mongolia,2015,4137000,Import Value
Montenegro,2015,314000,Import Value
Morocco,2015,196889000,Import Value
Mozambique,2015,4576000,Import Value
Myanmar,2015,2279000,Import Value
Namibia,2015,4481000,Import Value
Nauru,2015,12000,Import Value
Nepal,2015,776000,Import Value
Netherlands,2015,108199000,Import Value
New Caledonia,2015,1404000,Import Value
New Zealand,2015,21212000,Import Value
Nicaragua,2015,280000,Import Value
Niger,2015,6824000,Import Value
Nigeria,2015,6573000,Import Value
Niue,2015,15000,Import Value
North Macedonia,2015,1760000,Import Value
Norway,2015,18740000,Import Value
Oman,2015,30124000,Import Value
Pakistan,2015,458103000,Import Value
Panama,2015,2002000,Import Value
Papua New Guinea,2015,324000,Import Value
Paraguay,2015,1385000,Import Value
Peru,2015,1701000,Import Value
Philippines,2015,4005000,Import Value
Poland,2015,107659000,Import Value
Portugal,2015,8458000,Import Value
Qatar,2015,28777000,Import Value
Romania,2015,4541000,Import Value
Russia,2015,637829000,Import Value
Rwanda,2015,429000,Import Value
Saint Kitts and Nevis,2015,58000,Import Value
Saint Lucia,2015,467000,Import Value
Saint Vincent and the Grenadines,2015,149000,Import Value
Samoa,2015,232000,Import Value
Sao Tome and Principe,2015,41000,Import Value
Saudi Arabia,2015,254004000,Import Value
Senegal,2015,8755000,Import Value
Serbia,2015,719000,Import Value
Seychelles,2015,507000,Import Value
Sierra Leone,2015,1492000,Import Value
Singapore,2015,39770000,Import Value
Slovakia,2015,4112000,Import Value
Slovenia,2015,1669000,Import Value
Solomon Islands,2015,27000,Import Value
Somalia,2015,1198000,Import Value
South Africa,2015,47938000,Import Value
South Korea,2015,10917000,Import Value
Spain,2015,26599000,Import Value
Sri Lanka,2015,17824000,Import Value
Sudan,2015,52134000,Import Value
Suriname,2015,1500000,Import Value
Sweden,2015,33674000,Import Value
Switzerland,2015,33761000,Import Value
Syria,2015,58258000,Import Value
Tajikistan,2015,7381000,Import Value
Tanzania,2015,662000,Import Value
Thailand,2015,13601000,Import Value
Timor-Leste,2015,263000,Import Value
Togo,2015,408000,Import Value
Tonga,2015,66000,Import Value
Trinidad and Tobago,2015,3035000,Import Value
Tunisia,2015,8661000,Import Value
Turkmenistan,2015,8215000,Import Value
Tuvalu,2015,25000,Import Value
Türkiye,2015,17015000,Import Value
Uganda,2015,752000,Import Value
Ukraine,2015,76348000,Import Value
United Arab Emirates,2015,468277000,Import Value
United Kingdom,2015,392411000,Import Value
United States,2015,468841000,Import Value
Uruguay,2015,1948000,Import Value
Uzbekistan,2015,66538000,Import Value
Vanuatu,2015,76000,Import Value
Venezuela,2015,423000,Import Value
Vietnam,2015,9162000,Import Value
Yemen,2015,31891000,Import Value
Zambia,2015,3040000,Import Value
Zimbabwe,2015,2917000,Import Value
Afghanistan,2016,89671000,Import Value
Albania,2016,140000,Import Value
Algeria,2016,35136000,Import Value
Angola,2016,6291000,Import Value
Antigua and Barbuda,2016,222000,Import Value
Argentina,2016,1864000,Import Value
Armenia,2016,2387000,Import Value
Australia,2016,98834000,Import Value
Austria,2016,24687000,Import Value
Azerbaijan,2016,54756000,Import Value
Bahamas,2016,1567000,Import Value
Bahrain,2016,15106000,Import Value
Bangladesh,2016,14817000,Import Value
Barbados,2016,1048000,Import Value
Belarus,2016,43922000,Import Value
Belgium,2016,78058000,Import Value
Belize,2016,811000,Import Value
Benin,2016,714000,Import Value
Bhutan,2016,103000,Import Value
Bolivia,2016,1511000,Import Value
Bosnia and Herzegovina,2016,585000,Import Value
Botswana,2016,6055000,Import Value
Brazil,2016,2531000,Import Value
Brunei Darussalam,2016,1329000,Import Value
Bulgaria,2016,4350000,Import Value
Burkina Faso,2016,3477000,Import Value
Burundi,2016,17000,Import Value
Cabo Verde,2016,153000,Import Value
Cambodia,2016,680000,Import Value
Cameroon,2016,1313000,Import Value
Canada,2016,141025000,Import Value
Chad,2016,925000,Import Value
Chile,2016,48490000,Import Value
"China, Hong Kong SAR",2016,84550000,Import Value
"China, Macao SAR",2016,5963000,Import Value
"China, Mainland",2016,111498000,Import Value
"China, Taiwan Province of",2016,62742000,Import Value
Colombia,2016,1907000,Import Value
Comoros,2016,8000,Import Value
Congo (Brazzaville),2016,331000,Import Value
Cook Islands,2016,64000,Import Value
Costa Rica,2016,1648000,Import Value
Croatia,2016,1607000,Import Value
Cuba,2016,301000,Import Value
Cyprus,2016,3031000,Import Value
Czechia,2016,26541000,Import Value
Côte d'Ivoire,2016,5706000,Import Value
DR Congo,2016,2433000,Import Value
Denmark,2016,25464000,Import Value
Djibouti,2016,23000,Import Value
Dominica,2016,105000,Import Value
Dominican Republic,2016,1096000,Import Value
Ecuador,2016,190000,Import Value
Egypt,2016,282341000,Import Value
El Salvador,2016,406000,Import Value
Equatorial Guinea,2016,184000,Import Value
Eritrea,2016,423000,Import Value
Estonia,2016,5437000,Import Value
Eswatini,2016,1963000,Import Value
Ethiopia,2016,111000,Import Value
Faroe Islands,2016,540000,Import Value
Fiji,2016,3251000,Import Value
Finland,2016,13558000,Import Value
France,2016,161332000,Import Value
French Polynesia,2016,691000,Import Value
Gabon,2016,1630000,Import Value
Gambia,2016,1834000,Import Value
Georgia,2016,6771000,Import Value
Germany,2016,231304000,Import Value
Ghana,2016,3384000,Import Value
Greece,2016,8791000,Import Value
Grenada,2016,250000,Import Value
Guatemala,2016,1520000,Import Value
Guinea,2016,3821000,Import Value
Guinea-Bissau,2016,1500000,Import Value
Guyana,2016,1586000,Import Value
Haiti,2016,40000,Import Value
Honduras,2016,354000,Import Value
Hungary,2016,7676000,Import Value
Iceland,2016,1509000,Import Value
India,2016,37780000,Import Value
Indonesia,2016,29844000,Import Value
Iran,2016,261129000,Import Value
Iraq,2016,130592000,Import Value
Ireland,2016,39898000,Import Value
Israel,2016,8070000,Import Value
Italy,2016,80834000,Import Value
Jamaica,2016,1343000,Import Value
Japan,2016,165139000,Import Value
Jordan,2016,43806000,Import Value
Kazakhstan,2016,112244000,Import Value
Kenya,2016,12005000,Import Value
Kiribati,2016,268000,Import Value
Kuwait,2016,55907000,Import Value
Kyrgyzstan,2016,9355000,Import Value
Laos,2016,664000,Import Value
Latvia,2016,11226000,Import Value
Lebanon,2016,23438000,Import Value
Lesotho,2016,1647000,Import Value
Liberia,2016,984000,Import Value
Libya,2016,56699000,Import Value
Lithuania,2016,12789000,Import Value
Luxembourg,2016,4126000,Import Value
Madagascar,2016,109000,Import Value
Malawi,2016,179000,Import Value
Malaysia,2016,59277000,Import Value
Maldives,2016,1868000,Import Value
Mali,2016,25193000,Import Value
Malta,2016,2452000,Import Value
Mauritania,2016,18841000,Import Value
Mauritius,2016,985000,Import Value
Mexico,2016,10205000,Import Value
Moldova,2016,7281000,Import Value
Mongolia,2016,4193000,Import Value
Montenegro,2016,349000,Import Value
Morocco,2016,199189000,Import Value
Mozambique,2016,3605000,Import Value
Myanmar,2016,1747000,Import Value
Namibia,2016,4348000,Import Value
Nauru,2016,8000,Import Value
Nepal,2016,784000,Import Value
Netherlands,2016,126185000,Import Value
New Caledonia,2016,734000,Import Value
New Zealand,2016,24041000,Import Value
Nicaragua,2016,296000,Import Value
Niger,2016,7976000,Import Value
Nigeria,2016,21124000,Import Value
Niue,2016,18000,Import Value
North Macedonia,2016,1457000,Import Value
Norway,2016,17424000,Import Value
Oman,2016,29960000,Import Value
Pakistan,2016,489960000,Import Value
Panama,2016,1825000,Import Value
Papua New Guinea,2016,378000,Import Value
Paraguay,2016,1536000,Import Value
Peru,2016,1900000,Import Value
Philippines,2016,6079000,Import Value
Poland,2016,105670000,Import Value
Portugal,2016,6899000,Import Value
Qatar,2016,31531000,Import Value
Romania,2016,4845000,Import Value
Russia,2016,548259000,Import Value
Rwanda,2016,365000,Import Value
Saint Kitts and Nevis,2016,99000,Import Value
Saint Lucia,2016,433000,Import Value
Saint Vincent and the Grenadines,2016,164000,Import Value
Samoa,2016,264000,Import Value
Sao Tome and Principe,2016,54000,Import Value
Saudi Arabia,2016,259684000,Import Value
Senegal,2016,7917000,Import Value
Serbia,2016,635000,Import Value
Seychelles,2016,609000,Import Value
Sierra Leone,2016,1515000,Import Value
Singapore,2016,43129000,Import Value
Slovakia,2016,3788000,Import Value
Slovenia,2016,1502000,Import Value
Solomon Islands,2016,190000,Import Value
Somalia,2016,606000,Import Value
South Africa,2016,50649000,Import Value
South Korea,2016,11006000,Import Value
Spain,2016,28681000,Import Value
Sri Lanka,2016,15204000,Import Value
Sudan,2016,56931000,Import Value
Suriname,2016,1316000,Import Value
Sweden,2016,37949000,Import Value
Switzerland,2016,33377000,Import Value
Syria,2016,64423000,Import Value
Tajikistan,2016,10165000,Import Value
Tanzania,2016,1262000,Import Value
Thailand,2016,17675000,Import Value
Timor-Leste,2016,372000,Import Value
Togo,2016,497000,Import Value
Tonga,2016,52000,Import Value
Trinidad and Tobago,2016,3238000,Import Value
Tunisia,2016,7405000,Import Value
Turkmenistan,2016,14718000,Import Value
Tuvalu,2016,14000,Import Value
Türkiye,2016,41089000,Import Value
Uganda,2016,382000,Import Value
Ukraine,2016,67679000,Import Value
United Arab Emirates,2016,483590000,Import Value
United Kingdom,2016,356023000,Import Value
United States,2016,483137000,Import Value
Uruguay,2016,1979000,Import Value
Uzbekistan,2016,50202000,Import Value
Vanuatu,2016,73000,Import Value
Venezuela,2016,122000,Import Value
Vietnam,2016,10900000,Import Value
Yemen,2016,30000000,Import Value
Zambia,2016,3194000,Import Value
Zimbabwe,2016,2944000,Import Value
Afghanistan,2020,40202000,Import Value
Albania,2020,263000,Import Value
Algeria,2020,55613000,Import Value
Angola,2020,1531000,Import Value
Antigua and Barbuda,2020,199000,Import Value
Argentina,2020,1341000,Import Value
Armenia,2020,2602000,Import Value
Australia,2020,105951000,Import Value
Austria,2020,21411000,Import Value
Azerbaijan,2020,56187000,Import Value
Bahamas,2020,1193000,Import Value
Bahrain,2020,15917000,Import Value
Bangladesh,2020,831000,Import Value
Barbados,2020,1548000,Import Value
Belarus,2020,44770000,Import Value
Belgium,2020,68757000,Import Value
Belize,2020,689000,Import Value
Benin,2020,336000,Import Value
Bhutan,2020,1542000,Import Value
Bolivia,2020,1243000,Import Value
Bosnia and Herzegovina,2020,522000,Import Value
Botswana,2020,7680000,Import Value
Brazil,2020,2946000,Import Value
Brunei Darussalam,2020,1816000,Import Value
Bulgaria,2020,3029000,Import Value
Burkina Faso,2020,1437000,Import Value
Burundi,2020,30000,Import Value
Cambodia,2020,1934000,Import Value
Cameroon,2020,19046000,Import Value
Canada,2020,123672000,Import Value
Central African Republic,2020,40000,Import Value
Chad,2020,3328000,Import Value
Chile,2020,70205000,Import Value
"China, Hong Kong SAR",2020,221816000,Import Value
"China, Macao SAR",2020,8571000,Import Value
"China, Mainland",2020,180014000,Import Value
"China, Taiwan Province of",2020,77897000,Import Value
Colombia,2020,2090000,Import Value
Comoros,2020,9000,Import Value
Congo (Brazzaville),2020,431000,Import Value
Cook Islands,2020,91000,Import Value
Costa Rica,2020,1937000,Import Value
Croatia,2020,1928000,Import Value
Cuba,2020,101000,Import Value
Cyprus,2020,1970000,Import Value
Czechia,2020,26248000,Import Value
Côte d'Ivoire,2020,8441000,Import Value
DR Congo,2020,1433000,Import Value
Denmark,2020,31463000,Import Value
Djibouti,2020,1427000,Import Value
Dominica,2020,100000,Import Value
Dominican Republic,2020,1456000,Import Value
Ecuador,2020,311000,Import Value
Egypt,2020,197215000,Import Value
El Salvador,2020,1203000,Import Value
Equatorial Guinea,2020,349000,Import Value
Eritrea,2020,196000,Import Value
Estonia,2020,5895000,Import Value
Eswatini,2020,2834000,Import Value
Ethiopia,2020,97000,Import Value
Faroe Islands,2020,349000,Import Value
Fiji,2020,3342000,Import Value
Finland,2020,12397000,Import Value
France,2020,167708000,Import Value
French Polynesia,2020,480000,Import Value
Gabon,2020,1961000,Import Value
Gambia,2020,1841000,Import Value
Georgia,2020,10454000,Import Value
Germany,2020,197742000,Import Value
Ghana,2020,2800000,Import Value
Greece,2020,6655000,Import Value
Grenada,2020,287000,Import Value
Guatemala,2020,2493000,Import Value
Guinea,2020,18720000,Import Value
Guinea-Bissau,2020,138000,Import Value
Guyana,2020,1357000,Import Value
Haiti,2020,246000,Import Value
Honduras,2020,290000,Import Value
Hungary,2020,8568000,Import Value
Iceland,2020,1311000,Import Value
India,2020,67447000,Import Value
Indonesia,2020,25857000,Import Value
Iran,2020,277445000,Import Value
Iraq,2020,181342000,Import Value
Ireland,2020,48060000,Import Value
Israel,2020,9565000,Import Value
Italy,2020,75332000,Import Value
Jamaica,2020,1396000,Import Value
Japan,2020,156431000,Import Value
Jordan,2020,59014000,Import Value
Kazakhstan,2020,101237000,Import Value
Kenya,2020,14907000,Import Value
Kiribati,2020,264000,Import Value
Kuwait,2020,60501000,Import Value
Kyrgyzstan,2020,10884000,Import Value
Laos,2020,1185000,Import Value
Latvia,2020,10863000,Import Value
Lebanon,2020,19518000,Import Value
Lesotho,2020,2370000,Import Value
Liberia,2020,1256000,Import Value
Libya,2020,47227000,Import Value
Lithuania,2020,10957000,Import Value
Luxembourg,2020,3263000,Import Value
Madagascar,2020,88000,Import Value
Malawi,2020,362000,Import Value
Malaysia,2020,80330000,Import Value
Maldives,2020,2405000,Import Value
Mali,2020,22654000,Import Value
Malta,2020,1953000,Import Value
Mauritania,2020,20292000,Import Value
Mauritius,2020,1592000,Import Value
Mexico,2020,7394000,Import Value
Moldova,2020,7057000,Import Value
Mongolia,2020,3771000,Import Value
Montenegro,2020,209000,Import Value
Morocco,2020,202682000,Import Value
Mozambique,2020,3204000,Import Value
Myanmar,2020,1313000,Import Value
Namibia,2020,3870000,Import Value
Nauru,2020,13000,Import Value
Nepal,2020,928000,Import Value
Netherlands,2020,157682000,Import Value
New Caledonia,2020,1095000,Import Value
New Zealand,2020,26546000,Import Value
Nicaragua,2020,1259000,Import Value
Niger,2020,10007000,Import Value
Nigeria,2020,25214000,Import Value
Niue,2020,12000,Import Value
North Macedonia,2020,1668000,Import Value
Norway,2020,16381000,Import Value
Oman,2020,33862000,Import Value
Pakistan,2020,589756000,Import Value
Panama,2020,3137000,Import Value
Papua New Guinea,2020,408000,Import Value
Paraguay,2020,1061000,Import Value
Peru,2020,2784000,Import Value
Philippines,2020,8135000,Import Value
Poland,2020,131628000,Import Value
Portugal,2020,5708000,Import Value
Qatar,2020,24338000,Import Value
Romania,2020,4699000,Import Value
Russia,2020,412245000,Import Value
Rwanda,2020,403000,Import Value
Saint Kitts and Nevis,2020,101000,Import Value
Saint Lucia,2020,409000,Import Value
Saint Vincent and the Grenadines,2020,157000,Import Value
Samoa,2020,407000,Import Value
Sao Tome and Principe,2020,38000,Import Value
Saudi Arabia,2020,243557000,Import Value
Senegal,2020,4920000,Import Value
Serbia,2020,908000,Import Value
Seychelles,2020,718000,Import Value
Sierra Leone,2020,2156000,Import Value
Singapore,2020,47298000,Import Value
Slovakia,2020,3381000,Import Value
Slovenia,2020,1924000,Import Value
Solomon Islands,2020,66000,Import Value
Somalia,2020,8416000,Import Value
South Africa,2020,40015000,Import Value
South Korea,2020,21228000,Import Value
Spain,2020,46478000,Import Value
Sri Lanka,2020,15525000,Import Value
Sudan,2020,52798000,Import Value
Suriname,2020,1270000,Import Value
Sweden,2020,33684000,Import Value
Switzerland,2020,38916000,Import Value
Syria,2020,57245000,Import Value
Tajikistan,2020,7424000,Import Value
Tanzania,2020,469000,Import Value
Thailand,2020,25992000,Import Value
Timor-Leste,2020,305000,Import Value
Togo,2020,542000,Import Value
Tonga,2020,46000,Import Value
Trinidad and Tobago,2020,2087000,Import Value
Tunisia,2020,12963000,Import Value
Turkmenistan,2020,4096000,Import Value
Tuvalu,2020,12000,Import Value
Türkiye,2020,44366000,Import Value
Uganda,2020,393000,Import Value
Ukraine,2020,60444000,Import Value
United Arab Emirates,2020,194431000,Import Value
United Kingdom,2020,349763000,Import Value
United States,2020,473832000,Import Value
Uruguay,2020,1632000,Import Value
Uzbekistan,2020,42316000,Import Value
Vanuatu,2020,66000,Import Value
Venezuela,2020,28000,Import Value
Vietnam,2020,16790000,Import Value
Yemen,2020,54747000,Import Value
Zambia,2020,2436000,Import Value
Zimbabwe,2020,587000,Import Value
Afghanistan,2007,53463000,Import Value
Albania,2007,273000,Import Value
Algeria,2007,11781000,Import Value
Angola,2007,4351000,Import Value
Antigua and Barbuda,2007,198000,Import Value
Argentina,2007,1490000,Import Value
Armenia,2007,1530000,Import Value
Australia,2007,85319000,Import Value
Austria,2007,18268000,Import Value
Azerbaijan,2007,15005000,Import Value
Bahamas,2007,1439000,Import Value
Bahrain,2007,8384000,Import Value
Bangladesh,2007,64000,Import Value
Barbados,2007,1185000,Import Value
Belarus,2007,34936000,Import Value
Belgium,2007,44690000,Import Value
Belize,2007,353000,Import Value
Benin,2007,72000,Import Value
Bhutan,2007,48000,Import Value
Bolivia,2007,424000,Import Value
Bosnia and Herzegovina,2007,355000,Import Value
Botswana,2007,4616000,Import Value
Brazil,2007,2174000,Import Value
Brunei Darussalam,2007,926000,Import Value
Bulgaria,2007,1425000,Import Value
Burkina Faso,2007,1611000,Import Value
Burundi,2007,1000,Import Value
Cabo Verde,2007,195000,Import Value
Cambodia,2007,12288000,Import Value
Cameroon,2007,1149000,Import Value
Canada,2007,138095000,Import Value
Central African Republic,2007,17000,Import Value
Chad,2007,450000,Import Value
Chile,2007,26103000,Import Value
"China, Hong Kong SAR",2007,36709000,Import Value
"China, Macao SAR",2007,3113000,Import Value
"China, Mainland",2007,12640000,Import Value
"China, Taiwan Province of",2007,27600000,Import Value
Colombia,2007,981000,Import Value
Comoros,2007,41000,Import Value
Congo (Brazzaville),2007,165000,Import Value
Cook Islands,2007,77000,Import Value
Costa Rica,2007,851000,Import Value
Croatia,2007,1143000,Import Value
Cuba,2007,528000,Import Value
Cyprus,2007,3004000,Import Value
Czechia,2007,19709000,Import Value
Côte d'Ivoire,2007,3255000,Import Value
DR Congo,2007,598000,Import Value
Denmark,2007,12679000,Import Value
Djibouti,2007,886000,Import Value
Dominica,2007,29000,Import Value
Dominican Republic,2007,251000,Import Value
Ecuador,2007,306000,Import Value
Egypt,2007,26649000,Import Value
El Salvador,2007,600000,Import Value
Eritrea,2007,1250000,Import Value
Estonia,2007,5385000,Import Value
Eswatini,2007,1665000,Import Value
Ethiopia,2007,129000,Import Value
Faroe Islands,2007,603000,Import Value
Fiji,2007,2225000,Import Value
Finland,2007,16042000,Import Value
France,2007,129786000,Import Value
French Polynesia,2007,611000,Import Value
Gabon,2007,318000,Import Value
Gambia,2007,2475000,Import Value
Georgia,2007,3724000,Import Value
Germany,2007,153696000,Import Value
Ghana,2007,3094000,Import Value
Greece,2007,7063000,Import Value
Grenada,2007,632000,Import Value
Guatemala,2007,1154000,Import Value
Guinea,2007,2434000,Import Value
Guinea-Bissau,2007,11000,Import Value
Guyana,2007,548000,Import Value
Haiti,2007,17000,Import Value
Honduras,2007,743000,Import Value
Hungary,2007,12796000,Import Value
Iceland,2007,1350000,Import Value
India,2007,30658000,Import Value
Indonesia,2007,10660000,Import Value
Iran,2007,103424000,Import Value
Iraq,2007,43028000,Import Value
Ireland,2007,35648000,Import Value
Israel,2007,6020000,Import Value
Italy,2007,54628000,Import Value
Jamaica,2007,1703000,Import Value
Japan,2007,180119000,Import Value
Jordan,2007,20496000,Import Value
Kazakhstan,2007,74455000,Import Value
Kenya,2007,8204000,Import Value
Kiribati,2007,410000,Import Value
Kuwait,2007,3209000,Import Value
Kyrgyzstan,2007,3541000,Import Value
Laos,2007,116000,Import Value
Latvia,2007,8348000,Import Value
Lebanon,2007,9665000,Import Value
Lesotho,2007,2000,Import Value
Liberia,2007,680000,Import Value
Libya,2007,2164000,Import Value
Lithuania,2007,11110000,Import Value
Luxembourg,2007,2265000,Import Value
Madagascar,2007,58000,Import Value
Malawi,2007,335000,Import Value
Malaysia,2007,24293000,Import Value
Maldives,2007,827000,Import Value
Mali,2007,13494000,Import Value
Malta,2007,2838000,Import Value
Mauritania,2007,17603000,Import Value
Mauritius,2007,152000,Import Value
Mexico,2007,3862000,Import Value
Moldova,2007,5217000,Import Value
Mongolia,2007,2066000,Import Value
Montenegro,2007,410000,Import Value
Morocco,2007,97023000,Import Value
Mozambique,2007,1368000,Import Value
Myanmar,2007,1604000,Import Value
Namibia,2007,824000,Import Value
Nauru,2007,41000,Import Value
Nepal,2007,412000,Import Value
Netherlands,2007,90341000,Import Value
New Caledonia,2007,1136000,Import Value
New Zealand,2007,15458000,Import Value
Nicaragua,2007,231000,Import Value
Niger,2007,5049000,Import Value
Nigeria,2007,31570000,Import Value
Niue,2007,8000,Import Value
North Macedonia,2007,598000,Import Value
Norway,2007,16202000,Import Value
Oman,2007,18915000,Import Value
Pakistan,2007,213404000,Import Value
Palestine,2007,1454000,Import Value
Panama,2007,1396000,Import Value
Papua New Guinea,2007,54000,Import Value
Paraguay,2007,275000,Import Value
Peru,2007,1814000,Import Value
Philippines,2007,3065000,Import Value
Poland,2007,69161000,Import Value
Portugal,2007,5641000,Import Value
Qatar,2007,15039000,Import Value
Romania,2007,3970000,Import Value
Russia,2007,432344000,Import Value
Rwanda,2007,132000,Import Value
Saint Kitts and Nevis,2007,21000,Import Value
Saint Lucia,2007,341000,Import Value
Saint Vincent and the Grenadines,2007,168000,Import Value
Samoa,2007,246000,Import Value
Sao Tome and Principe,2007,587000,Import Value
Saudi Arabia,2007,159388000,Import Value
Senegal,2007,8595000,Import Value
Serbia,2007,647000,Import Value
Seychelles,2007,287000,Import Value
Sierra Leone,2007,627000,Import Value
Singapore,2007,17864000,Import Value
Slovakia,2007,4511000,Import Value
Slovenia,2007,2003000,Import Value
Solomon Islands,2007,203000,Import Value
Somalia,2007,3016000,Import Value
South Africa,2007,25699000,Import Value
South Korea,2007,4572000,Import Value
Spain,2007,19033000,Import Value
Sri Lanka,2007,31671000,Import Value
Sudan,2007,46002000,Import Value
Suriname,2007,458000,Import Value
Sweden,2007,42632000,Import Value
Switzerland,2007,18846000,Import Value
Syria,2007,56224000,Import Value
Tajikistan,2007,6000000,Import Value
Tanzania,2007,19000,Import Value
Thailand,2007,3466000,Import Value
Togo,2007,231000,Import Value
Tonga,2007,67000,Import Value
Trinidad and Tobago,2007,1631000,Import Value
Tunisia,2007,14042000,Import Value
Turkmenistan,2007,2202000,Import Value
Tuvalu,2007,19000,Import Value
Türkiye,2007,8158000,Import Value
Uganda,2007,55000,Import Value
Ukraine,2007,93430000,Import Value
United Arab Emirates,2007,324691000,Import Value
United Kingdom,2007,307293000,Import Value
United States,2007,309906000,Import Value
Uruguay,2007,1150000,Import Value
Uzbekistan,2007,19253000,Import Value
Vanuatu,2007,154000,Import Value
Venezuela,2007,920000,Import Value
Yemen,2007,17346000,Import Value
Zambia,2007,1039000,Import Value
Zimbabwe,2007,1704000,Import Value
Afghanistan,2010,38050000,Import Value
Albania,2010,388000,Import Value
Algeria,2010,35466000,Import Value
Angola,2010,4042000,Import Value
Antigua and Barbuda,2010,253000,Import Value
Argentina,2010,1492000,Import Value
Armenia,2010,2098000,Import Value
Australia,2010,98969000,Import Value
Austria,2010,22258000,Import Value
Azerbaijan,2010,18100000,Import Value
Bahamas,2010,575000,Import Value
Bahrain,2010,10359000,Import Value
Bangladesh,2010,4770000,Import Value
Barbados,2010,1066000,Import Value
Belarus,2010,45377000,Import Value
Belgium,2010,51826000,Import Value
Belize,2010,314000,Import Value
Benin,2010,192000,Import Value
Bhutan,2010,806000,Import Value
Bolivia,2010,1204000,Import Value
Bosnia and Herzegovina,2010,573000,Import Value
Botswana,2010,6059000,Import Value
Brazil,2010,2897000,Import Value
Brunei Darussalam,2010,1305000,Import Value
Bulgaria,2010,1878000,Import Value
Burkina Faso,2010,1998000,Import Value
Burundi,2010,2000,Import Value
Cabo Verde,2010,229000,Import Value
Cambodia,2010,159000,Import Value
Cameroon,2010,901000,Import Value
Canada,2010,160434000,Import Value
Central African Republic,2010,6000,Import Value
Chad,2010,1656000,Import Value
Chile,2010,41991000,Import Value
"China, Hong Kong SAR",2010,54654000,Import Value
"China, Macao SAR",2010,3701000,Import Value
"China, Mainland",2010,47600000,Import Value
"China, Taiwan Province of",2010,48874000,Import Value
Colombia,2010,1523000,Import Value
Congo (Brazzaville),2010,195000,Import Value
Cook Islands,2010,327000,Import Value
Costa Rica,2010,1267000,Import Value
Croatia,2010,1364000,Import Value
Cuba,2010,393000,Import Value
Cyprus,2010,3686000,Import Value
Czechia,2010,23120000,Import Value
Côte d'Ivoire,2010,3669000,Import Value
DR Congo,2010,570000,Import Value
Denmark,2010,15809000,Import Value
Djibouti,2010,3256000,Import Value
Dominica,2010,60000,Import Value
Dominican Republic,2010,492000,Import Value
Ecuador,2010,278000,Import Value
Egypt,2010,262270000,Import Value
El Salvador,2010,379000,Import Value
Eritrea,2010,843000,Import Value
Estonia,2010,7709000,Import Value
Eswatini,2010,1665000,Import Value
Ethiopia,2010,150000,Import Value
Faroe Islands,2010,505000,Import Value
Fiji,2010,2475000,Import Value
Finland,2010,19727000,Import Value
France,2010,156126000,Import Value
French Polynesia,2010,474000,Import Value
Gabon,2010,989000,Import Value
Gambia,2010,3839000,Import Value
Georgia,2010,4981000,Import Value
Germany,2010,168992000,Import Value
Ghana,2010,4178000,Import Value
Greece,2010,8887000,Import Value
Grenada,2010,92000,Import Value
Guatemala,2010,1199000,Import Value
Guinea,2010,3100000,Import Value
Guinea-Bissau,2010,26000,Import Value
Guyana,2010,807000,Import Value
Haiti,2010,45000,Import Value
Honduras,2010,312000,Import Value
Hungary,2010,12479000,Import Value
Iceland,2010,960000,Import Value
India,2010,36283000,Import Value
Indonesia,2010,18551000,Import Value
Iran,2010,153810000,Import Value
Iraq,2010,62225000,Import Value
Ireland,2010,47087000,Import Value
Israel,2010,9585000,Import Value
Italy,2010,66281000,Import Value
Jamaica,2010,1747000,Import Value
Japan,2010,194882000,Import Value
Jordan,2010,33708000,Import Value
Kazakhstan,2010,105203000,Import Value
Kenya,2010,17292000,Import Value
Kiribati,2010,139000,Import Value
Kuwait,2010,45919000,Import Value
Kyrgyzstan,2010,5482000,Import Value
Laos,2010,186000,Import Value
Latvia,2010,17426000,Import Value
Lebanon,2010,16838000,Import Value
Lesotho,2010,2000,Import Value
Liberia,2010,707000,Import Value
Libya,2010,43916000,Import Value
Lithuania,2010,16276000,Import Value
Luxembourg,2010,2260000,Import Value
Madagascar,2010,59000,Import Value
Malawi,2010,464000,Import Value
Malaysia,2010,37160000,Import Value
Maldives,2010,1004000,Import Value
Mali,2010,28880000,Import Value
Malta,2010,2901000,Import Value
Mauritania,2010,10000000,Import Value
Mauritius,2010,166000,Import Value
Mexico,2010,4645000,Import Value
Moldova,2010,6780000,Import Value
Mongolia,2010,3658000,Import Value
Montenegro,2010,280000,Import Value
Morocco,2010,111523000,Import Value
Mozambique,2010,5640000,Import Value
Myanmar,2010,6886000,Import Value
Namibia,2010,177000,Import Value
Nauru,2010,6000,Import Value
Nepal,2010,480000,Import Value
Netherlands,2010,101137000,Import Value
New Caledonia,2010,1143000,Import Value
New Zealand,2010,20970000,Import Value
Nicaragua,2010,77000,Import Value
Niger,2010,5184000,Import Value
Nigeria,2010,13794000,Import Value
Niue,2010,9000,Import Value
North Macedonia,2010,1358000,Import Value
Norway,2010,16861000,Import Value
Oman,2010,24584000,Import Value
Pakistan,2010,266639000,Import Value
Palestine,2010,7195000,Import Value
Panama,2010,1952000,Import Value
Papua New Guinea,2010,330000,Import Value
Paraguay,2010,560000,Import Value
Peru,2010,1072000,Import Value
Philippines,2010,4623000,Import Value
Poland,2010,134540000,Import Value
Portugal,2010,9387000,Import Value
Qatar,2010,23391000,Import Value
Romania,2010,3537000,Import Value
Russia,2010,563106000,Import Value
Rwanda,2010,142000,Import Value
Saint Kitts and Nevis,2010,93000,Import Value
Saint Lucia,2010,222000,Import Value
Saint Vincent and the Grenadines,2010,182000,Import Value
Samoa,2010,289000,Import Value
Sao Tome and Principe,2010,41000,Import Value
Saudi Arabia,2010,211271000,Import Value
Senegal,2010,8554000,Import Value
Serbia,2010,514000,Import Value
Seychelles,2010,411000,Import Value
Sierra Leone,2010,531000,Import Value
Singapore,2010,25898000,Import Value
Slovakia,2010,5902000,Import Value
Slovenia,2010,2208000,Import Value
Solomon Islands,2010,75000,Import Value
Somalia,2010,4102000,Import Value
South Africa,2010,47172000,Import Value
South Korea,2010,4161000,Import Value
Spain,2010,19742000,Import Value
Sri Lanka,2010,29952000,Import Value
Sudan,2010,82229000,Import Value
Suriname,2010,1017000,Import Value
Sweden,2010,40641000,Import Value
Switzerland,2010,24967000,Import Value
Syria,2010,69758000,Import Value
Tajikistan,2010,8060000,Import Value
Tanzania,2010,108000,Import Value
Thailand,2010,5777000,Import Value
Timor-Leste,2010,86000,Import Value
Togo,2010,357000,Import Value
Tonga,2010,72000,Import Value
Trinidad and Tobago,2010,1670000,Import Value
Tunisia,2010,17583000,Import Value
Turkmenistan,2010,7295000,Import Value
Tuvalu,2010,19000,Import Value
Türkiye,2010,21530000,Import Value
Uganda,2010,101000,Import Value
Ukraine,2010,87281000,Import Value
United Arab Emirates,2010,267216000,Import Value
United Kingdom,2010,420716000,Import Value
United States,2010,400729000,Import Value
Uruguay,2010,1806000,Import Value
Uzbekistan,2010,34850000,Import Value
Vanuatu,2010,173000,Import Value
Venezuela,2010,905000,Import Value
Yemen,2010,62787000,Import Value
Zambia,2010,1627000,Import Value
Zimbabwe,2010,13726000,Import Value
Afghanistan,2012,225322000,Import Value
Albania,2012,567000,Import Value
Algeria,2012,27384000,Import Value
Angola,2012,7614000,Import Value
Antigua and Barbuda,2012,330000,Import Value
Argentina,2012,1703000,Import Value
Armenia,2012,2951000,Import Value
Australia,2012,114524000,Import Value
Austria,2012,24068000,Import Value
Azerbaijan,2012,16444000,Import Value
Bahamas,2012,1698000,Import Value
Bahrain,2012,12377000,Import Value
Bangladesh,2012,1335000,Import Value
Barbados,2012,1283000,Import Value
Belarus,2012,43929000,Import Value
Belgium,2012,65686000,Import Value
Belize,2012,302000,Import Value
Benin,2012,295000,Import Value
Bhutan,2012,1124000,Import Value
Bolivia,2012,696000,Import Value
Bosnia and Herzegovina,2012,585000,Import Value
Botswana,2012,6571000,Import Value
Brazil,2012,3421000,Import Value
Brunei Darussalam,2012,1972000,Import Value
Bulgaria,2012,1831000,Import Value
Burkina Faso,2012,2340000,Import Value
Burundi,2012,7000,Import Value
Cabo Verde,2012,148000,Import Value
Cambodia,2012,230000,Import Value
Cameroon,2012,1183000,Import Value
Canada,2012,181831000,Import Value
Central African Republic,2012,10000,Import Value
Chad,2012,531000,Import Value
Chile,2012,44214000,Import Value
"China, Hong Kong SAR",2012,64939000,Import Value
"China, Macao SAR",2012,4630000,Import Value
"China, Mainland",2012,71036000,Import Value
"China, Taiwan Province of",2012,52784000,Import Value
Colombia,2012,2090000,Import Value
Congo (Brazzaville),2012,436000,Import Value
Cook Islands,2012,115000,Import Value
Costa Rica,2012,1622000,Import Value
Croatia,2012,1497000,Import Value
Cuba,2012,400000,Import Value
Cyprus,2012,3420000,Import Value
Czechia,2012,24293000,Import Value
Côte d'Ivoire,2012,4776000,Import Value
DR Congo,2012,627000,Import Value
Denmark,2012,20934000,Import Value
Djibouti,2012,221000,Import Value
Dominica,2012,103000,Import Value
Dominican Republic,2012,1011000,Import Value
Ecuador,2012,480000,Import Value
Egypt,2012,330528000,Import Value
El Salvador,2012,310000,Import Value
Eritrea,2012,3000,Import Value
Estonia,2012,8288000,Import Value
Eswatini,2012,264000,Import Value
Ethiopia,2012,176000,Import Value
Faroe Islands,2012,400000,Import Value
Fiji,2012,2934000,Import Value
Finland,2012,21655000,Import Value
France,2012,163910000,Import Value
French Polynesia,2012,598000,Import Value
Gabon,2012,1565000,Import Value
Gambia,2012,2609000,Import Value
Georgia,2012,5815000,Import Value
Germany,2012,212969000,Import Value
Ghana,2012,6020000,Import Value
Greece,2012,11108000,Import Value
Grenada,2012,92000,Import Value
Guatemala,2012,1306000,Import Value
Guinea,2012,18678000,Import Value
Guinea-Bissau,2012,26000,Import Value
Guyana,2012,784000,Import Value
Haiti,2012,54000,Import Value
Honduras,2012,336000,Import Value
Hungary,2012,9110000,Import Value
Iceland,2012,1207000,Import Value
India,2012,46292000,Import Value
Indonesia,2012,33250000,Import Value
Iran,2012,293240000,Import Value
Iraq,2012,115450000,Import Value
Ireland,2012,38390000,Import Value
Israel,2012,10404000,Import Value
Italy,2012,69414000,Import Value
Jamaica,2012,1728000,Import Value
Japan,2012,195736000,Import Value
Jordan,2012,29340000,Import Value
Kazakhstan,2012,138617000,Import Value
Kenya,2012,188794000,Import Value
Kiribati,2012,288000,Import Value
Kuwait,2012,30419000,Import Value
Kyrgyzstan,2012,9868000,Import Value
Laos,2012,227000,Import Value
Latvia,2012,15598000,Import Value
Lebanon,2012,19406000,Import Value
Liberia,2012,973000,Import Value
Libya,2012,71636000,Import Value
Lithuania,2012,16747000,Import Value
Luxembourg,2012,2425000,Import Value
Madagascar,2012,74000,Import Value
Malawi,2012,360000,Import Value
Malaysia,2012,45418000,Import Value
Maldives,2012,2124000,Import Value
Mali,2012,18743000,Import Value
Malta,2012,3094000,Import Value
Mauritania,2012,13676000,Import Value
Mauritius,2012,198000,Import Value
Mexico,2012,6089000,Import Value
Moldova,2012,6921000,Import Value
Mongolia,2012,5076000,Import Value
Montenegro,2012,339000,Import Value
Morocco,2012,167199000,Import Value
Mozambique,2012,1016000,Import Value
Myanmar,2012,10482000,Import Value
Namibia,2012,5376000,Import Value
Nauru,2012,6000,Import Value
Nepal,2012,590000,Import Value
Netherlands,2012,110789000,Import Value
New Caledonia,2012,1396000,Import Value
New Zealand,2012,21917000,Import Value
Nicaragua,2012,102000,Import Value
Niger,2012,11549000,Import Value
Nigeria,2012,4474000,Import Value
Niue,2012,9000,Import Value
North Macedonia,2012,1714000,Import Value
Norway,2012,18623000,Import Value
Oman,2012,26792000,Import Value
Pakistan,2012,361651000,Import Value
Palestine,2012,362000,Import Value
Panama,2012,3068000,Import Value
Papua New Guinea,2012,159000,Import Value
Paraguay,2012,1396000,Import Value
Peru,2012,1310000,Import Value
Philippines,2012,5818000,Import Value
Poland,2012,99338000,Import Value
Portugal,2012,10419000,Import Value
Qatar,2012,25370000,Import Value
Romania,2012,3710000,Import Value
Russia,2012,650201000,Import Value
Rwanda,2012,402000,Import Value
Saint Kitts and Nevis,2012,16000,Import Value
Saint Lucia,2012,204000,Import Value
Saint Vincent and the Grenadines,2012,190000,Import Value
Samoa,2012,187000,Import Value
Sao Tome and Principe,2012,55000,Import Value
Saudi Arabia,2012,239142000,Import Value
Senegal,2012,8629000,Import Value
Serbia,2012,668000,Import Value
Seychelles,2012,487000,Import Value
Sierra Leone,2012,822000,Import Value
Singapore,2012,37110000,Import Value
Slovakia,2012,4129000,Import Value
Slovenia,2012,1930000,Import Value
Solomon Islands,2012,627000,Import Value
Somalia,2012,1188000,Import Value
South Africa,2012,50245000,Import Value
South Korea,2012,7935000,Import Value
Spain,2012,24667000,Import Value
Sri Lanka,2012,19580000,Import Value
Sudan,2012,43827000,Import Value
Suriname,2012,1359000,Import Value
Sweden,2012,36677000,Import Value
Switzerland,2012,28807000,Import Value
Syria,2012,118220000,Import Value
Tajikistan,2012,7300000,Import Value
Tanzania,2012,173000,Import Value
Thailand,2012,11529000,Import Value
Timor-Leste,2012,196000,Import Value
Togo,2012,729000,Import Value
Tonga,2012,53000,Import Value
Trinidad and Tobago,2012,2602000,Import Value
Tunisia,2012,15591000,Import Value
Turkmenistan,2012,7651000,Import Value
Tuvalu,2012,48000,Import Value
Türkiye,2012,13710000,Import Value
Uganda,2012,205000,Import Value
Ukraine,2012,159797000,Import Value
United Arab Emirates,2012,152515000,Import Value
United Kingdom,2012,440515000,Import Value
United States,2012,414317000,Import Value
Uruguay,2012,1639000,Import Value
Uzbekistan,2012,69255000,Import Value
Vanuatu,2012,104000,Import Value
Venezuela,2012,1676000,Import Value
Vietnam,2012,6867000,Import Value
Yemen,2012,36013000,Import Value
Zambia,2012,2127000,Import Value
Zimbabwe,2012,1591000,Import Value
Afghanistan,2017,141649000,Import Value
Albania,2017,90000,Import Value
Algeria,2017,33881000,Import Value
Angola,2017,5377000,Import Value
Antigua and Barbuda,2017,326000,Import Value
Argentina,2017,2146000,Import Value
Armenia,2017,2475000,Import Value
Australia,2017,110477000,Import Value
Austria,2017,27173000,Import Value
Azerbaijan,2017,77682000,Import Value
Bahamas,2017,1656000,Import Value
Bahrain,2017,15865000,Import Value
Bangladesh,2017,6049000,Import Value
Barbados,2017,1285000,Import Value
Belarus,2017,43195000,Import Value
Belgium,2017,79032000,Import Value
Belize,2017,232000,Import Value
Benin,2017,426000,Import Value
Bhutan,2017,336000,Import Value
Bolivia,2017,1292000,Import Value
Bosnia and Herzegovina,2017,522000,Import Value
Botswana,2017,6757000,Import Value
Brazil,2017,3695000,Import Value
Brunei Darussalam,2017,1192000,Import Value
Bulgaria,2017,5183000,Import Value
Burkina Faso,2017,2620000,Import Value
Burundi,2017,18000,Import Value
Cabo Verde,2017,220000,Import Value
Cambodia,2017,1009000,Import Value
Cameroon,2017,1167000,Import Value
Canada,2017,149785000,Import Value
Chad,2017,1524000,Import Value
Chile,2017,54170000,Import Value
"China, Hong Kong SAR",2017,109281000,Import Value
"China, Macao SAR",2017,8185000,Import Value
"China, Mainland",2017,149130000,Import Value
"China, Taiwan Province of",2017,74479000,Import Value
Colombia,2017,1813000,Import Value
Comoros,2017,14000,Import Value
Congo (Brazzaville),2017,598000,Import Value
Cook Islands,2017,87000,Import Value
Costa Rica,2017,1621000,Import Value
Croatia,2017,1816000,Import Value
Cuba,2017,575000,Import Value
Cyprus,2017,3313000,Import Value
Czechia,2017,25398000,Import Value
Côte d'Ivoire,2017,6356000,Import Value
DR Congo,2017,1713000,Import Value
Denmark,2017,31596000,Import Value
Djibouti,2017,1565000,Import Value
Dominica,2017,129000,Import Value
Dominican Republic,2017,1423000,Import Value
Ecuador,2017,262000,Import Value
Egypt,2017,273807000,Import Value
El Salvador,2017,389000,Import Value
Equatorial Guinea,2017,221000,Import Value
Eritrea,2017,829000,Import Value
Estonia,2017,5498000,Import Value
Eswatini,2017,2756000,Import Value
Ethiopia,2017,205000,Import Value
Faroe Islands,2017,460000,Import Value
Fiji,2017,3307000,Import Value
Finland,2017,15735000,Import Value
France,2017,169558000,Import Value
French Polynesia,2017,544000,Import Value
Gabon,2017,2264000,Import Value
Gambia,2017,1779000,Import Value
Georgia,2017,7539000,Import Value
Germany,2017,228368000,Import Value
Ghana,2017,3697000,Import Value
Greece,2017,8977000,Import Value
Grenada,2017,159000,Import Value
Guatemala,2017,1596000,Import Value
Guinea,2017,14147000,Import Value
Guyana,2017,1169000,Import Value
Haiti,2017,56000,Import Value
Honduras,2017,232000,Import Value
Hungary,2017,8360000,Import Value
Iceland,2017,1738000,Import Value
India,2017,39390000,Import Value
Indonesia,2017,24855000,Import Value
Iran,2017,282691000,Import Value
Iraq,2017,180429000,Import Value
Ireland,2017,50261000,Import Value
Israel,2017,9476000,Import Value
Italy,2017,80772000,Import Value
Jamaica,2017,1569000,Import Value
Japan,2017,177324000,Import Value
Jordan,2017,50768000,Import Value
Kazakhstan,2017,122745000,Import Value
Kenya,2017,14189000,Import Value
Kiribati,2017,190000,Import Value
Kuwait,2017,60288000,Import Value
Kyrgyzstan,2017,11385000,Import Value
Laos,2017,899000,Import Value
Latvia,2017,10018000,Import Value
Lebanon,2017,30841000,Import Value
Lesotho,2017,2331000,Import Value
Liberia,2017,1003000,Import Value
Libya,2017,74758000,Import Value
Lithuania,2017,15524000,Import Value
Luxembourg,2017,3487000,Import Value
Madagascar,2017,88000,Import Value
Malawi,2017,228000,Import Value
Malaysia,2017,65454000,Import Value
Maldives,2017,2205000,Import Value
Mali,2017,33513000,Import Value
Malta,2017,2715000,Import Value
Mauritania,2017,18647000,Import Value
Mauritius,2017,1386000,Import Value
Mexico,2017,9909000,Import Value
Moldova,2017,8610000,Import Value
Mongolia,2017,4320000,Import Value
Montenegro,2017,335000,Import Value
Morocco,2017,220461000,Import Value
Mozambique,2017,13439000,Import Value
Myanmar,2017,2576000,Import Value
Namibia,2017,5346000,Import Value
Nauru,2017,23000,Import Value
Nepal,2017,1013000,Import Value
Netherlands,2017,145599000,Import Value
New Caledonia,2017,960000,Import Value
New Zealand,2017,27540000,Import Value
Nicaragua,2017,269000,Import Value
Niger,2017,9304000,Import Value
Nigeria,2017,20429000,Import Value
Niue,2017,15000,Import Value
North Macedonia,2017,2097000,Import Value
Norway,2017,17018000,Import Value
Oman,2017,44274000,Import Value
Pakistan,2017,549617000,Import Value
Panama,2017,2997000,Import Value
Papua New Guinea,2017,406000,Import Value
Paraguay,2017,1299000,Import Value
Peru,2017,2244000,Import Value
Philippines,2017,7070000,Import Value
Poland,2017,117106000,Import Value
Portugal,2017,7333000,Import Value
Qatar,2017,33374000,Import Value
Romania,2017,5316000,Import Value
Russia,2017,524966000,Import Value
Rwanda,2017,459000,Import Value
Saint Kitts and Nevis,2017,133000,Import Value
Saint Lucia,2017,453000,Import Value
Saint Vincent and the Grenadines,2017,107000,Import Value
Samoa,2017,202000,Import Value
Sao Tome and Principe,2017,64000,Import Value
Saudi Arabia,2017,256847000,Import Value
Senegal,2017,7578000,Import Value
Serbia,2017,664000,Import Value
Seychelles,2017,622000,Import Value
Sierra Leone,2017,1705000,Import Value
Singapore,2017,46152000,Import Value
Slovakia,2017,4099000,Import Value
Slovenia,2017,1823000,Import Value
Solomon Islands,2017,1153000,Import Value
Somalia,2017,4738000,Import Value
South Africa,2017,52965000,Import Value
South Korea,2017,16012000,Import Value
Spain,2017,33575000,Import Value
Sri Lanka,2017,23715000,Import Value
Sudan,2017,60483000,Import Value
Suriname,2017,1772000,Import Value
Sweden,2017,38336000,Import Value
Switzerland,2017,35536000,Import Value
Syria,2017,46628000,Import Value
Tajikistan,2017,7056000,Import Value
Tanzania,2017,973000,Import Value
Thailand,2017,15751000,Import Value
Timor-Leste,2017,235000,Import Value
Togo,2017,622000,Import Value
Tonga,2017,24000,Import Value
Trinidad and Tobago,2017,2669000,Import Value
Tunisia,2017,14438000,Import Value
Turkmenistan,2017,9025000,Import Value
Tuvalu,2017,19000,Import Value
Türkiye,2017,59929000,Import Value
Uganda,2017,279000,Import Value
Ukraine,2017,64001000,Import Value
United Arab Emirates,2017,303860000,Import Value
United Kingdom,2017,396928000,Import Value
United States,2017,486565000,Import Value
Uruguay,2017,2077000,Import Value
Uzbekistan,2017,49123000,Import Value
Vanuatu,2017,99000,Import Value
Venezuela,2017,83000,Import Value
Vietnam,2017,11171000,Import Value
Yemen,2017,72155000,Import Value
Zambia,2017,3713000,Import Value
Zimbabwe,2017,2885000,Import Value
Afghanistan,2004,49876000,Import Value
Albania,2004,78000,Import Value
Algeria,2004,9469000,Import Value
Angola,2004,1527000,Import Value
Antigua and Barbuda,2004,465000,Import Value
Argentina,2004,789000,Import Value
Armenia,2004,508000,Import Value
Australia,2004,67182000,Import Value
Austria,2004,8826000,Import Value
Azerbaijan,2004,18286000,Import Value
Bahamas,2004,288000,Import Value
Bahrain,2004,6636000,Import Value
Bangladesh,2004,641000,Import Value
Barbados,2004,852000,Import Value
Belarus,2004,8864000,Import Value
Belgium,2004,32074000,Import Value
Belize,2004,125000,Import Value
Benin,2004,35000,Import Value
Bhutan,2004,1000,Import Value
Bolivia,2004,261000,Import Value
Bosnia and Herzegovina,2004,186000,Import Value
Botswana,2004,394000,Import Value
Brazil,2004,1168000,Import Value
Brunei Darussalam,2004,1000000,Import Value
Bulgaria,2004,397000,Import Value
Burkina Faso,2004,529000,Import Value
Burundi,2004,71000,Import Value
Cabo Verde,2004,150000,Import Value
Cambodia,2004,46000,Import Value
Cameroon,2004,295000,Import Value
Canada,2004,98759000,Import Value
Central African Republic,2004,18000,Import Value
Chad,2004,172000,Import Value
Chile,2004,18940000,Import Value
"China, Hong Kong SAR",2004,30637000,Import Value
"China, Macao SAR",2004,1766000,Import Value
"China, Mainland",2004,6040000,Import Value
"China, Taiwan Province of",2004,19896000,Import Value
Colombia,2004,428000,Import Value
Comoros,2004,2000,Import Value
Congo (Brazzaville),2004,427000,Import Value
Cook Islands,2004,97000,Import Value
Costa Rica,2004,632000,Import Value
Croatia,2004,587000,Import Value
Cuba,2004,577000,Import Value
Cyprus,2004,1883000,Import Value
Czechia,2004,10211000,Import Value
Côte d'Ivoire,2004,3046000,Import Value
DR Congo,2004,1188000,Import Value
Denmark,2004,12856000,Import Value
Djibouti,2004,246000,Import Value
Dominica,2004,34000,Import Value
Dominican Republic,2004,138000,Import Value
Ecuador,2004,114000,Import Value
Egypt,2004,4299000,Import Value
El Salvador,2004,224000,Import Value
Eritrea,2004,174000,Import Value
Estonia,2004,3827000,Import Value
Eswatini,2004,3417000,Import Value
Ethiopia,2004,61000,Import Value
Faroe Islands,2004,465000,Import Value
Fiji,2004,1876000,Import Value
Finland,2004,12931000,Import Value
France,2004,102310000,Import Value
French Polynesia,2004,434000,Import Value
Gabon,2004,260000,Import Value
Gambia,2004,7685000,Import Value
Georgia,2004,1526000,Import Value
Germany,2004,117306000,Import Value
Ghana,2004,18549000,Import Value
Greece,2004,4323000,Import Value
Grenada,2004,52000,Import Value
Guatemala,2004,301000,Import Value
Guinea,2004,2206000,Import Value
Guinea-Bissau,2004,232000,Import Value
Guyana,2004,585000,Import Value
Haiti,2004,39000,Import Value
Honduras,2004,487000,Import Value
Hungary,2004,7051000,Import Value
Iceland,2004,775000,Import Value
India,2004,31327000,Import Value
Indonesia,2004,5531000,Import Value
Iran,2004,32199000,Import Value
Iraq,2004,55012000,Import Value
Ireland,2004,34136000,Import Value
Israel,2004,7321000,Import Value
Italy,2004,48664000,Import Value
Jamaica,2004,1086000,Import Value
Japan,2004,193485000,Import Value
Jordan,2004,17511000,Import Value
Kazakhstan,2004,44086000,Import Value
Kenya,2004,6681000,Import Value
Kiribati,2004,185000,Import Value
Kuwait,2004,8452000,Import Value
Kyrgyzstan,2004,2678000,Import Value
Laos,2004,62000,Import Value
Latvia,2004,5584000,Import Value
Lebanon,2004,7425000,Import Value
Lesotho,2004,1000,Import Value
Liberia,2004,921000,Import Value
Libya,2004,13135000,Import Value
Lithuania,2004,6741000,Import Value
Luxembourg,2004,2135000,Import Value
Madagascar,2004,26000,Import Value
Malawi,2004,53000,Import Value
Malaysia,2004,17017000,Import Value
Maldives,2004,746000,Import Value
Mali,2004,10471000,Import Value
Malta,2004,2434000,Import Value
Mauritania,2004,22416000,Import Value
Mauritius,2004,65000,Import Value
Mexico,2004,2452000,Import Value
Moldova,2004,2295000,Import Value
Mongolia,2004,1330000,Import Value
Morocco,2004,72958000,Import Value
Mozambique,2004,2358000,Import Value
Myanmar,2004,2899000,Import Value
Namibia,2004,600000,Import Value
Nauru,2004,12000,Import Value
Nepal,2004,503000,Import Value
Netherlands,2004,67735000,Import Value
New Caledonia,2004,1038000,Import Value
New Zealand,2004,10141000,Import Value
Nicaragua,2004,190000,Import Value
Niger,2004,5125000,Import Value
Nigeria,2004,4255000,Import Value
Niue,2004,6000,Import Value
North Macedonia,2004,1156000,Import Value
Norway,2004,12857000,Import Value
Oman,2004,18180000,Import Value
Pakistan,2004,190196000,Import Value
Palestine,2004,4024000,Import Value
Panama,2004,1456000,Import Value
Papua New Guinea,2004,34000,Import Value
Paraguay,2004,706000,Import Value
Peru,2004,1431000,Import Value
Philippines,2004,2111000,Import Value
Poland,2004,65576000,Import Value
Portugal,2004,3827000,Import Value
Qatar,2004,4640000,Import Value
Romania,2004,1808000,Import Value
Russia,2004,292151000,Import Value
Rwanda,2004,7000,Import Value
Saint Kitts and Nevis,2004,27000,Import Value
Saint Lucia,2004,268000,Import Value
Saint Vincent and the Grenadines,2004,69000,Import Value
Samoa,2004,101000,Import Value
Sao Tome and Principe,2004,8000,Import Value
Saudi Arabia,2004,111418000,Import Value
Senegal,2004,6991000,Import Value
Seychelles,2004,137000,Import Value
Sierra Leone,2004,657000,Import Value
Singapore,2004,11601000,Import Value
Slovakia,2004,3352000,Import Value
Slovenia,2004,793000,Import Value
Solomon Islands,2004,192000,Import Value
Somalia,2004,2575000,Import Value
South Africa,2004,19877000,Import Value
South Korea,2004,2041000,Import Value
Spain,2004,14262000,Import Value
Sri Lanka,2004,14823000,Import Value
Sudan,2004,23946000,Import Value
Suriname,2004,666000,Import Value
Sweden,2004,30774000,Import Value
Switzerland,2004,19084000,Import Value
Syria,2004,58727000,Import Value
Tajikistan,2004,6000000,Import Value
Tanzania,2004,24000,Import Value
Thailand,2004,3270000,Import Value
Timor-Leste,2004,20000,Import Value
Togo,2004,156000,Import Value
Tonga,2004,57000,Import Value
Trinidad and Tobago,2004,935000,Import Value
Tunisia,2004,11544000,Import Value
Turkmenistan,2004,1988000,Import Value
Tuvalu,2004,30000,Import Value
Türkiye,2004,5205000,Import Value
Uganda,2004,62000,Import Value
Ukraine,2004,13475000,Import Value
United Arab Emirates,2004,172063000,Import Value
United Kingdom,2004,292019000,Import Value
United States,2004,204881000,Import Value
Uruguay,2004,1015000,Import Value
Uzbekistan,2004,16377000,Import Value
Vanuatu,2004,26000,Import Value
Venezuela,2004,627000,Import Value
Yemen,2004,11897000,Import Value
Zambia,2004,2823000,Import Value
Zimbabwe,2004,83000,Import Value
Afghanistan,2005,11492000,Import Value
Albania,2005,134000,Import Value
Algeria,2005,11942000,Import Value
Angola,2005,1830000,Import Value
Antigua and Barbuda,2005,286000,Import Value
Argentina,2005,1130000,Import Value
Armenia,2005,1356000,Import Value
Australia,2005,75550000,Import Value
Austria,2005,12276000,Import Value
Azerbaijan,2005,14603000,Import Value
Bahamas,2005,1041000,Import Value
Bahrain,2005,6708000,Import Value
Bangladesh,2005,22000,Import Value
Barbados,2005,967000,Import Value
Belarus,2005,16072000,Import Value
Belgium,2005,28910000,Import Value
Belize,2005,221000,Import Value
Benin,2005,33000,Import Value
Bhutan,2005,2000,Import Value
Bolivia,2005,278000,Import Value
Bosnia and Herzegovina,2005,296000,Import Value
Botswana,2005,25000,Import Value
Brazil,2005,1104000,Import Value
Brunei Darussalam,2005,1026000,Import Value
Bulgaria,2005,803000,Import Value
Burkina Faso,2005,739000,Import Value
Burundi,2005,1000,Import Value
Cabo Verde,2005,134000,Import Value
Cambodia,2005,150000,Import Value
Cameroon,2005,484000,Import Value
Canada,2005,111658000,Import Value
Central African Republic,2005,32000,Import Value
Chad,2005,400000,Import Value
Chile,2005,22012000,Import Value
"China, Hong Kong SAR",2005,31334000,Import Value
"China, Macao SAR",2005,1400000,Import Value
"China, Mainland",2005,7427000,Import Value
"China, Taiwan Province of",2005,22850000,Import Value
Colombia,2005,581000,Import Value
Comoros,2005,6000,Import Value
Congo (Brazzaville),2005,87000,Import Value
Cook Islands,2005,76000,Import Value
Costa Rica,2005,650000,Import Value
Croatia,2005,800000,Import Value
Cuba,2005,605000,Import Value
Cyprus,2005,2103000,Import Value
Czechia,2005,12336000,Import Value
Côte d'Ivoire,2005,2818000,Import Value
DR Congo,2005,2054000,Import Value
Denmark,2005,14242000,Import Value
Djibouti,2005,657000,Import Value
Dominica,2005,46000,Import Value
Dominican Republic,2005,217000,Import Value
Ecuador,2005,159000,Import Value
Egypt,2005,10089000,Import Value
El Salvador,2005,371000,Import Value
Eritrea,2005,11000000,Import Value
Estonia,2005,4054000,Import Value
Eswatini,2005,2367000,Import Value
Ethiopia,2005,58000,Import Value
Faroe Islands,2005,468000,Import Value
Fiji,2005,1717000,Import Value
Finland,2005,13990000,Import Value
France,2005,109209000,Import Value
French Polynesia,2005,485000,Import Value
Gabon,2005,297000,Import Value
Gambia,2005,6440000,Import Value
Georgia,2005,1997000,Import Value
Germany,2005,120337000,Import Value
Ghana,2005,30995000,Import Value
Greece,2005,5379000,Import Value
Grenada,2005,140000,Import Value
Guatemala,2005,341000,Import Value
Guinea,2005,2587000,Import Value
Guinea-Bissau,2005,4000,Import Value
Guyana,2005,572000,Import Value
Haiti,2005,44000,Import Value
Honduras,2005,562000,Import Value
Hungary,2005,8068000,Import Value
Iceland,2005,1237000,Import Value
India,2005,24297000,Import Value
Indonesia,2005,7165000,Import Value
Iran,2005,88191000,Import Value
Iraq,2005,76262000,Import Value
Ireland,2005,26126000,Import Value
Israel,2005,6293000,Import Value
Italy,2005,45978000,Import Value
Jamaica,2005,1172000,Import Value
Japan,2005,181331000,Import Value
Jordan,2005,19608000,Import Value
Kazakhstan,2005,44129000,Import Value
Kenya,2005,8082000,Import Value
Kiribati,2005,458000,Import Value
Kuwait,2005,11379000,Import Value
Kyrgyzstan,2005,2939000,Import Value
Laos,2005,69000,Import Value
Latvia,2005,5468000,Import Value
Lebanon,2005,8187000,Import Value
Lesotho,2005,1000,Import Value
Liberia,2005,780000,Import Value
Libya,2005,36988000,Import Value
Lithuania,2005,7111000,Import Value
Luxembourg,2005,2171000,Import Value
Madagascar,2005,39000,Import Value
Malawi,2005,118000,Import Value
Malaysia,2005,19204000,Import Value
Maldives,2005,571000,Import Value
Mali,2005,7872000,Import Value
Malta,2005,2320000,Import Value
Mauritania,2005,4849000,Import Value
Mauritius,2005,62000,Import Value
Mexico,2005,2017000,Import Value
Moldova,2005,2940000,Import Value
Mongolia,2005,1185000,Import Value
Morocco,2005,84740000,Import Value
Mozambique,2005,2650000,Import Value
Myanmar,2005,2714000,Import Value
Namibia,2005,750000,Import Value
Nauru,2005,1000,Import Value
Nepal,2005,359000,Import Value
Netherlands,2005,73423000,Import Value
New Caledonia,2005,959000,Import Value
New Zealand,2005,15423000,Import Value
Nicaragua,2005,112000,Import Value
Niger,2005,4095000,Import Value
Nigeria,2005,1577000,Import Value
Niue,2005,6000,Import Value
North Macedonia,2005,1213000,Import Value
Norway,2005,14392000,Import Value
Oman,2005,16502000,Import Value
Pakistan,2005,221820000,Import Value
Palestine,2005,4769000,Import Value
Panama,2005,1420000,Import Value
Papua New Guinea,2005,67000,Import Value
Paraguay,2005,389000,Import Value
Peru,2005,1421000,Import Value
Philippines,2005,2896000,Import Value
Poland,2005,60524000,Import Value
Portugal,2005,4155000,Import Value
Qatar,2005,10248000,Import Value
Romania,2005,2280000,Import Value
Russia,2005,313074000,Import Value
Rwanda,2005,14000,Import Value
Saint Kitts and Nevis,2005,27000,Import Value
Saint Lucia,2005,298000,Import Value
Saint Vincent and the Grenadines,2005,111000,Import Value
Samoa,2005,166000,Import Value
Sao Tome and Principe,2005,21000,Import Value
Saudi Arabia,2005,132860000,Import Value
Senegal,2005,6712000,Import Value
Seychelles,2005,120000,Import Value
Sierra Leone,2005,662000,Import Value
Singapore,2005,15873000,Import Value
Slovakia,2005,2787000,Import Value
Slovenia,2005,1334000,Import Value
Solomon Islands,2005,179000,Import Value
Somalia,2005,2838000,Import Value
South Africa,2005,24128000,Import Value
South Korea,2005,4030000,Import Value
Spain,2005,14221000,Import Value
Sri Lanka,2005,13785000,Import Value
Sudan,2005,23437000,Import Value
Suriname,2005,581000,Import Value
Sweden,2005,31660000,Import Value
Switzerland,2005,19764000,Import Value
Syria,2005,75291000,Import Value
Tajikistan,2005,7800000,Import Value
Tanzania,2005,19000,Import Value
Thailand,2005,2867000,Import Value
Timor-Leste,2005,30000,Import Value
Togo,2005,78000,Import Value
Tonga,2005,99000,Import Value
Trinidad and Tobago,2005,1685000,Import Value
Tunisia,2005,14060000,Import Value
Turkmenistan,2005,7666000,Import Value
Tuvalu,2005,30000,Import Value
Türkiye,2005,6438000,Import Value
Uganda,2005,27000,Import Value
Ukraine,2005,62121000,Import Value
United Arab Emirates,2005,69793000,Import Value
United Kingdom,2005,274045000,Import Value
United States,2005,243575000,Import Value
Uruguay,2005,1191000,Import Value
Uzbekistan,2005,22304000,Import Value
Vanuatu,2005,45000,Import Value
Venezuela,2005,452000,Import Value
Yemen,2005,15356000,Import Value
Zambia,2005,1084000,Import Value
Zimbabwe,2005,9000,Import Value
Afghanistan,2009,9302000,Import Value
Albania,2009,411000,Import Value
Algeria,2009,13940000,Import Value
Angola,2009,6150000,Import Value
Antigua and Barbuda,2009,244000,Import Value
Argentina,2009,959000,Import Value
Armenia,2009,1740000,Import Value
Australia,2009,86749000,Import Value
Austria,2009,20112000,Import Value
Azerbaijan,2009,16931000,Import Value
Bahamas,2009,1356000,Import Value
Bahrain,2009,8421000,Import Value
Bangladesh,2009,94000,Import Value
Barbados,2009,1250000,Import Value
Belarus,2009,41675000,Import Value
Belgium,2009,46775000,Import Value
Belize,2009,179000,Import Value
Benin,2009,85000,Import Value
Bolivia,2009,476000,Import Value
Bosnia and Herzegovina,2009,519000,Import Value
Botswana,2009,5499000,Import Value
Brazil,2009,3080000,Import Value
Brunei Darussalam,2009,1314000,Import Value
Bulgaria,2009,1825000,Import Value
Burkina Faso,2009,1690000,Import Value
Burundi,2009,9000,Import Value
Cabo Verde,2009,202000,Import Value
Cambodia,2009,920000,Import Value
Cameroon,2009,590000,Import Value
Canada,2009,145143000,Import Value
Central African Republic,2009,3000,Import Value
Chad,2009,65000,Import Value
Chile,2009,32085000,Import Value
"China, Hong Kong SAR",2009,41188000,Import Value
"China, Macao SAR",2009,3431000,Import Value
"China, Mainland",2009,17094000,Import Value
"China, Taiwan Province of",2009,39553000,Import Value
Colombia,2009,1088000,Import Value
Congo (Brazzaville),2009,144000,Import Value
Cook Islands,2009,69000,Import Value
Costa Rica,2009,1084000,Import Value
Croatia,2009,1333000,Import Value
Cuba,2009,189000,Import Value
Cyprus,2009,3031000,Import Value
Czechia,2009,20037000,Import Value
Côte d'Ivoire,2009,3498000,Import Value
DR Congo,2009,679000,Import Value
Denmark,2009,15097000,Import Value
Djibouti,2009,2147000,Import Value
Dominica,2009,60000,Import Value
Dominican Republic,2009,284000,Import Value
Ecuador,2009,395000,Import Value
Egypt,2009,227816000,Import Value
El Salvador,2009,309000,Import Value
Eritrea,2009,552000,Import Value
Estonia,2009,7885000,Import Value
Eswatini,2009,1665000,Import Value
Ethiopia,2009,135000,Import Value
Faroe Islands,2009,543000,Import Value
Fiji,2009,2611000,Import Value
Finland,2009,20084000,Import Value
France,2009,134165000,Import Value
French Polynesia,2009,679000,Import Value
Gabon,2009,655000,Import Value
Gambia,2009,1683000,Import Value
Georgia,2009,4985000,Import Value
Germany,2009,150541000,Import Value
Ghana,2009,3724000,Import Value
Greece,2009,10271000,Import Value
Grenada,2009,121000,Import Value
Guatemala,2009,844000,Import Value
Guinea,2009,2000000,Import Value
Guinea-Bissau,2009,10000,Import Value
Guyana,2009,887000,Import Value
Haiti,2009,49000,Import Value
Honduras,2009,624000,Import Value
Hungary,2009,11618000,Import Value
Iceland,2009,1046000,Import Value
India,2009,56088000,Import Value
Indonesia,2009,12537000,Import Value
Iran,2009,209810000,Import Value
Iraq,2009,72503000,Import Value
Ireland,2009,47227000,Import Value
Israel,2009,7779000,Import Value
Italy,2009,59603000,Import Value
Jamaica,2009,1699000,Import Value
Japan,2009,164849000,Import Value
Jordan,2009,29258000,Import Value
Kazakhstan,2009,90416000,Import Value
Kenya,2009,4536000,Import Value
Kiribati,2009,202000,Import Value
Kuwait,2009,27093000,Import Value
Kyrgyzstan,2009,5329000,Import Value
Laos,2009,69000,Import Value
Latvia,2009,10480000,Import Value
Lebanon,2009,14692000,Import Value
Lesotho,2009,2000,Import Value
Liberia,2009,632000,Import Value
Libya,2009,36530000,Import Value
Lithuania,2009,13793000,Import Value
Luxembourg,2009,2285000,Import Value
Madagascar,2009,62000,Import Value
Malawi,2009,340000,Import Value
Malaysia,2009,29111000,Import Value
Maldives,2009,1868000,Import Value
Mali,2009,27711000,Import Value
Malta,2009,3344000,Import Value
Mauritania,2009,36950000,Import Value
Mauritius,2009,131000,Import Value
Mexico,2009,3850000,Import Value
Moldova,2009,5896000,Import Value
Mongolia,2009,3510000,Import Value
Montenegro,2009,292000,Import Value
Morocco,2009,107908000,Import Value
Mozambique,2009,4892000,Import Value
Myanmar,2009,4178000,Import Value
Namibia,2009,177000,Import Value
Nauru,2009,6000,Import Value
Nepal,2009,439000,Import Value
Netherlands,2009,100405000,Import Value
New Caledonia,2009,1350000,Import Value
New Zealand,2009,20038000,Import Value
Nicaragua,2009,83000,Import Value
Niger,2009,10998000,Import Value
Nigeria,2009,12000000,Import Value
Niue,2009,11000,Import Value
North Macedonia,2009,1517000,Import Value
Norway,2009,16209000,Import Value
Oman,2009,23438000,Import Value
Pakistan,2009,213187000,Import Value
Palestine,2009,1750000,Import Value
Panama,2009,1359000,Import Value
Papua New Guinea,2009,190000,Import Value
Paraguay,2009,362000,Import Value
Peru,2009,1153000,Import Value
Philippines,2009,5101000,Import Value
Poland,2009,111185000,Import Value
Portugal,2009,8255000,Import Value
Qatar,2009,3196000,Import Value
Romania,2009,4636000,Import Value
Russia,2009,500455000,Import Value
Rwanda,2009,126000,Import Value
Saint Kitts and Nevis,2009,55000,Import Value
Saint Lucia,2009,176000,Import Value
Saint Vincent and the Grenadines,2009,129000,Import Value
Samoa,2009,255000,Import Value
Sao Tome and Principe,2009,23000,Import Value
Saudi Arabia,2009,153783000,Import Value
Senegal,2009,7904000,Import Value
Serbia,2009,767000,Import Value
Seychelles,2009,376000,Import Value
Sierra Leone,2009,822000,Import Value
Singapore,2009,22366000,Import Value
Slovakia,2009,5960000,Import Value
Slovenia,2009,2325000,Import Value
Solomon Islands,2009,142000,Import Value
Somalia,2009,4460000,Import Value
South Africa,2009,41248000,Import Value
South Korea,2009,3290000,Import Value
Spain,2009,20255000,Import Value
Sri Lanka,2009,24266000,Import Value
Sudan,2009,56365000,Import Value
Suriname,2009,1050000,Import Value
Sweden,2009,45818000,Import Value
Switzerland,2009,22114000,Import Value
Syria,2009,68217000,Import Value
Tajikistan,2009,8400000,Import Value
Tanzania,2009,63000,Import Value
Thailand,2009,4730000,Import Value
Timor-Leste,2009,38000,Import Value
Togo,2009,623000,Import Value
Tonga,2009,94000,Import Value
Trinidad and Tobago,2009,2057000,Import Value
Tunisia,2009,17943000,Import Value
Turkmenistan,2009,4623000,Import Value
Tuvalu,2009,27000,Import Value
Türkiye,2009,13538000,Import Value
Uganda,2009,147000,Import Value
Ukraine,2009,107195000,Import Value
United Arab Emirates,2009,279973000,Import Value
United Kingdom,2009,368115000,Import Value
United States,2009,327365000,Import Value
Uruguay,2009,1388000,Import Value
Uzbekistan,2009,35147000,Import Value
Vanuatu,2009,176000,Import Value
Venezuela,2009,1300000,Import Value
Yemen,2009,17352000,Import Value
Zambia,2009,1639000,Import Value
Zimbabwe,2009,690000,Import Value
Afghanistan,2011,85915000,Import Value
Albania,2011,472000,Import Value
Algeria,2011,20748000,Import Value
Angola,2011,6299000,Import Value
Antigua and Barbuda,2011,300000,Import Value
Argentina,2011,1762000,Import Value
Armenia,2011,2584000,Import Value
Australia,2011,107984000,Import Value
Austria,2011,24956000,Import Value
Azerbaijan,2011,20398000,Import Value
Bahamas,2011,483000,Import Value
Bahrain,2011,9884000,Import Value
Bangladesh,2011,5499000,Import Value
Barbados,2011,1244000,Import Value
Belarus,2011,39555000,Import Value
Belgium,2011,72079000,Import Value
Belize,2011,357000,Import Value
Bolivia,2011,1242000,Import Value
Bosnia and Herzegovina,2011,518000,Import Value
Botswana,2011,6744000,Import Value
Brazil,2011,2816000,Import Value
Brunei Darussalam,2011,1523000,Import Value
Bulgaria,2011,1821000,Import Value
Burkina Faso,2011,1598000,Import Value
Burundi,2011,2000,Import Value
Cabo Verde,2011,183000,Import Value
Cambodia,2011,232000,Import Value
Cameroon,2011,1111000,Import Value
Canada,2011,171699000,Import Value
Central African Republic,2011,2000,Import Value
Chad,2011,403000,Import Value
Chile,2011,47288000,Import Value
"China, Hong Kong SAR",2011,62033000,Import Value
"China, Macao SAR",2011,4695000,Import Value
"China, Mainland",2011,59146000,Import Value
"China, Taiwan Province of",2011,50548000,Import Value
Colombia,2011,1696000,Import Value
Comoros,2011,22000,Import Value
Congo (Brazzaville),2011,3286000,Import Value
Cook Islands,2011,78000,Import Value
Costa Rica,2011,1252000,Import Value
Croatia,2011,1322000,Import Value
Cuba,2011,838000,Import Value
Cyprus,2011,2880000,Import Value
Czechia,2011,24255000,Import Value
Côte d'Ivoire,2011,3214000,Import Value
DR Congo,2011,587000,Import Value
Denmark,2011,19359000,Import Value
Djibouti,2011,111000,Import Value
Dominica,2011,60000,Import Value
Dominican Republic,2011,564000,Import Value
Ecuador,2011,417000,Import Value
Egypt,2011,312156000,Import Value
El Salvador,2011,282000,Import Value
Estonia,2011,7992000,Import Value
Eswatini,2011,264000,Import Value
Ethiopia,2011,81000,Import Value
Faroe Islands,2011,386000,Import Value
Fiji,2011,2596000,Import Value
Finland,2011,20511000,Import Value
France,2011,164561000,Import Value
French Polynesia,2011,570000,Import Value
Gabon,2011,1359000,Import Value
Gambia,2011,3174000,Import Value
Georgia,2011,5364000,Import Value
Germany,2011,213765000,Import Value
Ghana,2011,5675000,Import Value
Greece,2011,11011000,Import Value
Grenada,2011,92000,Import Value
Guatemala,2011,1031000,Import Value
Guinea,2011,27051000,Import Value
Guinea-Bissau,2011,26000,Import Value
Guyana,2011,1104000,Import Value
Haiti,2011,83000,Import Value
Honduras,2011,382000,Import Value
Hungary,2011,10089000,Import Value
Iceland,2011,1415000,Import Value
India,2011,44915000,Import Value
Indonesia,2011,27318000,Import Value
Iran,2011,202346000,Import Value
Iraq,2011,103945000,Import Value
Ireland,2011,49925000,Import Value
Israel,2011,9099000,Import Value
Italy,2011,68297000,Import Value
Jamaica,2011,1231000,Import Value
Japan,2011,207002000,Import Value
Jordan,2011,37420000,Import Value
Kazakhstan,2011,121288000,Import Value
Kenya,2011,168541000,Import Value
Kiribati,2011,251000,Import Value
Kuwait,2011,38198000,Import Value
Kyrgyzstan,2011,6910000,Import Value
Laos,2011,133000,Import Value
Latvia,2011,18383000,Import Value
Lebanon,2011,18227000,Import Value
Lesotho,2011,2000,Import Value
Liberia,2011,818000,Import Value
Libya,2011,31104000,Import Value
Lithuania,2011,18619000,Import Value
Luxembourg,2011,2425000,Import Value
Madagascar,2011,77000,Import Value
Malawi,2011,307000,Import Value
Malaysia,2011,39416000,Import Value
Maldives,2011,1376000,Import Value
Mali,2011,31643000,Import Value
Malta,2011,3584000,Import Value
Mauritania,2011,11989000,Import Value
Mauritius,2011,231000,Import Value
Mexico,2011,6200000,Import Value
Moldova,2011,7383000,Import Value
Mongolia,2011,5375000,Import Value
Montenegro,2011,334000,Import Value
Morocco,2011,219619000,Import Value
Mozambique,2011,8860000,Import Value
Myanmar,2011,7282000,Import Value
Namibia,2011,225000,Import Value
Nauru,2011,6000,Import Value
Nepal,2011,583000,Import Value
Netherlands,2011,107785000,Import Value
New Caledonia,2011,1252000,Import Value
New Zealand,2011,15536000,Import Value
Nicaragua,2011,84000,Import Value
Niger,2011,7133000,Import Value
Nigeria,2011,4904000,Import Value
Niue,2011,9000,Import Value
North Macedonia,2011,1691000,Import Value
Norway,2011,17854000,Import Value
Oman,2011,24849000,Import Value
Pakistan,2011,350821000,Import Value
Palestine,2011,1101000,Import Value
Panama,2011,2495000,Import Value
Papua New Guinea,2011,458000,Import Value
Paraguay,2011,1973000,Import Value
Peru,2011,1319000,Import Value
Philippines,2011,4642000,Import Value
Poland,2011,141222000,Import Value
Portugal,2011,9079000,Import Value
Qatar,2011,24381000,Import Value
Romania,2011,4642000,Import Value
Russia,2011,625187000,Import Value
Rwanda,2011,121000,Import Value
Saint Kitts and Nevis,2011,16000,Import Value
Saint Lucia,2011,130000,Import Value
Saint Vincent and the Grenadines,2011,190000,Import Value
Samoa,2011,180000,Import Value
Sao Tome and Principe,2011,113000,Import Value
Saudi Arabia,2011,231732000,Import Value
Senegal,2011,7569000,Import Value
Serbia,2011,701000,Import Value
Seychelles,2011,268000,Import Value
Sierra Leone,2011,1068000,Import Value
Singapore,2011,30958000,Import Value
Slovakia,2011,5668000,Import Value
Slovenia,2011,2102000,Import Value
Solomon Islands,2011,426000,Import Value
Somalia,2011,507000,Import Value
South Africa,2011,45012000,Import Value
South Korea,2011,5336000,Import Value
Spain,2011,27757000,Import Value
Sri Lanka,2011,35423000,Import Value
Sudan,2011,57520000,Import Value
Suriname,2011,1529000,Import Value
Sweden,2011,41479000,Import Value
Switzerland,2011,28372000,Import Value
Syria,2011,144698000,Import Value
Tajikistan,2011,8700000,Import Value
Tanzania,2011,122000,Import Value
Thailand,2011,9959000,Import Value
Timor-Leste,2011,113000,Import Value
Togo,2011,579000,Import Value
Tonga,2011,80000,Import Value
Trinidad and Tobago,2011,1493000,Import Value
Tunisia,2011,13430000,Import Value
Turkmenistan,2011,6292000,Import Value
Tuvalu,2011,48000,Import Value
Türkiye,2011,17732000,Import Value
Uganda,2011,407000,Import Value
Ukraine,2011,150707000,Import Value
United Arab Emirates,2011,226923000,Import Value
United Kingdom,2011,462095000,Import Value
United States,2011,440206000,Import Value
Uruguay,2011,1683000,Import Value
Uzbekistan,2011,45525000,Import Value
Vanuatu,2011,202000,Import Value
Venezuela,2011,1152000,Import Value
Yemen,2011,33633000,Import Value
Zambia,2011,1758000,Import Value
Zimbabwe,2011,1234000,Import Value
Afghanistan,2002,26981000,Import Value
Albania,2002,212000,Import Value
Algeria,2002,7382000,Import Value
Angola,2002,1160000,Import Value
Antigua and Barbuda,2002,116000,Import Value
Argentina,2002,439000,Import Value
Armenia,2002,521000,Import Value
Australia,2002,54590000,Import Value
Austria,2002,9190000,Import Value
Azerbaijan,2002,14274000,Import Value
Bahamas,2002,225000,Import Value
Bahrain,2002,6327000,Import Value
Bangladesh,2002,119000,Import Value
Barbados,2002,1478000,Import Value
Belarus,2002,4382000,Import Value
Belgium,2002,32155000,Import Value
Belize,2002,7000,Import Value
Benin,2002,67000,Import Value
Bhutan,2002,271000,Import Value
Bolivia,2002,260000,Import Value
Bosnia and Herzegovina,2002,194000,Import Value
Botswana,2002,2896000,Import Value
Brazil,2002,1136000,Import Value
Brunei Darussalam,2002,1121000,Import Value
Bulgaria,2002,212000,Import Value
Burkina Faso,2002,330000,Import Value
Cabo Verde,2002,120000,Import Value
Cambodia,2002,51000,Import Value
Cameroon,2002,147000,Import Value
Canada,2002,73515000,Import Value
Central African Republic,2002,3000,Import Value
Chad,2002,194000,Import Value
Chile,2002,15074000,Import Value
"China, Hong Kong SAR",2002,32133000,Import Value
"China, Macao SAR",2002,1293000,Import Value
"China, Mainland",2002,2701000,Import Value
"China, Taiwan Province of",2002,17005000,Import Value
Colombia,2002,375000,Import Value
Comoros,2002,2000,Import Value
Congo (Brazzaville),2002,640000,Import Value
Cook Islands,2002,39000,Import Value
Costa Rica,2002,808000,Import Value
Croatia,2002,446000,Import Value
Cuba,2002,208000,Import Value
Cyprus,2002,1442000,Import Value
Czechia,2002,7235000,Import Value
Côte d'Ivoire,2002,1843000,Import Value
DR Congo,2002,1319000,Import Value
Denmark,2002,11352000,Import Value
Djibouti,2002,203000,Import Value
Dominica,2002,15000,Import Value
Dominican Republic,2002,112000,Import Value
Ecuador,2002,43000,Import Value
Egypt,2002,141177000,Import Value
El Salvador,2002,237000,Import Value
Eritrea,2002,174000,Import Value
Estonia,2002,2935000,Import Value
Eswatini,2002,1287000,Import Value
Ethiopia,2002,60000,Import Value
Faroe Islands,2002,414000,Import Value
Fiji,2002,1520000,Import Value
Finland,2002,10422000,Import Value
France,2002,84245000,Import Value
French Polynesia,2002,372000,Import Value
Gabon,2002,103000,Import Value
Gambia,2002,1073000,Import Value
Georgia,2002,667000,Import Value
Germany,2002,97842000,Import Value
Ghana,2002,6758000,Import Value
Greece,2002,3134000,Import Value
Grenada,2002,80000,Import Value
Guatemala,2002,910000,Import Value
Guinea,2002,582000,Import Value
Guinea-Bissau,2002,20000,Import Value
Guyana,2002,766000,Import Value
Haiti,2002,16000,Import Value
Honduras,2002,391000,Import Value
Hungary,2002,4573000,Import Value
Iceland,2002,575000,Import Value
India,2002,25393000,Import Value
Indonesia,2002,3652000,Import Value
Iran,2002,366000,Import Value
Iraq,2002,85888000,Import Value
Ireland,2002,27967000,Import Value
Israel,2002,8121000,Import Value
Italy,2002,36725000,Import Value
Jamaica,2002,363000,Import Value
Japan,2002,178941000,Import Value
Jordan,2002,15827000,Import Value
Kazakhstan,2002,25930000,Import Value
Kenya,2002,5868000,Import Value
Kiribati,2002,146000,Import Value
Kuwait,2002,9431000,Import Value
Kyrgyzstan,2002,2124000,Import Value
Laos,2002,2000,Import Value
Latvia,2002,7695000,Import Value
Lebanon,2002,8149000,Import Value
Lesotho,2002,3000,Import Value
Liberia,2002,1510000,Import Value
Libya,2002,18406000,Import Value
Lithuania,2002,6189000,Import Value
Luxembourg,2002,1402000,Import Value
Madagascar,2002,18000,Import Value
Malawi,2002,274000,Import Value
Malaysia,2002,12847000,Import Value
Maldives,2002,584000,Import Value
Mali,2002,8309000,Import Value
Malta,2002,2283000,Import Value
Mauritania,2002,7488000,Import Value
Mauritius,2002,69000,Import Value
Mexico,2002,1955000,Import Value
Moldova,2002,856000,Import Value
Mongolia,2002,1094000,Import Value
Morocco,2002,58235000,Import Value
Mozambique,2002,1960000,Import Value
Myanmar,2002,903000,Import Value
Namibia,2002,1207000,Import Value
Nauru,2002,41000,Import Value
Nepal,2002,785000,Import Value
Netherlands,2002,56679000,Import Value
New Caledonia,2002,781000,Import Value
New Zealand,2002,9932000,Import Value
Nicaragua,2002,156000,Import Value
Niger,2002,1913000,Import Value
Nigeria,2002,12992000,Import Value
Niue,2002,6000,Import Value
North Macedonia,2002,1201000,Import Value
Norway,2002,11353000,Import Value
Oman,2002,13196000,Import Value
Pakistan,2002,160861000,Import Value
Palestine,2002,3921000,Import Value
Panama,2002,1148000,Import Value
Papua New Guinea,2002,107000,Import Value
Paraguay,2002,128000,Import Value
Peru,2002,1416000,Import Value
Philippines,2002,1846000,Import Value
Poland,2002,47444000,Import Value
Portugal,2002,2203000,Import Value
Qatar,2002,8807000,Import Value
Romania,2002,1069000,Import Value
Russia,2002,228677000,Import Value
Saint Kitts and Nevis,2002,79000,Import Value
Saint Lucia,2002,230000,Import Value
Saint Vincent and the Grenadines,2002,124000,Import Value
Samoa,2002,118000,Import Value
Sao Tome and Principe,2002,18000,Import Value
Saudi Arabia,2002,113494000,Import Value
Senegal,2002,6229000,Import Value
Seychelles,2002,159000,Import Value
Sierra Leone,2002,83000,Import Value
Singapore,2002,15199000,Import Value
Slovakia,2002,1780000,Import Value
Slovenia,2002,481000,Import Value
Solomon Islands,2002,91000,Import Value
Somalia,2002,793000,Import Value
South Africa,2002,16287000,Import Value
South Korea,2002,1764000,Import Value
Spain,2002,8474000,Import Value
Sri Lanka,2002,6688000,Import Value
Sudan,2002,30485000,Import Value
Suriname,2002,472000,Import Value
Sweden,2002,23709000,Import Value
Switzerland,2002,16675000,Import Value
Syria,2002,55128000,Import Value
Tajikistan,2002,4367000,Import Value
Tanzania,2002,67000,Import Value
Thailand,2002,2240000,Import Value
Timor-Leste,2002,175000,Import Value
Togo,2002,88000,Import Value
Tonga,2002,74000,Import Value
Trinidad and Tobago,2002,1194000,Import Value
Tunisia,2002,14523000,Import Value
Turkmenistan,2002,4107000,Import Value
Tuvalu,2002,19000,Import Value
Türkiye,2002,2684000,Import Value
Uganda,2002,41000,Import Value
Ukraine,2002,35032000,Import Value
United Arab Emirates,2002,150066000,Import Value
United Kingdom,2002,282789000,Import Value
United States,2002,159851000,Import Value
Uruguay,2002,1044000,Import Value
Uzbekistan,2002,15412000,Import Value
Vanuatu,2002,41000,Import Value
Venezuela,2002,703000,Import Value
Yemen,2002,11828000,Import Value
Zambia,2002,582000,Import Value
Zimbabwe,2002,700000,Import Value
Afghanistan,2003,89814000,Import Value
Albania,2003,95000,Import Value
Algeria,2003,8566000,Import Value
Angola,2003,1092000,Import Value
Antigua and Barbuda,2003,57000,Import Value
Argentina,2003,644000,Import Value
Armenia,2003,608000,Import Value
Australia,2003,62821000,Import Value
Austria,2003,9612000,Import Value
Azerbaijan,2003,9912000,Import Value
Bahamas,2003,260000,Import Value
Bahrain,2003,7166000,Import Value
Bangladesh,2003,706000,Import Value
Barbados,2003,987000,Import Value
Belarus,2003,19139000,Import Value
Belgium,2003,38463000,Import Value
Belize,2003,296000,Import Value
Benin,2003,99000,Import Value
Bhutan,2003,58000,Import Value
Bolivia,2003,317000,Import Value
Bosnia and Herzegovina,2003,131000,Import Value
Botswana,2003,2170000,Import Value
Brazil,2003,781000,Import Value
Brunei Darussalam,2003,1069000,Import Value
Bulgaria,2003,360000,Import Value
Burkina Faso,2003,520000,Import Value
Cabo Verde,2003,134000,Import Value
Cambodia,2003,51000,Import Value
Cameroon,2003,215000,Import Value
Canada,2003,88405000,Import Value
Central African Republic,2003,4000,Import Value
Chad,2003,216000,Import Value
Chile,2003,16162000,Import Value
"China, Hong Kong SAR",2003,29870000,Import Value
"China, Macao SAR",2003,1386000,Import Value
"China, Mainland",2003,4485000,Import Value
"China, Taiwan Province of",2003,18387000,Import Value
Colombia,2003,385000,Import Value
Comoros,2003,57000,Import Value
Congo (Brazzaville),2003,494000,Import Value
Cook Islands,2003,40000,Import Value
Costa Rica,2003,513000,Import Value
Croatia,2003,505000,Import Value
Cuba,2003,331000,Import Value
Cyprus,2003,1616000,Import Value
Czechia,2003,8194000,Import Value
Côte d'Ivoire,2003,3181000,Import Value
DR Congo,2003,1500000,Import Value
Denmark,2003,11943000,Import Value
Djibouti,2003,381000,Import Value
Dominica,2003,9000,Import Value
Dominican Republic,2003,146000,Import Value
Ecuador,2003,90000,Import Value
Egypt,2003,62026000,Import Value
El Salvador,2003,157000,Import Value
Eritrea,2003,759000,Import Value
Estonia,2003,3366000,Import Value
Eswatini,2003,2172000,Import Value
Ethiopia,2003,73000,Import Value
Faroe Islands,2003,326000,Import Value
Fiji,2003,1638000,Import Value
Finland,2003,11523000,Import Value
France,2003,99218000,Import Value
French Polynesia,2003,393000,Import Value
Gabon,2003,228000,Import Value
Gambia,2003,861000,Import Value
Georgia,2003,814000,Import Value
Germany,2003,119649000,Import Value
Ghana,2003,1590000,Import Value
Greece,2003,3928000,Import Value
Grenada,2003,67000,Import Value
Guatemala,2003,502000,Import Value
Guinea,2003,960000,Import Value
Guinea-Bissau,2003,74000,Import Value
Guyana,2003,634000,Import Value
Honduras,2003,403000,Import Value
Hungary,2003,6335000,Import Value
Iceland,2003,803000,Import Value
India,2003,13535000,Import Value
Indonesia,2003,3837000,Import Value
Iran,2003,2000,Import Value
Iraq,2003,17921000,Import Value
Ireland,2003,35491000,Import Value
Israel,2003,5794000,Import Value
Italy,2003,39151000,Import Value
Jamaica,2003,363000,Import Value
Japan,2003,160713000,Import Value
Jordan,2003,13411000,Import Value
Kazakhstan,2003,31228000,Import Value
Kenya,2003,7785000,Import Value
Kiribati,2003,80000,Import Value
Kuwait,2003,2581000,Import Value
Kyrgyzstan,2003,2492000,Import Value
Latvia,2003,8605000,Import Value
Lebanon,2003,8066000,Import Value
Lesotho,2003,1000,Import Value
Liberia,2003,103000,Import Value
Libya,2003,17439000,Import Value
Lithuania,2003,6305000,Import Value
Luxembourg,2003,1744000,Import Value
Madagascar,2003,109000,Import Value
Malawi,2003,486000,Import Value
Malaysia,2003,13488000,Import Value
Maldives,2003,649000,Import Value
Mali,2003,9857000,Import Value
Malta,2003,2412000,Import Value
Mauritania,2003,15917000,Import Value
Mauritius,2003,54000,Import Value
Mexico,2003,1671000,Import Value
Moldova,2003,1477000,Import Value
Mongolia,2003,1143000,Import Value
Morocco,2003,63762000,Import Value
Mozambique,2003,1885000,Import Value
Myanmar,2003,1664000,Import Value
Namibia,2003,2158000,Import Value
Nauru,2003,40000,Import Value
Nepal,2003,473000,Import Value
Netherlands,2003,56433000,Import Value
New Caledonia,2003,800000,Import Value
New Zealand,2003,12259000,Import Value
Nicaragua,2003,179000,Import Value
Niger,2003,3930000,Import Value
Nigeria,2003,9555000,Import Value
Niue,2003,6000,Import Value
North Macedonia,2003,1114000,Import Value
Norway,2003,14355000,Import Value
Oman,2003,22613000,Import Value
Pakistan,2003,174848000,Import Value
Palestine,2003,4164000,Import Value
Panama,2003,1132000,Import Value
Papua New Guinea,2003,62000,Import Value
Paraguay,2003,289000,Import Value
Peru,2003,1130000,Import Value
Philippines,2003,1984000,Import Value
Poland,2003,47402000,Import Value
Portugal,2003,2865000,Import Value
Qatar,2003,10179000,Import Value
Romania,2003,1549000,Import Value
Russia,2003,244834000,Import Value
Saint Kitts and Nevis,2003,80000,Import Value
Saint Lucia,2003,301000,Import Value
Saint Vincent and the Grenadines,2003,99000,Import Value
Samoa,2003,114000,Import Value
Sao Tome and Principe,2003,9000,Import Value
Saudi Arabia,2003,116533000,Import Value
Senegal,2003,8002000,Import Value
Seychelles,2003,82000,Import Value
Sierra Leone,2003,356000,Import Value
Singapore,2003,11558000,Import Value
Slovakia,2003,2218000,Import Value
Slovenia,2003,662000,Import Value
Solomon Islands,2003,130000,Import Value
Somalia,2003,4322000,Import Value
South Africa,2003,16044000,Import Value
South Korea,2003,1736000,Import Value
Spain,2003,12084000,Import Value
Sri Lanka,2003,10989000,Import Value
Sudan,2003,23091000,Import Value
Suriname,2003,451000,Import Value
Sweden,2003,25661000,Import Value
Switzerland,2003,18569000,Import Value
Syria,2003,53841000,Import Value
Tajikistan,2003,4837000,Import Value
Tanzania,2003,27000,Import Value
Thailand,2003,2358000,Import Value
Timor-Leste,2003,180000,Import Value
Togo,2003,150000,Import Value
Tonga,2003,62000,Import Value
Trinidad and Tobago,2003,2372000,Import Value
Tunisia,2003,11343000,Import Value
Turkmenistan,2003,2300000,Import Value
Tuvalu,2003,13000,Import Value
Türkiye,2003,3941000,Import Value
Uganda,2003,52000,Import Value
Ukraine,2003,39308000,Import Value
United Arab Emirates,2003,229751000,Import Value
United Kingdom,2003,271749000,Import Value
United States,2003,186789000,Import Value
Uruguay,2003,1194000,Import Value
Uzbekistan,2003,4200000,Import Value
Vanuatu,2003,77000,Import Value
Venezuela,2003,225000,Import Value
Yemen,2003,11705000,Import Value
Zambia,2003,1042000,Import Value
Zimbabwe,2003,174000,Import Value
Afghanistan,1999,59000000,Import Value
Albania,1999,219000,Import Value
Algeria,1999,8178000,Import Value
Angola,1999,30000,Import Value
Antigua and Barbuda,1999,11000,Import Value
Argentina,1999,2582000,Import Value
Armenia,1999,415000,Import Value
Australia,1999,52879000,Import Value
Austria,1999,11500000,Import Value
Azerbaijan,1999,5682000,Import Value
Bahamas,1999,120000,Import Value
Bahrain,1999,670000,Import Value
Bangladesh,1999,11000,Import Value
Barbados,1999,1145000,Import Value
Belarus,1999,9023000,Import Value
Belgium-Luxembourg,1999,27967000,Import Value
Belize,1999,20000,Import Value
Benin,1999,224000,Import Value
Bhutan,1999,255000,Import Value
Bolivia,1999,350000,Import Value
Bosnia and Herzegovina,1999,140000,Import Value
Botswana,1999,4094000,Import Value
Brazil,1999,2232000,Import Value
Brunei Darussalam,1999,900000,Import Value
Bulgaria,1999,800000,Import Value
Burkina Faso,1999,989000,Import Value
Burundi,1999,1000,Import Value
Cabo Verde,1999,86000,Import Value
Cambodia,1999,90000,Import Value
Cameroon,1999,117000,Import Value
Canada,1999,72472000,Import Value
Central African Republic,1999,25000,Import Value
Chad,1999,880000,Import Value
Chile,1999,18874000,Import Value
"China, Hong Kong SAR",1999,45561000,Import Value
"China, Macao SAR",1999,1344000,Import Value
"China, Mainland",1999,3487000,Import Value
"China, Taiwan Province of",1999,11900000,Import Value
Colombia,1999,562000,Import Value
Comoros,1999,4000,Import Value
Congo (Brazzaville),1999,30000,Import Value
Cook Islands,1999,50000,Import Value
Costa Rica,1999,1580000,Import Value
Croatia,1999,437000,Import Value
Cuba,1999,364000,Import Value
Cyprus,1999,1149000,Import Value
Czechia,1999,7603000,Import Value
Côte d'Ivoire,1999,2076000,Import Value
DR Congo,1999,1700000,Import Value
Denmark,1999,8537000,Import Value
Djibouti,1999,1000000,Import Value
Dominica,1999,40000,Import Value
Dominican Republic,1999,50000,Import Value
Ecuador,1999,18000,Import Value
Egypt,1999,98415000,Import Value
El Salvador,1999,513000,Import Value
Eritrea,1999,280000,Import Value
Estonia,1999,3292000,Import Value
Eswatini,1999,1773000,Import Value
Ethiopia,1999,816000,Import Value
Faroe Islands,1999,460000,Import Value
Fiji,1999,910000,Import Value
Finland,1999,10295000,Import Value
France,1999,82396000,Import Value
French Polynesia,1999,254000,Import Value
Gabon,1999,196000,Import Value
Gambia,1999,1047000,Import Value
Georgia,1999,380000,Import Value
Germany,1999,125049000,Import Value
Ghana,1999,1258000,Import Value
Greece,1999,1843000,Import Value
Grenada,1999,90000,Import Value
Guatemala,1999,798000,Import Value
Guinea,1999,772000,Import Value
Guinea-Bissau,1999,10000,Import Value
Guyana,1999,706000,Import Value
Haiti,1999,35000,Import Value
Honduras,1999,238000,Import Value
Hungary,1999,3304000,Import Value
Iceland,1999,731000,Import Value
India,1999,5933000,Import Value
Indonesia,1999,615000,Import Value
Iran,1999,49151000,Import Value
Iraq,1999,33000000,Import Value
Ireland,1999,24823000,Import Value
Israel,1999,7012000,Import Value
Italy,1999,33836000,Import Value
Jamaica,1999,758000,Import Value
Japan,1999,178556000,Import Value
Jordan,1999,14170000,Import Value
Kazakhstan,1999,27831000,Import Value
Kenya,1999,390000,Import Value
Kiribati,1999,180000,Import Value
Kuwait,1999,31856000,Import Value
Kyrgyzstan,1999,5661000,Import Value
Laos,1999,32000,Import Value
Latvia,1999,8027000,Import Value
Lebanon,1999,7403000,Import Value
Lesotho,1999,400000,Import Value
Liberia,1999,280000,Import Value
Libya,1999,15000000,Import Value
Lithuania,1999,6964000,Import Value
Madagascar,1999,31000,Import Value
Malawi,1999,50000,Import Value
Malaysia,1999,8600000,Import Value
Maldives,1999,511000,Import Value
Mali,1999,13454000,Import Value
Malta,1999,1866000,Import Value
Mauritania,1999,7230000,Import Value
Mauritius,1999,13000,Import Value
Mexico,1999,1727000,Import Value
Moldova,1999,444000,Import Value
Mongolia,1999,638000,Import Value
Morocco,1999,72504000,Import Value
Myanmar,1999,225000,Import Value
Namibia,1999,2951000,Import Value
Nepal,1999,1170000,Import Value
Netherlands,1999,45092000,Import Value
New Caledonia,1999,390000,Import Value
New Zealand,1999,13014000,Import Value
Nicaragua,1999,176000,Import Value
Niger,1999,4013000,Import Value
Nigeria,1999,6462000,Import Value
North Macedonia,1999,1560000,Import Value
Norway,1999,11933000,Import Value
Oman,1999,11030000,Import Value
Pakistan,1999,245296000,Import Value
Palestine,1999,1355000,Import Value
Panama,1999,1100000,Import Value
Papua New Guinea,1999,110000,Import Value
Paraguay,1999,220000,Import Value
Peru,1999,142000,Import Value
Philippines,1999,1310000,Import Value
Poland,1999,60192000,Import Value
Portugal,1999,2099000,Import Value
Qatar,1999,710000,Import Value
Romania,1999,1024000,Import Value
Russia,1999,283007000,Import Value
Rwanda,1999,44000,Import Value
Saint Kitts and Nevis,1999,90000,Import Value
Saint Lucia,1999,232000,Import Value
Saint Vincent and the Grenadines,1999,70000,Import Value
Samoa,1999,110000,Import Value
Saudi Arabia,1999,65000000,Import Value
Senegal,1999,11040000,Import Value
Seychelles,1999,125000,Import Value
Sierra Leone,1999,60000,Import Value
Singapore,1999,14385000,Import Value
Slovakia,1999,1912000,Import Value
Slovenia,1999,720000,Import Value
Solomon Islands,1999,3000,Import Value
Somalia,1999,2800000,Import Value
South Africa,1999,16214000,Import Value
South Korea,1999,1268000,Import Value
Spain,1999,6496000,Import Value
Sri Lanka,1999,3336000,Import Value
Sudan,1999,38691000,Import Value
Suriname,1999,970000,Import Value
Sweden,1999,25173000,Import Value
Switzerland,1999,15753000,Import Value
Syria,1999,45233000,Import Value
Tajikistan,1999,1073000,Import Value
Tanzania,1999,292000,Import Value
Thailand,1999,969000,Import Value
Timor-Leste,1999,170000,Import Value
Togo,1999,57000,Import Value
Tonga,1999,50000,Import Value
Trinidad and Tobago,1999,1061000,Import Value
Tunisia,1999,18322000,Import Value
Turkmenistan,1999,21051000,Import Value
Tuvalu,1999,5000,Import Value
Türkiye,1999,5007000,Import Value
Uganda,1999,13000,Import Value
Ukraine,1999,18300000,Import Value
United Arab Emirates,1999,152123000,Import Value
United Kingdom,1999,324688000,Import Value
United States,1999,164987000,Import Value
Uruguay,1999,1497000,Import Value
Uzbekistan,1999,7000000,Import Value
Vanuatu,1999,30000,Import Value
Venezuela,1999,951000,Import Value
Yemen,1999,10347000,Import Value
Zambia,1999,410000,Import Value
Zimbabwe,1999,336000,Import Value
Afghanistan,2000,87700000,Import Value
Albania,2000,201000,Import Value
Algeria,2000,14000000,Import Value
Angola,2000,1300000,Import Value
Antigua and Barbuda,2000,43000,Import Value
Argentina,2000,1662000,Import Value
Armenia,2000,425000,Import Value
Australia,2000,55371000,Import Value
Austria,2000,6947000,Import Value
Azerbaijan,2000,6000000,Import Value
Bahamas,2000,1113000,Import Value
Bahrain,2000,5399000,Import Value
Bangladesh,2000,102000,Import Value
Barbados,2000,460000,Import Value
Belarus,2000,10000000,Import Value
Belgium,2000,31537000,Import Value
Belize,2000,1509000,Import Value
Benin,2000,73000,Import Value
Bhutan,2000,271000,Import Value
Bolivia,2000,381000,Import Value
Bosnia and Herzegovina,2000,380000,Import Value
Botswana,2000,5004000,Import Value
Brazil,2000,1429000,Import Value
Brunei Darussalam,2000,1000000,Import Value
Bulgaria,2000,400000,Import Value
Burkina Faso,2000,619000,Import Value
Cabo Verde,2000,70000,Import Value
Cambodia,2000,102000,Import Value
Cameroon,2000,166000,Import Value
Canada,2000,73687000,Import Value
Central African Republic,2000,9000,Import Value
Chad,2000,640000,Import Value
Chile,2000,17306000,Import Value
"China, Hong Kong SAR",2000,44079000,Import Value
"China, Macao SAR",2000,1377000,Import Value
"China, Mainland",2000,4162000,Import Value
"China, Taiwan Province of",2000,13345000,Import Value
Colombia,2000,298000,Import Value
Comoros,2000,4000,Import Value
Congo (Brazzaville),2000,126000,Import Value
Cook Islands,2000,50000,Import Value
Costa Rica,2000,1410000,Import Value
Croatia,2000,278000,Import Value
Cuba,2000,433000,Import Value
Cyprus,2000,1301000,Import Value
Czechia,2000,7219000,Import Value
Côte d'Ivoire,2000,1276000,Import Value
DR Congo,2000,660000,Import Value
Denmark,2000,11437000,Import Value
Djibouti,2000,390000,Import Value
Dominica,2000,13000,Import Value
Dominican Republic,2000,60000,Import Value
Ecuador,2000,9000,Import Value
Egypt,2000,112689000,Import Value
El Salvador,2000,186000,Import Value
Eritrea,2000,510000,Import Value
Estonia,2000,2987000,Import Value
Eswatini,2000,1690000,Import Value
Ethiopia,2000,1043000,Import Value
Faroe Islands,2000,360000,Import Value
Fiji,2000,1503000,Import Value
Finland,2000,10485000,Import Value
France,2000,71617000,Import Value
French Polynesia,2000,290000,Import Value
Gabon,2000,129000,Import Value
Gambia,2000,1766000,Import Value
Georgia,2000,552000,Import Value
Germany,2000,98895000,Import Value
Ghana,2000,5284000,Import Value
Greece,2000,2148000,Import Value
Grenada,2000,90000,Import Value
Guatemala,2000,344000,Import Value
Guinea,2000,562000,Import Value
Guinea-Bissau,2000,270000,Import Value
Guyana,2000,575000,Import Value
Haiti,2000,1000,Import Value
Honduras,2000,289000,Import Value
Hungary,2000,4390000,Import Value
Iceland,2000,576000,Import Value
India,2000,9446000,Import Value
Indonesia,2000,3091000,Import Value
Iran,2000,53857000,Import Value
Iraq,2000,31500000,Import Value
Ireland,2000,26074000,Import Value
Israel,2000,6827000,Import Value
Italy,2000,32034000,Import Value
Jamaica,2000,850000,Import Value
Japan,2000,208045000,Import Value
Jordan,2000,16461000,Import Value
Kazakhstan,2000,21240000,Import Value
Kenya,2000,330000,Import Value
Kiribati,2000,160000,Import Value
Kuwait,2000,26135000,Import Value
Kyrgyzstan,2000,5242000,Import Value
Laos,2000,12000,Import Value
Latvia,2000,8657000,Import Value
Lebanon,2000,6154000,Import Value
Lesotho,2000,200000,Import Value
Liberia,2000,490000,Import Value
Libya,2000,25924000,Import Value
Lithuania,2000,6221000,Import Value
Luxembourg,2000,910000,Import Value
Madagascar,2000,15000,Import Value
Malawi,2000,16000,Import Value
Malaysia,2000,9890000,Import Value
Maldives,2000,607000,Import Value
Mali,2000,12166000,Import Value
Malta,2000,1715000,Import Value
Mauritania,2000,10000000,Import Value
Mauritius,2000,51000,Import Value
Mexico,2000,2798000,Import Value
Moldova,2000,579000,Import Value
Mongolia,2000,891000,Import Value
Morocco,2000,69687000,Import Value
Myanmar,2000,325000,Import Value
Namibia,2000,1987000,Import Value
Nepal,2000,1068000,Import Value
Netherlands,2000,45725000,Import Value
New Caledonia,2000,390000,Import Value
New Zealand,2000,11879000,Import Value
Nicaragua,2000,169000,Import Value
Niger,2000,3711000,Import Value
Nigeria,2000,7102000,Import Value
North Macedonia,2000,1266000,Import Value
Norway,2000,11216000,Import Value
Oman,2000,9563000,Import Value
Pakistan,2000,222171000,Import Value
Palestine,2000,364000,Import Value
Panama,2000,895000,Import Value
Papua New Guinea,2000,118000,Import Value
Paraguay,2000,223000,Import Value
Peru,2000,140000,Import Value
Philippines,2000,1054000,Import Value
Poland,2000,50568000,Import Value
Portugal,2000,1832000,Import Value
Qatar,2000,7279000,Import Value
Romania,2000,961000,Import Value
Russia,2000,225815000,Import Value
Saint Kitts and Nevis,2000,78000,Import Value
Saint Lucia,2000,302000,Import Value
Saint Vincent and the Grenadines,2000,16000,Import Value
Samoa,2000,30000,Import Value
Saudi Arabia,2000,129023000,Import Value
Senegal,2000,11509000,Import Value
Seychelles,2000,130000,Import Value
Sierra Leone,2000,55000,Import Value
Singapore,2000,17287000,Import Value
Slovakia,2000,1854000,Import Value
Slovenia,2000,1854000,Import Value
Solomon Islands,2000,4000,Import Value
Somalia,2000,2600000,Import Value
South Africa,2000,17243000,Import Value
South Korea,2000,1746000,Import Value
Spain,2000,6400000,Import Value
Sri Lanka,2000,6818000,Import Value
Sudan,2000,29035000,Import Value
Suriname,2000,710000,Import Value
Sweden,2000,26336000,Import Value
Switzerland,2000,14517000,Import Value
Syria,2000,36485000,Import Value
Tajikistan,2000,751000,Import Value
Tanzania,2000,61000,Import Value
Thailand,2000,1171000,Import Value
Timor-Leste,2000,175000,Import Value
Togo,2000,48000,Import Value
Tonga,2000,38000,Import Value
Trinidad and Tobago,2000,1166000,Import Value
Tunisia,2000,18315000,Import Value
Turkmenistan,2000,10964000,Import Value
Tuvalu,2000,6000,Import Value
Türkiye,2000,7934000,Import Value
Uganda,2000,7000,Import Value
Ukraine,2000,22000000,Import Value
United Arab Emirates,2000,147382000,Import Value
United Kingdom,2000,314603000,Import Value
United States,2000,162002000,Import Value
Uruguay,2000,1416000,Import Value
Uzbekistan,2000,11080000,Import Value
Vanuatu,2000,40000,Import Value
Venezuela,2000,590000,Import Value
Yemen,2000,8366000,Import Value
Zambia,2000,326000,Import Value
Zimbabwe,2000,97000,Import Value
Afghanistan,2001,45300000,Import Value
Albania,2001,150000,Import Value
Algeria,2001,11481000,Import Value
Angola,2001,600000,Import Value
Antigua and Barbuda,2001,35000,Import Value
Argentina,2001,1519000,Import Value
Armenia,2001,521000,Import Value
Australia,2001,48830000,Import Value
Austria,2001,8270000,Import Value
Azerbaijan,2001,22091000,Import Value
Bahamas,2001,1127000,Import Value
Bahrain,2001,5462000,Import Value
Bangladesh,2001,37000,Import Value
Barbados,2001,1268000,Import Value
Belarus,2001,4171000,Import Value
Belgium,2001,27838000,Import Value
Belize,2001,12000,Import Value
Benin,2001,147000,Import Value
Bhutan,2001,271000,Import Value
Bolivia,2001,502000,Import Value
Bosnia and Herzegovina,2001,130000,Import Value
Botswana,2001,5424000,Import Value
Brazil,2001,1131000,Import Value
Brunei Darussalam,2001,1000000,Import Value
Bulgaria,2001,221000,Import Value
Burkina Faso,2001,426000,Import Value
Burundi,2001,1000,Import Value
Cabo Verde,2001,71000,Import Value
Cambodia,2001,36000,Import Value
Cameroon,2001,112000,Import Value
Canada,2001,74646000,Import Value
Central African Republic,2001,4000,Import Value
Chad,2001,650000,Import Value
Chile,2001,17275000,Import Value
"China, Hong Kong SAR",2001,41925000,Import Value
"China, Macao SAR",2001,1383000,Import Value
"China, Mainland",2001,2937000,Import Value
"China, Taiwan Province of",2001,17923000,Import Value
Colombia,2001,392000,Import Value
Comoros,2001,7000,Import Value
Congo (Brazzaville),2001,260000,Import Value
Cook Islands,2001,42000,Import Value
Costa Rica,2001,1085000,Import Value
Croatia,2001,305000,Import Value
Cuba,2001,316000,Import Value
Cyprus,2001,1203000,Import Value
Czechia,2001,8409000,Import Value
Côte d'Ivoire,2001,2258000,Import Value
DR Congo,2001,1400000,Import Value
Denmark,2001,12034000,Import Value
Djibouti,2001,79000,Import Value
Dominica,2001,9000,Import Value
Dominican Republic,2001,507000,Import Value
Ecuador,2001,31000,Import Value
Egypt,2001,99823000,Import Value
El Salvador,2001,241000,Import Value
Eritrea,2001,1500000,Import Value
Estonia,2001,3203000,Import Value
Eswatini,2001,1324000,Import Value
Ethiopia,2001,128000,Import Value
Faroe Islands,2001,320000,Import Value
Fiji,2001,1425000,Import Value
Finland,2001,11345000,Import Value
France,2001,74454000,Import Value
French Polynesia,2001,248000,Import Value
Gabon,2001,238000,Import Value
Gambia,2001,649000,Import Value
Georgia,2001,544000,Import Value
Germany,2001,97237000,Import Value
Ghana,2001,5731000,Import Value
Greece,2001,2590000,Import Value
Grenada,2001,90000,Import Value
Guatemala,2001,242000,Import Value
Guinea,2001,473000,Import Value
Guyana,2001,517000,Import Value
Honduras,2001,351000,Import Value
Hungary,2001,5027000,Import Value
Iceland,2001,622000,Import Value
India,2001,14722000,Import Value
Indonesia,2001,3497000,Import Value
Iran,2001,50060000,Import Value
Iraq,2001,50000000,Import Value
Ireland,2001,24213000,Import Value
Israel,2001,7090000,Import Value
Italy,2001,30863000,Import Value
Jamaica,2001,1124000,Import Value
Japan,2001,208686000,Import Value
Jordan,2001,15568000,Import Value
Kazakhstan,2001,25134000,Import Value
Kenya,2001,4661000,Import Value
Kiribati,2001,130000,Import Value
Kuwait,2001,25508000,Import Value
Kyrgyzstan,2001,5195000,Import Value
Laos,2001,20000,Import Value
Latvia,2001,7111000,Import Value
Lebanon,2001,9031000,Import Value
Lesotho,2001,100000,Import Value
Liberia,2001,500000,Import Value
Libya,2001,40550000,Import Value
Lithuania,2001,6656000,Import Value
Luxembourg,2001,1145000,Import Value
Madagascar,2001,37000,Import Value
Malawi,2001,25000,Import Value
Malaysia,2001,11179000,Import Value
Maldives,2001,544000,Import Value
Mali,2001,10402000,Import Value
Malta,2001,2510000,Import Value
Mauritania,2001,8000000,Import Value
Mauritius,2001,40000,Import Value
Mexico,2001,2697000,Import Value
Moldova,2001,844000,Import Value
Mongolia,2001,1092000,Import Value
Morocco,2001,59395000,Import Value
Myanmar,2001,650000,Import Value
Namibia,2001,1921000,Import Value
Nepal,2001,1329000,Import Value
Netherlands,2001,50811000,Import Value
New Caledonia,2001,587000,Import Value
New Zealand,2001,10748000,Import Value
Nicaragua,2001,174000,Import Value
Niger,2001,2051000,Import Value
Nigeria,2001,4000000,Import Value
North Macedonia,2001,826000,Import Value
Norway,2001,10864000,Import Value
Oman,2001,10407000,Import Value
Pakistan,2001,178791000,Import Value
Palestine,2001,5248000,Import Value
Panama,2001,850000,Import Value
Papua New Guinea,2001,161000,Import Value
Paraguay,2001,282000,Import Value
Peru,2001,1451000,Import Value
Philippines,2001,1636000,Import Value
Poland,2001,53636000,Import Value
Portugal,2001,1683000,Import Value
Qatar,2001,8090000,Import Value
Romania,2001,689000,Import Value
Russia,2001,205005000,Import Value
Rwanda,2001,1000,Import Value
Saint Kitts and Nevis,2001,58000,Import Value
Saint Lucia,2001,237000,Import Value
Saint Vincent and the Grenadines,2001,59000,Import Value
Samoa,2001,60000,Import Value
Saudi Arabia,2001,114490000,Import Value
Senegal,2001,10806000,Import Value
Seychelles,2001,110000,Import Value
Sierra Leone,2001,55000,Import Value
Singapore,2001,16980000,Import Value
Slovakia,2001,1679000,Import Value
Slovenia,2001,353000,Import Value
Solomon Islands,2001,6000,Import Value
Somalia,2001,2015000,Import Value
South Africa,2001,15922000,Import Value
South Korea,2001,1542000,Import Value
Spain,2001,9119000,Import Value
Sri Lanka,2001,7275000,Import Value
Sudan,2001,44013000,Import Value
Suriname,2001,600000,Import Value
Sweden,2001,23626000,Import Value
Switzerland,2001,14334000,Import Value
Syria,2001,39677000,Import Value
Tajikistan,2001,1097000,Import Value
Tanzania,2001,20000,Import Value
Thailand,2001,1401000,Import Value
Timor-Leste,2001,175000,Import Value
Togo,2001,50000,Import Value
Tonga,2001,46000,Import Value
Trinidad and Tobago,2001,1108000,Import Value
Tunisia,2001,19806000,Import Value
Turkmenistan,2001,4319000,Import Value
Tuvalu,2001,3000,Import Value
Türkiye,2001,8375000,Import Value
Uganda,2001,13000,Import Value
Ukraine,2001,30989000,Import Value
United Arab Emirates,2001,102000000,Import Value
United Kingdom,2001,289677000,Import Value
United States,2001,172676000,Import Value
Uruguay,2001,1544000,Import Value
Uzbekistan,2001,12000000,Import Value
Vanuatu,2001,30000,Import Value
Venezuela,2001,779000,Import Value
Yemen,2001,10160000,Import Value
Zambia,2001,583000,Import Value
Zimbabwe,2001,182000,Import Value
Afghanistan,1998,102000000,Import Value
Albania,1998,214000,Import Value
Algeria,1998,19638000,Import Value
Angola,1998,90000,Import Value
Antigua and Barbuda,1998,3000,Import Value
Argentina,1998,2301000,Import Value
Armenia,1998,167000,Import Value
Australia,1998,53269000,Import Value
Austria,1998,9719000,Import Value
Azerbaijan,1998,12000000,Import Value
Bahamas,1998,600000,Import Value
Bahrain,1998,1100000,Import Value
Bangladesh,1998,2000,Import Value
Barbados,1998,277000,Import Value
Belarus,1998,11839000,Import Value
Belgium-Luxembourg,1998,29959000,Import Value
Belize,1998,250000,Import Value
Benin,1998,207000,Import Value
Bhutan,1998,196000,Import Value
Bolivia,1998,623000,Import Value
Bosnia and Herzegovina,1998,400000,Import Value
Botswana,1998,5147000,Import Value
Brazil,1998,2088000,Import Value
Brunei Darussalam,1998,1026000,Import Value
Bulgaria,1998,226000,Import Value
Burkina Faso,1998,288000,Import Value
Burundi,1998,1000,Import Value
Cabo Verde,1998,71000,Import Value
Cambodia,1998,54000,Import Value
Cameroon,1998,76000,Import Value
Canada,1998,69647000,Import Value
Central African Republic,1998,6000,Import Value
Chad,1998,880000,Import Value
Chile,1998,21408000,Import Value
"China, Hong Kong SAR",1998,48530000,Import Value
"China, Macao SAR",1998,1103000,Import Value
"China, Mainland",1998,2456000,Import Value
"China, Taiwan Province of",1998,10320000,Import Value
Colombia,1998,564000,Import Value
Comoros,1998,1000,Import Value
Congo (Brazzaville),1998,200000,Import Value
Cook Islands,1998,33000,Import Value
Costa Rica,1998,2158000,Import Value
Croatia,1998,204000,Import Value
Cuba,1998,600000,Import Value
Cyprus,1998,1409000,Import Value
Czechia,1998,8517000,Import Value
Côte d'Ivoire,1998,1374000,Import Value
DR Congo,1998,120000,Import Value
Denmark,1998,10618000,Import Value
Djibouti,1998,992000,Import Value
Dominica,1998,30000,Import Value
Dominican Republic,1998,30000,Import Value
Ecuador,1998,12000,Import Value
Egypt,1998,99635000,Import Value
El Salvador,1998,326000,Import Value
Eritrea,1998,1000000,Import Value
Estonia,1998,5668000,Import Value
Eswatini,1998,1612000,Import Value
Ethiopia,1998,181000,Import Value
Faroe Islands,1998,438000,Import Value
Fiji,1998,1125000,Import Value
Finland,1998,10565000,Import Value
France,1998,75383000,Import Value
French Polynesia,1998,330000,Import Value
Gabon,1998,124000,Import Value
Gambia,1998,6500000,Import Value
Germany,1998,129381000,Import Value
Ghana,1998,2028000,Import Value
Greece,1998,2146000,Import Value
Grenada,1998,125000,Import Value
Guatemala,1998,768000,Import Value
Guinea,1998,503000,Import Value
Guyana,1998,376000,Import Value
Honduras,1998,200000,Import Value
Hungary,1998,6281000,Import Value
Iceland,1998,915000,Import Value
India,1998,15559000,Import Value
Indonesia,1998,4358000,Import Value
Iran,1998,29411000,Import Value
Iraq,1998,42759000,Import Value
Ireland,1998,27687000,Import Value
Israel,1998,6961000,Import Value
Italy,1998,33282000,Import Value
Jamaica,1998,600000,Import Value
Japan,1998,180640000,Import Value
Jordan,1998,17242000,Import Value
Kazakhstan,1998,27430000,Import Value
Kenya,1998,25000,Import Value
Kiribati,1998,180000,Import Value
Kuwait,1998,30630000,Import Value
Kyrgyzstan,1998,8354000,Import Value
Laos,1998,42000,Import Value
Latvia,1998,7670000,Import Value
Lebanon,1998,9906000,Import Value
Lesotho,1998,600000,Import Value
Liberia,1998,2000000,Import Value
Libya,1998,50000000,Import Value
Lithuania,1998,8470000,Import Value
Madagascar,1998,19000,Import Value
Malawi,1998,66000,Import Value
Malaysia,1998,8660000,Import Value
Maldives,1998,548000,Import Value
Mali,1998,19779000,Import Value
Malta,1998,2700000,Import Value
Mauritania,1998,2070000,Import Value
Mauritius,1998,69000,Import Value
Mexico,1998,1543000,Import Value
Moldova,1998,230000,Import Value
Mongolia,1998,922000,Import Value
Morocco,1998,78077000,Import Value
Myanmar,1998,110000,Import Value
Namibia,1998,2821000,Import Value
Nepal,1998,911000,Import Value
Netherlands,1998,58015000,Import Value
New Caledonia,1998,566000,Import Value
New Zealand,1998,12673000,Import Value
Nicaragua,1998,159000,Import Value
Niger,1998,3600000,Import Value
Nigeria,1998,6900000,Import Value
North Macedonia,1998,1300000,Import Value
Norway,1998,11624000,Import Value
Oman,1998,13290000,Import Value
Pakistan,1998,244278000,Import Value
Palestine,1998,6744000,Import Value
Panama,1998,895000,Import Value
Papua New Guinea,1998,260000,Import Value
Paraguay,1998,303000,Import Value
Peru,1998,182000,Import Value
Philippines,1998,933000,Import Value
Poland,1998,86785000,Import Value
Portugal,1998,1733000,Import Value
Qatar,1998,6979000,Import Value
Romania,1998,1437000,Import Value
Russia,1998,311627000,Import Value
Saint Kitts and Nevis,1998,180000,Import Value
Saint Lucia,1998,341000,Import Value
Saint Vincent and the Grenadines,1998,80000,Import Value
Samoa,1998,130000,Import Value
Saudi Arabia,1998,60736000,Import Value
Senegal,1998,9802000,Import Value
Seychelles,1998,125000,Import Value
Sierra Leone,1998,110000,Import Value
Singapore,1998,15051000,Import Value
Slovakia,1998,2245000,Import Value
Slovenia,1998,267000,Import Value
Solomon Islands,1998,6000,Import Value
Somalia,1998,3300000,Import Value
South Africa,1998,19051000,Import Value
South Korea,1998,779000,Import Value
Spain,1998,6427000,Import Value
Sri Lanka,1998,9846000,Import Value
Sudan,1998,36441000,Import Value
Suriname,1998,610000,Import Value
Sweden,1998,26015000,Import Value
Switzerland,1998,17100000,Import Value
Syria,1998,34542000,Import Value
Tajikistan,1998,2190000,Import Value
Tanzania,1998,54000,Import Value
Thailand,1998,1064000,Import Value
Timor-Leste,1998,170000,Import Value
Togo,1998,67000,Import Value
Tonga,1998,66000,Import Value
Trinidad and Tobago,1998,551000,Import Value
Tunisia,1998,21910000,Import Value
Turkmenistan,1998,3690000,Import Value
Tuvalu,1998,4000,Import Value
Türkiye,1998,4935000,Import Value
Uganda,1998,55000,Import Value
Ukraine,1998,15560000,Import Value
United Arab Emirates,1998,210000000,Import Value
United Kingdom,1998,365438000,Import Value
United States,1998,182012000,Import Value
Uruguay,1998,1686000,Import Value
Uzbekistan,1998,8000000,Import Value
Vanuatu,1998,40000,Import Value
Venezuela,1998,983000,Import Value
Yemen,1998,11965000,Import Value
Zambia,1998,130000,Import Value
Zimbabwe,1998,288000,Import Value
Afghanistan,1996,30000000,Import Value
Albania,1996,59000,Import Value
Algeria,1996,21546000,Import Value
Angola,1996,100000,Import Value
Antigua and Barbuda,1996,120000,Import Value
Argentina,1996,1705000,Import Value
Armenia,1996,119000,Import Value
Australia,1996,47401000,Import Value
Austria,1996,9600000,Import Value
Azerbaijan,1996,12612000,Import Value
Bahamas,1996,200000,Import Value
Bahrain,1996,6500000,Import Value
Bangladesh,1996,5000,Import Value
Barbados,1996,840000,Import Value
Belarus,1996,2363000,Import Value
Belgium-Luxembourg,1996,22285000,Import Value
Belize,1996,153000,Import Value
Benin,1996,109000,Import Value
Bhutan,1996,200000,Import Value
Bolivia,1996,610000,Import Value
Bosnia and Herzegovina,1996,530000,Import Value
Botswana,1996,5026000,Import Value
Brazil,1996,1402000,Import Value
Brunei Darussalam,1996,1000000,Import Value
Bulgaria,1996,331000,Import Value
Burkina Faso,1996,826000,Import Value
Cabo Verde,1996,47000,Import Value
Cambodia,1996,118000,Import Value
Cameroon,1996,87000,Import Value
Canada,1996,62556000,Import Value
Chad,1996,4090000,Import Value
Chile,1996,18403000,Import Value
"China, Hong Kong SAR",1996,57940000,Import Value
"China, Macao SAR",1996,1468000,Import Value
"China, Mainland",1996,1371000,Import Value
"China, Taiwan Province of",1996,9573000,Import Value
Colombia,1996,622000,Import Value
Comoros,1996,20000,Import Value
Congo (Brazzaville),1996,30000,Import Value
Cook Islands,1996,40000,Import Value
Costa Rica,1996,231000,Import Value
Croatia,1996,774000,Import Value
Cuba,1996,600000,Import Value
Cyprus,1996,1495000,Import Value
Czechia,1996,6976000,Import Value
Côte d'Ivoire,1996,1515000,Import Value
DR Congo,1996,10000,Import Value
Denmark,1996,10124000,Import Value
Djibouti,1996,540000,Import Value
Dominica,1996,31000,Import Value
Dominican Republic,1996,60000,Import Value
Ecuador,1996,15000,Import Value
Egypt,1996,86707000,Import Value
El Salvador,1996,189000,Import Value
Eritrea,1996,300000,Import Value
Estonia,1996,4209000,Import Value
Eswatini,1996,2100000,Import Value
Ethiopia,1996,4000,Import Value
Faroe Islands,1996,450000,Import Value
Fiji,1996,1387000,Import Value
Finland,1996,12921000,Import Value
France,1996,63718000,Import Value
French Polynesia,1996,890000,Import Value
Gabon,1996,236000,Import Value
Gambia,1996,685000,Import Value
Georgia,1996,151000,Import Value
Germany,1996,159106000,Import Value
Ghana,1996,915000,Import Value
Greece,1996,3536000,Import Value
Grenada,1996,63000,Import Value
Guatemala,1996,172000,Import Value
Guinea,1996,611000,Import Value
Guyana,1996,250000,Import Value
Honduras,1996,109000,Import Value
Hungary,1996,5142000,Import Value
Iceland,1996,617000,Import Value
India,1996,1738000,Import Value
Indonesia,1996,329000,Import Value
Iran,1996,68000000,Import Value
Iraq,1996,20000000,Import Value
Ireland,1996,25032000,Import Value
Israel,1996,5895000,Import Value
Italy,1996,28933000,Import Value
Jamaica,1996,1148000,Import Value
Japan,1996,200843000,Import Value
Jordan,1996,14000000,Import Value
Kazakhstan,1996,26106000,Import Value
Kenya,1996,26000,Import Value
Kiribati,1996,324000,Import Value
Kuwait,1996,24051000,Import Value
Kyrgyzstan,1996,1549000,Import Value
Laos,1996,165000,Import Value
Latvia,1996,2298000,Import Value
Lebanon,1996,7700000,Import Value
Lesotho,1996,838000,Import Value
Liberia,1996,4800000,Import Value
Libya,1996,18000000,Import Value
Lithuania,1996,4806000,Import Value
Madagascar,1996,41000,Import Value
Malawi,1996,1000,Import Value
Malaysia,1996,11984000,Import Value
Maldives,1996,522000,Import Value
Mali,1996,17491000,Import Value
Malta,1996,2184000,Import Value
Mauritania,1996,3500000,Import Value
Mauritius,1996,39000,Import Value
Mexico,1996,2329000,Import Value
Moldova,1996,335000,Import Value
Mongolia,1996,546000,Import Value
Morocco,1996,57462000,Import Value
Myanmar,1996,190000,Import Value
Nepal,1996,951000,Import Value
Netherlands,1996,44255000,Import Value
New Caledonia,1996,759000,Import Value
New Zealand,1996,12357000,Import Value
Nicaragua,1996,96000,Import Value
Niger,1996,2350000,Import Value
Nigeria,1996,6200000,Import Value
North Macedonia,1996,1032000,Import Value
Norway,1996,12219000,Import Value
Oman,1996,10110000,Import Value
Pakistan,1996,171201000,Import Value
Palestine,1996,6288000,Import Value
Panama,1996,1266000,Import Value
Papua New Guinea,1996,282000,Import Value
Paraguay,1996,270000,Import Value
Peru,1996,90000,Import Value
Philippines,1996,1064000,Import Value
Poland,1996,69831000,Import Value
Portugal,1996,1708000,Import Value
Qatar,1996,6979000,Import Value
Romania,1996,662000,Import Value
Russia,1996,202931000,Import Value
Rwanda,1996,5000,Import Value
Saint Kitts and Nevis,1996,50000,Import Value
Saint Lucia,1996,133000,Import Value
Saint Vincent and the Grenadines,1996,20000,Import Value
Samoa,1996,90000,Import Value
Saudi Arabia,1996,62216000,Import Value
Senegal,1996,11661000,Import Value
Seychelles,1996,118000,Import Value
Sierra Leone,1996,180000,Import Value
Singapore,1996,17209000,Import Value
Slovakia,1996,2288000,Import Value
Slovenia,1996,425000,Import Value
Solomon Islands,1996,83000,Import Value
Somalia,1996,4500000,Import Value
South Africa,1996,16392000,Import Value
South Korea,1996,1255000,Import Value
Spain,1996,5761000,Import Value
Sri Lanka,1996,5746000,Import Value
Sudan,1996,33350000,Import Value
Suriname,1996,1279000,Import Value
Sweden,1996,22817000,Import Value
Switzerland,1996,11351000,Import Value
Syria,1996,40587000,Import Value
Tajikistan,1996,523000,Import Value
Tanzania,1996,160000,Import Value
Thailand,1996,1742000,Import Value
Timor-Leste,1996,165000,Import Value
Togo,1996,55000,Import Value
Tonga,1996,60000,Import Value
Trinidad and Tobago,1996,806000,Import Value
Tunisia,1996,17015000,Import Value
Turkmenistan,1996,16963000,Import Value
Tuvalu,1996,7000,Import Value
Türkiye,1996,4362000,Import Value
Uganda,1996,3000,Import Value
Ukraine,1996,14300000,Import Value
United Arab Emirates,1996,92353000,Import Value
United Kingdom,1996,317940000,Import Value
United States,1996,145446000,Import Value
Uruguay,1996,1605000,Import Value
Uzbekistan,1996,10000000,Import Value
Vanuatu,1996,130000,Import Value
Venezuela,1996,492000,Import Value
Yemen,1996,25724000,Import Value
Zambia,1996,130000,Import Value
Zimbabwe,1996,106000,Import Value
Afghanistan,1997,55000000,Import Value
Albania,1997,190000,Import Value
Algeria,1997,8220000,Import Value
Angola,1997,80000,Import Value
Antigua and Barbuda,1997,28000,Import Value
Argentina,1997,1585000,Import Value
Armenia,1997,167000,Import Value
Australia,1997,47978000,Import Value
Austria,1997,8300000,Import Value
Azerbaijan,1997,8925000,Import Value
Bahamas,1997,956000,Import Value
Bahrain,1997,5130000,Import Value
Bangladesh,1997,3000,Import Value
Barbados,1997,1410000,Import Value
Belarus,1997,4090000,Import Value
Belgium-Luxembourg,1997,23544000,Import Value
Belize,1997,201000,Import Value
Benin,1997,121000,Import Value
Bhutan,1997,196000,Import Value
Bolivia,1997,818000,Import Value
Bosnia and Herzegovina,1997,300000,Import Value
Botswana,1997,5647000,Import Value
Brazil,1997,1867000,Import Value
Brunei Darussalam,1997,1137000,Import Value
Bulgaria,1997,102000,Import Value
Burkina Faso,1997,437000,Import Value
Cabo Verde,1997,59000,Import Value
Cambodia,1997,140000,Import Value
Cameroon,1997,74000,Import Value
Canada,1997,68839000,Import Value
Chad,1997,880000,Import Value
Chile,1997,18937000,Import Value
"China, Hong Kong SAR",1997,50225000,Import Value
"China, Macao SAR",1997,1599000,Import Value
"China, Mainland",1997,1102000,Import Value
"China, Taiwan Province of",1997,9897000,Import Value
Colombia,1997,469000,Import Value
Comoros,1997,7000,Import Value
Congo (Brazzaville),1997,30000,Import Value
Cook Islands,1997,55000,Import Value
Costa Rica,1997,1851000,Import Value
Croatia,1997,455000,Import Value
Cuba,1997,600000,Import Value
Cyprus,1997,1644000,Import Value
Czechia,1997,6825000,Import Value
Côte d'Ivoire,1997,1511000,Import Value
DR Congo,1997,20000,Import Value
Denmark,1997,13009000,Import Value
Djibouti,1997,1647000,Import Value
Dominica,1997,30000,Import Value
Dominican Republic,1997,100000,Import Value
Ecuador,1997,79000,Import Value
Egypt,1997,104039000,Import Value
El Salvador,1997,231000,Import Value
Eritrea,1997,200000,Import Value
Estonia,1997,4162000,Import Value
Eswatini,1997,1671000,Import Value
Ethiopia,1997,80000,Import Value
Faroe Islands,1997,408000,Import Value
Fiji,1997,1745000,Import Value
Finland,1997,13027000,Import Value
France,1997,70083000,Import Value
French Polynesia,1997,263000,Import Value
Gabon,1997,118000,Import Value
Gambia,1997,7000000,Import Value
Georgia,1997,121000,Import Value
Germany,1997,119542000,Import Value
Ghana,1997,1072000,Import Value
Greece,1997,2799000,Import Value
Grenada,1997,57000,Import Value
Guatemala,1997,321000,Import Value
Guinea,1997,569000,Import Value
Guyana,1997,351000,Import Value
Honduras,1997,119000,Import Value
Hungary,1997,4837000,Import Value
Iceland,1997,651000,Import Value
India,1997,4803000,Import Value
Indonesia,1997,2870000,Import Value
Iran,1997,27576000,Import Value
Iraq,1997,25000000,Import Value
Ireland,1997,28182000,Import Value
Israel,1997,6733000,Import Value
Italy,1997,29869000,Import Value
Jamaica,1997,1125000,Import Value
Japan,1997,195668000,Import Value
Jordan,1997,18600000,Import Value
Kazakhstan,1997,16743000,Import Value
Kenya,1997,339000,Import Value
Kiribati,1997,243000,Import Value
Kuwait,1997,29271000,Import Value
Kyrgyzstan,1997,4683000,Import Value
Laos,1997,19000,Import Value
Latvia,1997,3338000,Import Value
Lebanon,1997,7367000,Import Value
Lesotho,1997,800000,Import Value
Liberia,1997,160000,Import Value
Libya,1997,40000000,Import Value
Lithuania,1997,5715000,Import Value
Madagascar,1997,18000,Import Value
Malawi,1997,13000,Import Value
Malaysia,1997,15000000,Import Value
Maldives,1997,487000,Import Value
Mali,1997,11589000,Import Value
Malta,1997,2165000,Import Value
Mauritania,1997,1600000,Import Value
Mauritius,1997,44000,Import Value
Mexico,1997,1462000,Import Value
Moldova,1997,396000,Import Value
Mongolia,1997,639000,Import Value
Morocco,1997,68755000,Import Value
Myanmar,1997,190000,Import Value
Namibia,1997,3635000,Import Value
Nepal,1997,1526000,Import Value
Netherlands,1997,51424000,Import Value
New Caledonia,1997,788000,Import Value
New Zealand,1997,13920000,Import Value
Nicaragua,1997,84000,Import Value
Niger,1997,3290000,Import Value
Nigeria,1997,4700000,Import Value
North Macedonia,1997,1300000,Import Value
Norway,1997,12762000,Import Value
Oman,1997,12036000,Import Value
Pakistan,1997,135675000,Import Value
Palestine,1997,7363000,Import Value
Panama,1997,904000,Import Value
Papua New Guinea,1997,330000,Import Value
Paraguay,1997,287000,Import Value
Philippines,1997,2135000,Import Value
Poland,1997,75204000,Import Value
Portugal,1997,1835000,Import Value
Qatar,1997,6979000,Import Value
Romania,1997,449000,Import Value
Russia,1997,281156000,Import Value
Rwanda,1997,2000,Import Value
Saint Kitts and Nevis,1997,55000,Import Value
Saint Lucia,1997,182000,Import Value
Saint Vincent and the Grenadines,1997,71000,Import Value
Samoa,1997,150000,Import Value
Saudi Arabia,1997,55340000,Import Value
Senegal,1997,7621000,Import Value
Seychelles,1997,156000,Import Value
Sierra Leone,1997,110000,Import Value
Singapore,1997,16220000,Import Value
Slovakia,1997,1863000,Import Value
Slovenia,1997,328000,Import Value
Solomon Islands,1997,6000,Import Value
Somalia,1997,3200000,Import Value
South Africa,1997,22660000,Import Value
South Korea,1997,1014000,Import Value
Spain,1997,5394000,Import Value
Sri Lanka,1997,8035000,Import Value
Sudan,1997,32888000,Import Value
Suriname,1997,901000,Import Value
Sweden,1997,24810000,Import Value
Switzerland,1997,13779000,Import Value
Syria,1997,34070000,Import Value
Tajikistan,1997,1432000,Import Value
Tanzania,1997,102000,Import Value
Thailand,1997,1088000,Import Value
Timor-Leste,1997,170000,Import Value
Togo,1997,49000,Import Value
Tonga,1997,59000,Import Value
Trinidad and Tobago,1997,730000,Import Value
Tunisia,1997,21106000,Import Value
Turkmenistan,1997,1300000,Import Value
Türkiye,1997,4280000,Import Value
Uganda,1997,13000,Import Value
Ukraine,1997,16195000,Import Value
United Arab Emirates,1997,95000000,Import Value
United Kingdom,1997,352649000,Import Value
United States,1997,147452000,Import Value
Uruguay,1997,1688000,Import Value
Uzbekistan,1997,17000000,Import Value
Vanuatu,1997,35000,Import Value
Venezuela,1997,544000,Import Value
Yemen,1997,10233000,Import Value
Zambia,1997,263000,Import Value
Zimbabwe,1997,147000,Import Value
Afghanistan,1995,45000000,Import Value
Algeria,1995,10744000,Import Value
Angola,1995,260000,Import Value
Antigua and Barbuda,1995,110000,Import Value
Argentina,1995,1293000,Import Value
Armenia,1995,1398000,Import Value
Australia,1995,42428000,Import Value
Austria,1995,9882000,Import Value
Azerbaijan,1995,3407000,Import Value
Bahamas,1995,350000,Import Value
Bahrain,1995,6500000,Import Value
Bangladesh,1995,68000,Import Value
Barbados,1995,1011000,Import Value
Belarus,1995,4751000,Import Value
Belgium-Luxembourg,1995,20884000,Import Value
Belize,1995,156000,Import Value
Benin,1995,59000,Import Value
Bhutan,1995,220000,Import Value
Bolivia,1995,249000,Import Value
Bosnia and Herzegovina,1995,380000,Import Value
Botswana,1995,4713000,Import Value
Brazil,1995,876000,Import Value
Brunei Darussalam,1995,960000,Import Value
Bulgaria,1995,483000,Import Value
Burkina Faso,1995,481000,Import Value
Cabo Verde,1995,42000,Import Value
Cameroon,1995,83000,Import Value
Canada,1995,58289000,Import Value
Central African Republic,1995,1000,Import Value
Chad,1995,880000,Import Value
Chile,1995,17511000,Import Value
"China, Hong Kong SAR",1995,58660000,Import Value
"China, Macao SAR",1995,1413000,Import Value
"China, Mainland",1995,1809000,Import Value
"China, Taiwan Province of",1995,9509000,Import Value
Colombia,1995,423000,Import Value
Comoros,1995,5000,Import Value
Congo (Brazzaville),1995,73000,Import Value
Cook Islands,1995,25000,Import Value
Costa Rica,1995,1430000,Import Value
Croatia,1995,1080000,Import Value
Cuba,1995,600000,Import Value
Cyprus,1995,1232000,Import Value
Czechia,1995,6920000,Import Value
Côte d'Ivoire,1995,1473000,Import Value
DR Congo,1995,18000,Import Value
Denmark,1995,10903000,Import Value
Djibouti,1995,540000,Import Value
Dominica,1995,33000,Import Value
Dominican Republic,1995,55000,Import Value
Ecuador,1995,85000,Import Value
Egypt,1995,118567000,Import Value
El Salvador,1995,233000,Import Value
Estonia,1995,2457000,Import Value
Eswatini,1995,2100000,Import Value
Ethiopia,1995,8000,Import Value
Faroe Islands,1995,394000,Import Value
Fiji,1995,1402000,Import Value
Finland,1995,9204000,Import Value
France,1995,62063000,Import Value
French Polynesia,1995,402000,Import Value
Gabon,1995,248000,Import Value
Gambia,1995,721000,Import Value
Georgia,1995,400000,Import Value
Germany,1995,132417000,Import Value
Ghana,1995,900000,Import Value
Greece,1995,2685000,Import Value
Grenada,1995,60000,Import Value
Guatemala,1995,105000,Import Value
Guinea,1995,656000,Import Value
Guyana,1995,320000,Import Value
Honduras,1995,52000,Import Value
Hungary,1995,4207000,Import Value
Iceland,1995,736000,Import Value
India,1995,856000,Import Value
Indonesia,1995,293000,Import Value
Iran,1995,68000000,Import Value
Iraq,1995,24500000,Import Value
Ireland,1995,22079000,Import Value
Israel,1995,6188000,Import Value
Italy,1995,29753000,Import Value
Jamaica,1995,811000,Import Value
Japan,1995,184100000,Import Value
Jordan,1995,12062000,Import Value
Kazakhstan,1995,28833000,Import Value
Kenya,1995,1923000,Import Value
Kiribati,1995,346000,Import Value
Kuwait,1995,26257000,Import Value
Laos,1995,25000,Import Value
Latvia,1995,1048000,Import Value
Lebanon,1995,5200000,Import Value
Lesotho,1995,1400000,Import Value
Liberia,1995,3100000,Import Value
Libya,1995,36384000,Import Value
Lithuania,1995,1902000,Import Value
Madagascar,1995,10000,Import Value
Malawi,1995,1000,Import Value
Malaysia,1995,10882000,Import Value
Maldives,1995,413000,Import Value
Mali,1995,17000000,Import Value
Malta,1995,1869000,Import Value
Mauritania,1995,2500000,Import Value
Mauritius,1995,28000,Import Value
Mexico,1995,2099000,Import Value
Moldova,1995,216000,Import Value
Mongolia,1995,600000,Import Value
Morocco,1995,81368000,Import Value
Nepal,1995,1307000,Import Value
Netherlands,1995,49068000,Import Value
New Caledonia,1995,500000,Import Value
New Zealand,1995,11130000,Import Value
Nicaragua,1995,67000,Import Value
Niger,1995,1117000,Import Value
Nigeria,1995,14201000,Import Value
North Macedonia,1995,1062000,Import Value
Norway,1995,11406000,Import Value
Oman,1995,8508000,Import Value
Pakistan,1995,191193000,Import Value
Palestine,1995,4045000,Import Value
Panama,1995,735000,Import Value
Papua New Guinea,1995,330000,Import Value
Paraguay,1995,396000,Import Value
Philippines,1995,680000,Import Value
Poland,1995,65776000,Import Value
Portugal,1995,1536000,Import Value
Qatar,1995,6979000,Import Value
Romania,1995,738000,Import Value
Russia,1995,291411000,Import Value
Saint Kitts and Nevis,1995,44000,Import Value
Saint Lucia,1995,371000,Import Value
Saint Vincent and the Grenadines,1995,90000,Import Value
Samoa,1995,140000,Import Value
Saudi Arabia,1995,55152000,Import Value
Senegal,1995,9612000,Import Value
Seychelles,1995,99000,Import Value
Sierra Leone,1995,130000,Import Value
Singapore,1995,18260000,Import Value
Slovakia,1995,2211000,Import Value
Slovenia,1995,335000,Import Value
Solomon Islands,1995,23000,Import Value
Somalia,1995,5200000,Import Value
South Africa,1995,16154000,Import Value
South Korea,1995,706000,Import Value
Spain,1995,7835000,Import Value
Sri Lanka,1995,1316000,Import Value
Sudan,1995,26585000,Import Value
Suriname,1995,438000,Import Value
Sweden,1995,22675000,Import Value
Switzerland,1995,12783000,Import Value
Syria,1995,27512000,Import Value
Tajikistan,1995,1300000,Import Value
Tanzania,1995,42000,Import Value
Thailand,1995,1421000,Import Value
Timor-Leste,1995,165000,Import Value
Togo,1995,52000,Import Value
Tonga,1995,59000,Import Value
Trinidad and Tobago,1995,740000,Import Value
Tunisia,1995,11346000,Import Value
Turkmenistan,1995,8375000,Import Value
Tuvalu,1995,7000,Import Value
Türkiye,1995,3334000,Import Value
Uganda,1995,9000,Import Value
Ukraine,1995,10900000,Import Value
United Arab Emirates,1995,77332000,Import Value
United Kingdom,1995,296657000,Import Value
United States,1995,133801000,Import Value
Uruguay,1995,1632000,Import Value
Uzbekistan,1995,15379000,Import Value
Vanuatu,1995,10000,Import Value
Venezuela,1995,478000,Import Value
Yemen,1995,23613000,Import Value
Zambia,1995,77000,Import Value
Zimbabwe,1995,168000,Import Value
Afghanistan,1994,21000000,Import Value
Algeria,1994,21214000,Import Value
Angola,1994,170000,Import Value
Antigua and Barbuda,1994,280000,Import Value
Argentina,1994,1361000,Import Value
Armenia,1994,150000,Import Value
Australia,1994,44933000,Import Value
Austria,1994,7448000,Import Value
Azerbaijan,1994,4774000,Import Value
Bahamas,1994,762000,Import Value
Bahrain,1994,5991000,Import Value
Bangladesh,1994,16000,Import Value
Barbados,1994,905000,Import Value
Belarus,1994,2600000,Import Value
Belgium-Luxembourg,1994,21359000,Import Value
Belize,1994,171000,Import Value
Benin,1994,14000,Import Value
Bhutan,1994,227000,Import Value
Bolivia,1994,306000,Import Value
Bosnia and Herzegovina,1994,300000,Import Value
Botswana,1994,3161000,Import Value
Brazil,1994,455000,Import Value
Brunei Darussalam,1994,1187000,Import Value
Bulgaria,1994,759000,Import Value
Burkina Faso,1994,429000,Import Value
Cabo Verde,1994,28000,Import Value
Cameroon,1994,16000,Import Value
Canada,1994,60388000,Import Value
Central African Republic,1994,1000,Import Value
Chad,1994,1668000,Import Value
Chile,1994,18486000,Import Value
"China, Hong Kong SAR",1994,58744000,Import Value
"China, Macao SAR",1994,1108000,Import Value
"China, Mainland",1994,1941000,Import Value
"China, Taiwan Province of",1994,11150000,Import Value
Colombia,1994,261000,Import Value
Congo (Brazzaville),1994,59000,Import Value
Cook Islands,1994,55000,Import Value
Costa Rica,1994,1356000,Import Value
Croatia,1994,817000,Import Value
Cuba,1994,600000,Import Value
Cyprus,1994,1042000,Import Value
Czechia,1994,4707000,Import Value
Côte d'Ivoire,1994,1332000,Import Value
DR Congo,1994,30000,Import Value
Denmark,1994,9974000,Import Value
Djibouti,1994,600000,Import Value
Dominica,1994,48000,Import Value
Dominican Republic,1994,75000,Import Value
Ecuador,1994,46000,Import Value
Egypt,1994,89619000,Import Value
El Salvador,1994,117000,Import Value
Estonia,1994,1808000,Import Value
Eswatini,1994,2038000,Import Value
Ethiopia,1994,113000,Import Value
Faroe Islands,1994,455000,Import Value
Fiji,1994,1327000,Import Value
Finland,1994,9461000,Import Value
France,1994,58315000,Import Value
French Polynesia,1994,380000,Import Value
Gabon,1994,133000,Import Value
Gambia,1994,3500000,Import Value
Georgia,1994,160000,Import Value
Germany,1994,110023000,Import Value
Ghana,1994,620000,Import Value
Greece,1994,2340000,Import Value
Grenada,1994,60000,Import Value
Guatemala,1994,137000,Import Value
Guinea,1994,1000000,Import Value
Guyana,1994,170000,Import Value
Honduras,1994,70000,Import Value
Hungary,1994,4913000,Import Value
Iceland,1994,643000,Import Value
India,1994,351000,Import Value
Indonesia,1994,880000,Import Value
Iran,1994,44683000,Import Value
Iraq,1994,16000000,Import Value
Ireland,1994,24422000,Import Value
Israel,1994,7307000,Import Value
Italy,1994,31683000,Import Value
Jamaica,1994,762000,Import Value
Japan,1994,162927000,Import Value
Jordan,1994,13780000,Import Value
Kazakhstan,1994,13000000,Import Value
Kenya,1994,484000,Import Value
Kiribati,1994,165000,Import Value
Kuwait,1994,22743000,Import Value
Laos,1994,5000,Import Value
Latvia,1994,845000,Import Value
Lebanon,1994,3200000,Import Value
Lesotho,1994,1400000,Import Value
Liberia,1994,100000,Import Value
Libya,1994,11700000,Import Value
Lithuania,1994,1761000,Import Value
Madagascar,1994,12000,Import Value
Malawi,1994,293000,Import Value
Malaysia,1994,11019000,Import Value
Maldives,1994,413000,Import Value
Mali,1994,5100000,Import Value
Malta,1994,1627000,Import Value
Mauritania,1994,3200000,Import Value
Mauritius,1994,55000,Import Value
Mexico,1994,2136000,Import Value
Moldova,1994,549000,Import Value
Mongolia,1994,270000,Import Value
Morocco,1994,74063000,Import Value
Nepal,1994,1896000,Import Value
Netherlands,1994,52155000,Import Value
New Caledonia,1994,650000,Import Value
New Zealand,1994,9949000,Import Value
Nicaragua,1994,64000,Import Value
Niger,1994,381000,Import Value
Nigeria,1994,5600000,Import Value
North Macedonia,1994,1052000,Import Value
Norway,1994,10819000,Import Value
Oman,1994,9842000,Import Value
Pakistan,1994,185428000,Import Value
Panama,1994,1014000,Import Value
Papua New Guinea,1994,250000,Import Value
Paraguay,1994,298000,Import Value
Philippines,1994,756000,Import Value
Poland,1994,60126000,Import Value
Portugal,1994,1301000,Import Value
Qatar,1994,6594000,Import Value
Romania,1994,233000,Import Value
Russia,1994,260369000,Import Value
Saint Kitts and Nevis,1994,55000,Import Value
Saint Lucia,1994,206000,Import Value
Saint Vincent and the Grenadines,1994,70000,Import Value
Samoa,1994,170000,Import Value
Saudi Arabia,1994,30911000,Import Value
Senegal,1994,13300000,Import Value
Seychelles,1994,104000,Import Value
Sierra Leone,1994,170000,Import Value
Singapore,1994,22292000,Import Value
Slovakia,1994,1973000,Import Value
Slovenia,1994,383000,Import Value
Solomon Islands,1994,32000,Import Value
Somalia,1994,3000000,Import Value
South Africa,1994,14965000,Import Value
South Korea,1994,1452000,Import Value
Spain,1994,6897000,Import Value
Sri Lanka,1994,1054000,Import Value
Sudan,1994,24795000,Import Value
Suriname,1994,220000,Import Value
Sweden,1994,19786000,Import Value
Switzerland,1994,11606000,Import Value
Syria,1994,36283000,Import Value
Tajikistan,1994,1000000,Import Value
Thailand,1994,1588000,Import Value
Timor-Leste,1994,165000,Import Value
Togo,1994,31000,Import Value
Tonga,1994,77000,Import Value
Trinidad and Tobago,1994,1208000,Import Value
Tunisia,1994,19051000,Import Value
Turkmenistan,1994,920000,Import Value
Tuvalu,1994,8000,Import Value
Türkiye,1994,2798000,Import Value
Uganda,1994,9000,Import Value
Ukraine,1994,9400000,Import Value
United Arab Emirates,1994,88727000,Import Value
United Kingdom,1994,327301000,Import Value
United States,1994,151654000,Import Value
Uruguay,1994,1540000,Import Value
Uzbekistan,1994,25489000,Import Value
Vanuatu,1994,96000,Import Value
Venezuela,1994,240000,Import Value
Yemen,1994,19017000,Import Value
Zambia,1994,40000,Import Value
Zimbabwe,1994,12000,Import Value
Afghanistan,1993,28000000,Import Value
Algeria,1993,1954000,Import Value
Angola,1993,150000,Import Value
Antigua and Barbuda,1993,150000,Import Value
Argentina,1993,922000,Import Value
Australia,1993,40004000,Import Value
Austria,1993,6280000,Import Value
Azerbaijan,1993,4514000,Import Value
Bahamas,1993,700000,Import Value
Bahrain,1993,3000000,Import Value
Barbados,1993,920000,Import Value
Belarus,1993,450000,Import Value
Belgium-Luxembourg,1993,18376000,Import Value
Belize,1993,237000,Import Value
Benin,1993,55000,Import Value
Bhutan,1993,45000,Import Value
Bolivia,1993,234000,Import Value
Bosnia and Herzegovina,1993,200000,Import Value
Botswana,1993,3757000,Import Value
Brazil,1993,524000,Import Value
Brunei Darussalam,1993,900000,Import Value
Bulgaria,1993,583000,Import Value
Burkina Faso,1993,530000,Import Value
Cabo Verde,1993,26000,Import Value
Cameroon,1993,32000,Import Value
Canada,1993,58955000,Import Value
Central African Republic,1993,4000,Import Value
Chile,1993,16389000,Import Value
"China, Hong Kong SAR",1993,55720000,Import Value
"China, Macao SAR",1993,1767000,Import Value
"China, Mainland",1993,3639000,Import Value
"China, Taiwan Province of",1993,11571000,Import Value
Colombia,1993,334000,Import Value
Congo (Brazzaville),1993,55000,Import Value
Cook Islands,1993,35000,Import Value
Costa Rica,1993,749000,Import Value
Croatia,1993,753000,Import Value
Cuba,1993,600000,Import Value
Cyprus,1993,1226000,Import Value
Czechia,1993,8458000,Import Value
Côte d'Ivoire,1993,2551000,Import Value
Denmark,1993,8795000,Import Value
Djibouti,1993,700000,Import Value
Dominica,1993,32000,Import Value
Dominican Republic,1993,20000,Import Value
Ecuador,1993,4000,Import Value
Egypt,1993,107142000,Import Value
El Salvador,1993,162000,Import Value
Estonia,1993,1027000,Import Value
Eswatini,1993,1037000,Import Value
Ethiopia,1993,76000,Import Value
Faroe Islands,1993,477000,Import Value
Fiji,1993,1727000,Import Value
Finland,1993,7757000,Import Value
France,1993,60511000,Import Value
French Polynesia,1993,471000,Import Value
Gabon,1993,148000,Import Value
Gambia,1993,6500000,Import Value
Georgia,1993,110000,Import Value
Germany,1993,115071000,Import Value
Ghana,1993,1000000,Import Value
Greece,1993,3390000,Import Value
Grenada,1993,40000,Import Value
Guatemala,1993,56000,Import Value
Guinea,1993,250000,Import Value
Guyana,1993,160000,Import Value
Honduras,1993,45000,Import Value
Hungary,1993,3919000,Import Value
Iceland,1993,652000,Import Value
India,1993,1278000,Import Value
Indonesia,1993,777000,Import Value
Iran,1993,126400000,Import Value
Iraq,1993,24500000,Import Value
Ireland,1993,23548000,Import Value
Israel,1993,5523000,Import Value
Italy,1993,30552000,Import Value
Jamaica,1993,816000,Import Value
Japan,1993,146291000,Import Value
Jordan,1993,11110000,Import Value
Kazakhstan,1993,15130000,Import Value
Kenya,1993,36000,Import Value
Kiribati,1993,200000,Import Value
Kuwait,1993,16517000,Import Value
Latvia,1993,961000,Import Value
Lebanon,1993,3600000,Import Value
Lesotho,1993,1400000,Import Value
Liberia,1993,7000000,Import Value
Libya,1993,20500000,Import Value
Lithuania,1993,600000,Import Value
Madagascar,1993,4000,Import Value
Malawi,1993,22000,Import Value
Malaysia,1993,8971000,Import Value
Maldives,1993,518000,Import Value
Mali,1993,4200000,Import Value
Malta,1993,1660000,Import Value
Mauritania,1993,5200000,Import Value
Mauritius,1993,89000,Import Value
Mexico,1993,1380000,Import Value
Mongolia,1993,5200000,Import Value
Morocco,1993,70957000,Import Value
Nepal,1993,1282000,Import Value
Netherlands,1993,54605000,Import Value
New Caledonia,1993,600000,Import Value
New Zealand,1993,9613000,Import Value
Nicaragua,1993,66000,Import Value
Niger,1993,900000,Import Value
Nigeria,1993,4800000,Import Value
North Macedonia,1993,714000,Import Value
Norway,1993,10395000,Import Value
Oman,1993,8850000,Import Value
Pakistan,1993,210045000,Import Value
Panama,1993,656000,Import Value
Papua New Guinea,1993,270000,Import Value
Paraguay,1993,193000,Import Value
Philippines,1993,574000,Import Value
Poland,1993,60620000,Import Value
Portugal,1993,1702000,Import Value
Qatar,1993,5813000,Import Value
Romania,1993,547000,Import Value
Russia,1993,247000000,Import Value
Saint Kitts and Nevis,1993,65000,Import Value
Saint Lucia,1993,255000,Import Value
Saint Vincent and the Grenadines,1993,45000,Import Value
Samoa,1993,120000,Import Value
Saudi Arabia,1993,46169000,Import Value
Senegal,1993,6181000,Import Value
Seychelles,1993,140000,Import Value
Sierra Leone,1993,100000,Import Value
Singapore,1993,24764000,Import Value
Slovakia,1993,1819000,Import Value
Slovenia,1993,494000,Import Value
Solomon Islands,1993,130000,Import Value
Somalia,1993,2100000,Import Value
South Africa,1993,17537000,Import Value
South Korea,1993,303000,Import Value
Spain,1993,7280000,Import Value
Sri Lanka,1993,4116000,Import Value
Sudan,1993,28555000,Import Value
Suriname,1993,200000,Import Value
Sweden,1993,16644000,Import Value
Switzerland,1993,11507000,Import Value
Syria,1993,35325000,Import Value
Tajikistan,1993,1300000,Import Value
Thailand,1993,1227000,Import Value
Timor-Leste,1993,160000,Import Value
Togo,1993,88000,Import Value
Tonga,1993,70000,Import Value
Trinidad and Tobago,1993,752000,Import Value
Tunisia,1993,17249000,Import Value
Turkmenistan,1993,4092000,Import Value
Tuvalu,1993,5000,Import Value
Türkiye,1993,4605000,Import Value
Ukraine,1993,31000000,Import Value
United Arab Emirates,1993,77508000,Import Value
United Kingdom,1993,341816000,Import Value
United States,1993,138342000,Import Value
Uruguay,1993,1224000,Import Value
Uzbekistan,1993,25000000,Import Value
Vanuatu,1993,100000,Import Value
Venezuela,1993,314000,Import Value
Yemen,1993,13884000,Import Value
Zimbabwe,1993,13000,Import Value
Afghanistan,1992,18300000,Import Value
Algeria,1992,94786000,Import Value
Angola,1992,120000,Import Value
Antigua and Barbuda,1992,60000,Import Value
Argentina,1992,819000,Import Value
Australia,1992,42537000,Import Value
Austria,1992,7006000,Import Value
Bahamas,1992,889000,Import Value
Bahrain,1992,4300000,Import Value
Barbados,1992,697000,Import Value
Belarus,1992,700000,Import Value
Belgium-Luxembourg,1992,21536000,Import Value
Belize,1992,320000,Import Value
Benin,1992,3000,Import Value
Bhutan,1992,158000,Import Value
Bolivia,1992,273000,Import Value
Bosnia and Herzegovina,1992,110000,Import Value
Botswana,1992,3044000,Import Value
Brazil,1992,334000,Import Value
Brunei Darussalam,1992,680000,Import Value
Bulgaria,1992,59000,Import Value
Burkina Faso,1992,520000,Import Value
Cabo Verde,1992,51000,Import Value
Canada,1992,62081000,Import Value
Central African Republic,1992,6000,Import Value
Chile,1992,15921000,Import Value
"China, Hong Kong SAR",1992,73530000,Import Value
"China, Macao SAR",1992,1909000,Import Value
"China, Mainland",1992,3399000,Import Value
"China, Taiwan Province of",1992,8699000,Import Value
Colombia,1992,79000,Import Value
Congo (Brazzaville),1992,81000,Import Value
Cook Islands,1992,40000,Import Value
Costa Rica,1992,959000,Import Value
Croatia,1992,644000,Import Value
Cuba,1992,600000,Import Value
Cyprus,1992,1203000,Import Value
Czechoslovakia,1992,5462000,Import Value
Côte d'Ivoire,1992,4000000,Import Value
Denmark,1992,10356000,Import Value
Djibouti,1992,529000,Import Value
Dominica,1992,40000,Import Value
Dominican Republic,1992,140000,Import Value
Ecuador,1992,8000,Import Value
Egypt,1992,168460000,Import Value
El Salvador,1992,180000,Import Value
Estonia,1992,261000,Import Value
Eswatini,1992,2138000,Import Value
Ethiopia,1992,345000,Import Value
Faroe Islands,1992,696000,Import Value
Fiji,1992,1381000,Import Value
Finland,1992,8240000,Import Value
France,1992,63852000,Import Value
French Polynesia,1992,380000,Import Value
Gabon,1992,190000,Import Value
Gambia,1992,10100000,Import Value
Germany,1992,87717000,Import Value
Ghana,1992,780000,Import Value
Greece,1992,3692000,Import Value
Grenada,1992,40000,Import Value
Guatemala,1992,18000,Import Value
Guinea,1992,1620000,Import Value
Guyana,1992,80000,Import Value
Honduras,1992,25000,Import Value
Hungary,1992,1589000,Import Value
Iceland,1992,566000,Import Value
India,1992,1954000,Import Value
Indonesia,1992,714000,Import Value
Iran,1992,214833000,Import Value
Iraq,1992,32000000,Import Value
Ireland,1992,25467000,Import Value
Israel,1992,6369000,Import Value
Italy,1992,41382000,Import Value
Jamaica,1992,345000,Import Value
Japan,1992,160367000,Import Value
Jordan,1992,11746000,Import Value
Kazakhstan,1992,9207000,Import Value
Kenya,1992,232000,Import Value
Kiribati,1992,154000,Import Value
Kuwait,1992,14156000,Import Value
Latvia,1992,131000,Import Value
Lebanon,1992,7100000,Import Value
Lesotho,1992,1400000,Import Value
Liberia,1992,100000,Import Value
Libya,1992,40000000,Import Value
Lithuania,1992,550000,Import Value
Madagascar,1992,8000,Import Value
Malawi,1992,6000,Import Value
Malaysia,1992,9497000,Import Value
Maldives,1992,370000,Import Value
Mali,1992,21389000,Import Value
Malta,1992,2041000,Import Value
Mauritania,1992,18022000,Import Value
Mauritius,1992,31000,Import Value
Mexico,1992,1536000,Import Value
Moldova,1992,23000,Import Value
Mongolia,1992,3500000,Import Value
Morocco,1992,73961000,Import Value
Nepal,1992,1200000,Import Value
Netherlands,1992,58227000,Import Value
New Caledonia,1992,520000,Import Value
New Zealand,1992,9271000,Import Value
Nicaragua,1992,135000,Import Value
Niger,1992,1000000,Import Value
Nigeria,1992,5149000,Import Value
North Macedonia,1992,2606000,Import Value
Norway,1992,11686000,Import Value
Oman,1992,8100000,Import Value
Pakistan,1992,171685000,Import Value
Panama,1992,535000,Import Value
Papua New Guinea,1992,280000,Import Value
Paraguay,1992,138000,Import Value
Philippines,1992,338000,Import Value
Poland,1992,36708000,Import Value
Portugal,1992,1453000,Import Value
Qatar,1992,6336000,Import Value
Romania,1992,167000,Import Value
Russia,1992,154800000,Import Value
Saint Kitts and Nevis,1992,50000,Import Value
Saint Lucia,1992,198000,Import Value
Saint Vincent and the Grenadines,1992,90000,Import Value
Samoa,1992,130000,Import Value
Saudi Arabia,1992,38036000,Import Value
Senegal,1992,8519000,Import Value
Seychelles,1992,107000,Import Value
Sierra Leone,1992,310000,Import Value
Singapore,1992,16556000,Import Value
Slovenia,1992,460000,Import Value
Solomon Islands,1992,200000,Import Value
Somalia,1992,1700000,Import Value
South Africa,1992,17277000,Import Value
South Korea,1992,328000,Import Value
Spain,1992,8833000,Import Value
Sri Lanka,1992,2727000,Import Value
Sudan,1992,9500000,Import Value
Suriname,1992,408000,Import Value
Sweden,1992,18183000,Import Value
Switzerland,1992,12147000,Import Value
Syria,1992,30298000,Import Value
Thailand,1992,1207000,Import Value
Timor-Leste,1992,160000,Import Value
Togo,1992,103000,Import Value
Tonga,1992,51000,Import Value
Trinidad and Tobago,1992,949000,Import Value
Tunisia,1992,21686000,Import Value
Türkiye,1992,2439000,Import Value
Ukraine,1992,20000000,Import Value
United Arab Emirates,1992,42044000,Import Value
United Kingdom,1992,329408000,Import Value
United States,1992,146069000,Import Value
Uruguay,1992,1418000,Import Value
Uzbekistan,1992,9700000,Import Value
Vanuatu,1992,99000,Import Value
Venezuela,1992,270000,Import Value
Yemen,1992,17026000,Import Value
Zambia,1992,9000,Import Value
Zimbabwe,1992,4000,Import Value
Afghanistan,1991,26320000,Import Value
Algeria,1991,764000,Import Value
Angola,1991,400000,Import Value
Antigua and Barbuda,1991,105000,Import Value
Argentina,1991,221000,Import Value
Australia,1991,41957000,Import Value
Austria,1991,6053000,Import Value
Bahamas,1991,940000,Import Value
Bahrain,1991,4200000,Import Value
Barbados,1991,1063000,Import Value
Belgium-Luxembourg,1991,15017000,Import Value
Belize,1991,230000,Import Value
Benin,1991,39000,Import Value
Bhutan,1991,194000,Import Value
Bolivia,1991,101000,Import Value
Botswana,1991,3029000,Import Value
Brazil,1991,516000,Import Value
Brunei Darussalam,1991,700000,Import Value
Bulgaria,1991,438000,Import Value
Burkina Faso,1991,321000,Import Value
Cabo Verde,1991,27000,Import Value
Cameroon,1991,19000,Import Value
Canada,1991,60278000,Import Value
Central African Republic,1991,16000,Import Value
Chile,1991,16129000,Import Value
"China, Hong Kong SAR",1991,60204000,Import Value
"China, Macao SAR",1991,1232000,Import Value
"China, Mainland",1991,4078000,Import Value
"China, Taiwan Province of",1991,8059000,Import Value
Colombia,1991,33000,Import Value
Congo (Brazzaville),1991,39000,Import Value
Cook Islands,1991,42000,Import Value
Costa Rica,1991,1137000,Import Value
Cuba,1991,637000,Import Value
Cyprus,1991,1060000,Import Value
Czechoslovakia,1991,3921000,Import Value
Côte d'Ivoire,1991,4300000,Import Value
Denmark,1991,10629000,Import Value
Djibouti,1991,592000,Import Value
Dominica,1991,45000,Import Value
Dominican Republic,1991,30000,Import Value
Ecuador,1991,2000,Import Value
Egypt,1991,155296000,Import Value
El Salvador,1991,83000,Import Value
Eswatini,1991,960000,Import Value
Ethiopia,1991,314000,Import Value
Faroe Islands,1991,603000,Import Value
Fiji,1991,1568000,Import Value
Finland,1991,8070000,Import Value
France,1991,63110000,Import Value
French Polynesia,1991,292000,Import Value
Gabon,1991,100000,Import Value
Gambia,1991,7229000,Import Value
Germany,1991,85890000,Import Value
Ghana,1991,570000,Import Value
Greece,1991,3286000,Import Value
Grenada,1991,68000,Import Value
Guatemala,1991,13000,Import Value
Guinea,1991,500000,Import Value
Guyana,1991,140000,Import Value
Honduras,1991,47000,Import Value
Hungary,1991,1710000,Import Value
Iceland,1991,822000,Import Value
Indonesia,1991,1016000,Import Value
Iran,1991,114983000,Import Value
Iraq,1991,67000000,Import Value
Ireland,1991,28795000,Import Value
Israel,1991,6718000,Import Value
Italy,1991,36705000,Import Value
Jamaica,1991,681000,Import Value
Japan,1991,138778000,Import Value
Jordan,1991,14670000,Import Value
Kenya,1991,325000,Import Value
Kiribati,1991,198000,Import Value
Kuwait,1991,7257000,Import Value
Lebanon,1991,10700000,Import Value
Lesotho,1991,1400000,Import Value
Liberia,1991,1200000,Import Value
Libya,1991,30121000,Import Value
Madagascar,1991,3000,Import Value
Malawi,1991,43000,Import Value
Malaysia,1991,8347000,Import Value
Maldives,1991,660000,Import Value
Mali,1991,600000,Import Value
Malta,1991,1864000,Import Value
Mauritania,1991,13404000,Import Value
Mauritius,1991,43000,Import Value
Mexico,1991,1300000,Import Value
Mongolia,1991,3700000,Import Value
Morocco,1991,60563000,Import Value
Myanmar,1991,11000,Import Value
Nepal,1991,2344000,Import Value
Netherlands,1991,53358000,Import Value
New Caledonia,1991,362000,Import Value
New Zealand,1991,9400000,Import Value
Nicaragua,1991,77000,Import Value
Niger,1991,1000000,Import Value
Nigeria,1991,5382000,Import Value
Norway,1991,12337000,Import Value
Oman,1991,8293000,Import Value
Pakistan,1991,164064000,Import Value
Panama,1991,781000,Import Value
Papua New Guinea,1991,220000,Import Value
Paraguay,1991,287000,Import Value
Philippines,1991,361000,Import Value
Poland,1991,16726000,Import Value
Portugal,1991,1705000,Import Value
Qatar,1991,5989000,Import Value
Romania,1991,602000,Import Value
Russia,1991,378000000,Import Value
Saint Kitts and Nevis,1991,60000,Import Value
Saint Lucia,1991,325000,Import Value
Saint Vincent and the Grenadines,1991,55000,Import Value
Samoa,1991,80000,Import Value
Saudi Arabia,1991,74545000,Import Value
Senegal,1991,4139000,Import Value
Seychelles,1991,146000,Import Value
Sierra Leone,1991,250000,Import Value
Singapore,1991,17181000,Import Value
Solomon Islands,1991,150000,Import Value
Somalia,1991,1800000,Import Value
South Africa,1991,11789000,Import Value
South Korea,1991,154000,Import Value
Spain,1991,7544000,Import Value
Sri Lanka,1991,1014000,Import Value
Sudan,1991,15000000,Import Value
Suriname,1991,326000,Import Value
Sweden,1991,18693000,Import Value
Switzerland,1991,11273000,Import Value
Syria,1991,35486000,Import Value
Thailand,1991,905000,Import Value
Timor-Leste,1991,160000,Import Value
Togo,1991,100000,Import Value
Tonga,1991,77000,Import Value
Trinidad and Tobago,1991,872000,Import Value
Tunisia,1991,19841000,Import Value
Tuvalu,1991,20000,Import Value
Türkiye,1991,3807000,Import Value
United Arab Emirates,1991,63385000,Import Value
United Kingdom,1991,332588000,Import Value
United States,1991,139004000,Import Value
Uruguay,1991,1346000,Import Value
Vanuatu,1991,84000,Import Value
Venezuela,1991,226000,Import Value
Yemen,1991,16000000,Import Value
Yugoslav SFR,1991,3400000,Import Value
Zambia,1991,2000,Import Value
Zimbabwe,1991,97000,Import Value
Afghanistan,1990,35100000,Import Value
Algeria,1990,16636000,Import Value
Angola,1990,360000,Import Value
Antigua and Barbuda,1990,85000,Import Value
Argentina,1990,66000,Import Value
Australia,1990,41655000,Import Value
Austria,1990,7473000,Import Value
Bahamas,1990,811000,Import Value
Bahrain,1990,3700000,Import Value
Barbados,1990,1097000,Import Value
Belgium-Luxembourg,1990,14941000,Import Value
Belize,1990,348000,Import Value
Benin,1990,1300000,Import Value
Bhutan,1990,250000,Import Value
Bolivia,1990,70000,Import Value
Botswana,1990,4193000,Import Value
Brazil,1990,286000,Import Value
Brunei Darussalam,1990,650000,Import Value
Bulgaria,1990,2811000,Import Value
Burkina Faso,1990,400000,Import Value
Cabo Verde,1990,14000,Import Value
Cameroon,1990,63000,Import Value
Canada,1990,58444000,Import Value
Central African Republic,1990,29000,Import Value
Chad,1990,2900000,Import Value
Chile,1990,14363000,Import Value
"China, Hong Kong SAR",1990,57522000,Import Value
"China, Macao SAR",1990,1070000,Import Value
"China, Mainland",1990,7091000,Import Value
"China, Taiwan Province of",1990,5049000,Import Value
Colombia,1990,61000,Import Value
Congo (Brazzaville),1990,66000,Import Value
Cook Islands,1990,40000,Import Value
Costa Rica,1990,1076000,Import Value
Cuba,1990,900000,Import Value
Cyprus,1990,868000,Import Value
Czechoslovakia,1990,8148000,Import Value
Côte d'Ivoire,1990,2900000,Import Value
Denmark,1990,9600000,Import Value
Djibouti,1990,715000,Import Value
Dominica,1990,27000,Import Value
Dominican Republic,1990,100000,Import Value
Ecuador,1990,6000,Import Value
Egypt,1990,137485000,Import Value
El Salvador,1990,76000,Import Value
Eswatini,1990,944000,Import Value
Ethiopia,1990,3556000,Import Value
Faroe Islands,1990,722000,Import Value
Fiji,1990,1664000,Import Value
Finland,1990,8607000,Import Value
France,1990,67959000,Import Value
French Polynesia,1990,363000,Import Value
Gabon,1990,143000,Import Value
Gambia,1990,11076000,Import Value
Germany,1990,84951000,Import Value
Ghana,1990,430000,Import Value
Greece,1990,2286000,Import Value
Grenada,1990,61000,Import Value
Guatemala,1990,6000,Import Value
Guinea,1990,2900000,Import Value
Guinea-Bissau,1990,130000,Import Value
Guyana,1990,170000,Import Value
Honduras,1990,50000,Import Value
Hungary,1990,4225000,Import Value
Iceland,1990,654000,Import Value
Indonesia,1990,9005000,Import Value
Iran,1990,117000000,Import Value
Iraq,1990,70000000,Import Value
Ireland,1990,34283000,Import Value
Israel,1990,7661000,Import Value
Italy,1990,31459000,Import Value
Jamaica,1990,533000,Import Value
Japan,1990,132896000,Import Value
Jordan,1990,15338000,Import Value
Kenya,1990,54000,Import Value
Kiribati,1990,188000,Import Value
Kuwait,1990,11093000,Import Value
Lebanon,1990,7200000,Import Value
Lesotho,1990,1180000,Import Value
Liberia,1990,2400000,Import Value
Libya,1990,49110000,Import Value
Madagascar,1990,25000,Import Value
Malawi,1990,1000,Import Value
Malaysia,1990,8156000,Import Value
Maldives,1990,580000,Import Value
Mali,1990,3800000,Import Value
Malta,1990,1991000,Import Value
Mauritania,1990,24000000,Import Value
Mauritius,1990,31000,Import Value
Mexico,1990,1434000,Import Value
Mongolia,1990,6000000,Import Value
Morocco,1990,71022000,Import Value
Nepal,1990,1570000,Import Value
Netherlands,1990,53595000,Import Value
New Caledonia,1990,400000,Import Value
New Zealand,1990,10028000,Import Value
Niger,1990,2544000,Import Value
Nigeria,1990,1481000,Import Value
Norway,1990,11237000,Import Value
Oman,1990,7011000,Import Value
Pakistan,1990,182161000,Import Value
Panama,1990,570000,Import Value
Papua New Guinea,1990,631000,Import Value
Paraguay,1990,132000,Import Value
Philippines,1990,510000,Import Value
Poland,1990,29850000,Import Value
Portugal,1990,1148000,Import Value
Qatar,1990,5500000,Import Value
Romania,1990,123000,Import Value
Russia,1990,725498000,Import Value
Saint Kitts and Nevis,1990,45000,Import Value
Saint Lucia,1990,150000,Import Value
Saint Vincent and the Grenadines,1990,47000,Import Value
Samoa,1990,147000,Import Value
Saudi Arabia,1990,75865000,Import Value
Senegal,1990,12791000,Import Value
Seychelles,1990,107000,Import Value
Sierra Leone,1990,200000,Import Value
Singapore,1990,22242000,Import Value
Solomon Islands,1990,270000,Import Value
Somalia,1990,2400000,Import Value
South Africa,1990,14715000,Import Value
South Korea,1990,140000,Import Value
Spain,1990,7331000,Import Value
Sri Lanka,1990,3143000,Import Value
Sudan,1990,17000000,Import Value
Suriname,1990,432000,Import Value
Sweden,1990,18934000,Import Value
Switzerland,1990,11142000,Import Value
Syria,1990,30096000,Import Value
Thailand,1990,907000,Import Value
Timor-Leste,1990,150000,Import Value
Togo,1990,185000,Import Value
Tonga,1990,50000,Import Value
Trinidad and Tobago,1990,819000,Import Value
Tunisia,1990,17838000,Import Value
Türkiye,1990,1096000,Import Value
United Arab Emirates,1990,49544000,Import Value
United Kingdom,1990,380884000,Import Value
United States,1990,141624000,Import Value
Uruguay,1990,1313000,Import Value
Vanuatu,1990,78000,Import Value
Venezuela,1990,173000,Import Value
Yemen,1990,11863000,Import Value
Yugoslav SFR,1990,11087000,Import Value
Zambia,1990,5000,Import Value
Zimbabwe,1990,101000,Import Value
Afghanistan,2021,34400000,Import Value
Albania,2021,9411000,Import Value
Algeria,2021,57912000,Import Value
Angola,2021,3145000,Import Value
Antigua and Barbuda,2021,119000,Import Value
Argentina,2021,1922000,Import Value
Armenia,2021,2847000,Import Value
Australia,2021,115295000,Import Value
Austria,2021,25040000,Import Value
Azerbaijan,2021,61858000,Import Value
Bahamas,2021,974000,Import Value
Bahrain,2021,15780000,Import Value
Bangladesh,2021,5236000,Import Value
Barbados,2021,1728000,Import Value
Belarus,2021,44589000,Import Value
Belgium,2021,81983000,Import Value
Belize,2021,736000,Import Value
Benin,2021,290000,Import Value
Bhutan,2021,1854000,Import Value
Bolivia,2021,1333000,Import Value
Bosnia and Herzegovina,2021,624000,Import Value
Botswana,2021,8722000,Import Value
Brazil,2021,3054000,Import Value
Brunei Darussalam,2021,1817000,Import Value
Bulgaria,2021,3390000,Import Value
Burkina Faso,2021,3073000,Import Value
Burundi,2021,24000,Import Value
Cabo Verde,2021,302000,Import Value
Cambodia,2021,2022000,Import Value
Cameroon,2021,12769000,Import Value
Canada,2021,141553000,Import Value
Central African Republic,2021,85000,Import Value
Chad,2021,4100000,Import Value
Chile,2021,63660000,Import Value
"China, Hong Kong SAR",2021,262202000,Import Value
"China, Macao SAR",2021,12177000,Import Value
"China, Mainland",2021,184658000,Import Value
"China, Taiwan Province of",2021,88099000,Import Value
Colombia,2021,2340000,Import Value
Comoros,2021,39000,Import Value
Congo (Brazzaville),2021,552000,Import Value
Cook Islands,2021,182000,Import Value
Costa Rica,2021,1516000,Import Value
Croatia,2021,2188000,Import Value
Cuba,2021,253000,Import Value
Cyprus,2021,2268000,Import Value
Czechia,2021,29332000,Import Value
Côte d'Ivoire,2021,26779000,Import Value
DR Congo,2021,1900000,Import Value
Denmark,2021,45186000,Import Value
Djibouti,2021,1308000,Import Value
Dominica,2021,31000,Import Value
Dominican Republic,2021,1120000,Import Value
Ecuador,2021,463000,Import Value
Egypt,2021,221129000,Import Value
El Salvador,2021,664000,Import Value
Equatorial Guinea,2021,349000,Import Value
Eritrea,2021,773000,Import Value
Estonia,2021,6274000,Import Value
Eswatini,2021,3195000,Import Value
Ethiopia,2021,243000,Import Value
Faroe Islands,2021,279000,Import Value
Fiji,2021,3202000,Import Value
Finland,2021,11735000,Import Value
France,2021,172826000,Import Value
French Polynesia,2021,527000,Import Value
Gabon,2021,2258000,Import Value
Gambia,2021,2127000,Import Value
Georgia,2021,9007000,Import Value
Germany,2021,244021000,Import Value
Ghana,2021,143100000,Import Value
Greece,2021,6855000,Import Value
Grenada,2021,196000,Import Value
Guatemala,2021,2569000,Import Value
Guinea,2021,24459000,Import Value
Guinea-Bissau,2021,118000,Import Value
Guyana,2021,1607000,Import Value
Haiti,2021,17000,Import Value
Honduras,2021,543000,Import Value
Hungary,2021,10085000,Import Value
Iceland,2021,1468000,Import Value
India,2021,59406000,Import Value
Indonesia,2021,23019000,Import Value
Iran,2021,233558000,Import Value
Iraq,2021,220693000,Import Value
Ireland,2021,42146000,Import Value
Israel,2021,9983000,Import Value
Italy,2021,84498000,Import Value
Jamaica,2021,1147000,Import Value
Japan,2021,173976000,Import Value
Jordan,2021,42851000,Import Value
Kazakhstan,2021,108562000,Import Value
Kenya,2021,14208000,Import Value
Kiribati,2021,182000,Import Value
Kuwait,2021,61392000,Import Value
Kyrgyzstan,2021,12490000,Import Value
Laos,2021,2314000,Import Value
Latvia,2021,11527000,Import Value
Lebanon,2021,22753000,Import Value
Lesotho,2021,2921000,Import Value
Liberia,2021,1944000,Import Value
Libya,2021,75232000,Import Value
Lithuania,2021,11164000,Import Value
Luxembourg,2021,3511000,Import Value
Madagascar,2021,110000,Import Value
Malawi,2021,185000,Import Value
Malaysia,2021,88804000,Import Value
Maldives,2021,2475000,Import Value
Mali,2021,34787000,Import Value
Malta,2021,2058000,Import Value
Mauritania,2021,24290000,Import Value
Mauritius,2021,1646000,Import Value
Mexico,2021,8770000,Import Value
Moldova,2021,7357000,Import Value
Mongolia,2021,5213000,Import Value
Montenegro,2021,365000,Import Value
Morocco,2021,207481000,Import Value
Mozambique,2021,3778000,Import Value
Myanmar,2021,3819000,Import Value
Namibia,2021,4421000,Import Value
Nauru,2021,28000,Import Value
Nepal,2021,1009000,Import Value
Netherlands,2021,158674000,Import Value
New Caledonia,2021,996000,Import Value
New Zealand,2021,20702000,Import Value
Nicaragua,2021,689000,Import Value
Niger,2021,24753000,Import Value
Nigeria,2021,20761000,Import Value
Niue,2021,17000,Import Value
North Macedonia,2021,528000,Import Value
Norway,2021,18751000,Import Value
Oman,2021,36099000,Import Value
Pakistan,2021,594730000,Import Value
Palestine,2021,1724000,Import Value
Panama,2021,4090000,Import Value
Papua New Guinea,2021,374000,Import Value
Paraguay,2021,1085000,Import Value
Peru,2021,4556000,Import Value
Philippines,2021,11016000,Import Value
Poland,2021,122875000,Import Value
Portugal,2021,6763000,Import Value
Qatar,2021,26201000,Import Value
Romania,2021,4944000,Import Value
Russia,2021,436239000,Import Value
Rwanda,2021,221000,Import Value
Saint Kitts and Nevis,2021,27000,Import Value
Saint Lucia,2021,211000,Import Value
Saint Vincent and the Grenadines,2021,99000,Import Value
Samoa,2021,330000,Import Value
Sao Tome and Principe,2021,39000,Import Value
Saudi Arabia,2021,189383000,Import Value
Senegal,2021,6591000,Import Value
Serbia,2021,784000,Import Value
Seychelles,2021,660000,Import Value
Sierra Leone,2021,2473000,Import Value
Singapore,2021,44052000,Import Value
Slovakia,2021,3683000,Import Value
Slovenia,2021,2061000,Import Value
Solomon Islands,2021,156000,Import Value
Somalia,2021,9737000,Import Value
South Africa,2021,37518000,Import Value
South Korea,2021,24895000,Import Value
Spain,2021,51000000,Import Value
Sri Lanka,2021,18271000,Import Value
Sudan,2021,45203000,Import Value
Suriname,2021,1215000,Import Value
Sweden,2021,31689000,Import Value
Switzerland,2021,40239000,Import Value
Syria,2021,45228000,Import Value
Tajikistan,2021,6580000,Import Value
Tanzania,2021,470000,Import Value
Thailand,2021,22778000,Import Value
Timor-Leste,2021,461000,Import Value
Togo,2021,744000,Import Value
Tonga,2021,53000,Import Value
Trinidad and Tobago,2021,2470000,Import Value
Tunisia,2021,13792000,Import Value
Turkmenistan,2021,8107000,Import Value
Tuvalu,2021,16000,Import Value
Türkiye,2021,41531000,Import Value
Uganda,2021,473000,Import Value
Ukraine,2021,56528000,Import Value
United Arab Emirates,2021,187574000,Import Value
United Kingdom,2021,307439000,Import Value
United States,2021,531758000,Import Value
Uruguay,2021,1920000,Import Value
Uzbekistan,2021,42840000,Import Value
Vanuatu,2021,82000,Import Value
Venezuela,2021,122000,Import Value
Vietnam,2021,227982000,Import Value
Yemen,2021,54342000,Import Value
Zambia,2021,2304000,Import Value
Zimbabwe,2021,1045000,Import Value
